Date	Cases	Deaths	Cases_New	Deaths_New	Cases_Last_Week	Deaths_Last_Week	Cases_Per_Million	Deaths_Per_Million	Cases_New_Per_Million	Deaths_New_Per_Million	Cases_Last_Week_Per_Million	Deaths_Last_Week_Per_Million	DIVI_Intensivstationen_Covid_Prozent	DIVI_Intensivstationen_Betten_belegt_Prozent	Cases_Last_Week_7Day_Percent
2020-01-02	0	0	0	0	0	0	0	0	0	0.0	0	0.0			
2020-01-03	0	0	0	0	0	0	0	0	0	0.0	0	0.0			
2020-01-04	0	0	0	0	0	0	0	0	0	0.0	0	0.0			
2020-01-05	0	0	0	0	0	0	0	0	0	0.0	0	0.0			
2020-01-06	0	0	0	0	0	0	0	0	0	0.0	0	0.0			
2020-01-07	0	0	0	0	0	0	0	0	0	0.0	0	0.0			
2020-01-08	0	0	0	0	0	0	0	0	0	0.0	0	0.0			
2020-01-09	0	0	0	0	0	0	0	0	0	0.0	0	0.0			0
2020-01-10	0	0	0	0	0	0	0	0	0	0.0	0	0.0			0
2020-01-11	0	0	0	0	0	0	0	0	0	0.0	0	0.0			0
2020-01-12	0	0	0	0	0	0	0	0	0	0.0	0	0.0			0
2020-01-13	0	0	0	0	0	0	0	0	0	0.0	0	0.0			0
2020-01-14	0	0	0	0	0	0	0	0	0	0.0	0	0.0			0
2020-01-15	0	0	0	0	0	0	0	0	0	0.0	0	0.0			0
2020-01-16	0	0	0	0	0	0	0	0	0	0.0	0	0.0			0
2020-01-17	0	0	0	0	0	0	0	0	0	0.0	0	0.0			0
2020-01-18	0	0	0	0	0	0	0	0	0	0.0	0	0.0			0
2020-01-19	0	0	0	0	0	0	0	0	0	0.0	0	0.0			0
2020-01-20	0	0	0	0	0	0	0	0	0	0.0	0	0.0			0
2020-01-21	0	0	0	0	0	0	0	0	0	0.0	0	0.0			0
2020-01-22	0	0	0	0	0	0	0	0	0	0.0	0	0.0			0
2020-01-23	0	0	0	0	0	0	0	0	0	0.0	0	0.0			0
2020-01-24	0	0	0	0	0	0	0	0	0	0.0	0	0.0			0
2020-01-25	0	0	0	0	0	0	0	0	0	0.0	0	0.0			0
2020-01-26	0	0	0	0	0	0	0	0	0	0.0	0	0.0			0
2020-01-27	0	0	0	0	0	0	0	0	0	0.0	0	0.0			0
2020-01-28	0	0	0	0	0	0	0	0	0	0.0	0	0.0			0
2020-01-29	0	0	0	0	0	0	0	0	0	0.0	0	0.0			0
2020-01-30	0	0	0	0	0	0	0	0	0	0.0	0	0.0			0
2020-01-31	0	0	0	0	0	0	0	0	0	0.0	0	0.0			0
2020-02-01	0	0	0	0	0	0	0	0	0	0.0	0	0.0			0
2020-02-02	0	0	0	0	0	0	0	0	0	0.0	0	0.0			0
2020-02-03	0	0	0	0	0	0	0	0	0	0.0	0	0.0			0
2020-02-04	0	0	0	0	0	0	0	0	0	0.0	0	0.0			0
2020-02-05	0	0	0	0	0	0	0	0	0	0.0	0	0.0			0
2020-02-06	0	0	0	0	0	0	0	0	0	0.0	0	0.0			0
2020-02-07	0	0	0	0	0	0	0	0	0	0.0	0	0.0			0
2020-02-08	0	0	0	0	0	0	0	0	0	0.0	0	0.0			0
2020-02-09	0	0	0	0	0	0	0	0	0	0.0	0	0.0			0
2020-02-10	0	0	0	0	0	0	0	0	0	0.0	0	0.0			0
2020-02-11	0	0	0	0	0	0	0	0	0	0.0	0	0.0			0
2020-02-12	0	0	0	0	0	0	0	0	0	0.0	0	0.0			0
2020-02-13	0	0	0	0	0	0	0	0	0	0.0	0	0.0			0
2020-02-14	0	0	0	0	0	0	0	0	0	0.0	0	0.0			0
2020-02-15	0	0	0	0	0	0	0	0	0	0.0	0	0.0			0
2020-02-16	0	0	0	0	0	0	0	0	0	0.0	0	0.0			0
2020-02-17	0	0	0	0	0	0	0	0	0	0.0	0	0.0			0
2020-02-18	0	0	0	0	0	0	0	0	0	0.0	0	0.0			0
2020-02-19	0	0	0	0	0	0	0	0	0	0.0	0	0.0			0
2020-02-20	0	0	0	0	0	0	0	0	0	0.0	0	0.0			0
2020-02-21	0	0	0	0	0	0	0	0	0	0.0	0	0.0			0
2020-02-22	0	0	0	0	0	0	0	0	0	0.0	0	0.0			0
2020-02-23	0	0	0	0	0	0	0	0	0	0.0	0	0.0			0
2020-02-24	0	0	0	0	0	0	0	0	0	0.0	0	0.0			0
2020-02-25	0	0	0	0	0	0	0	0	0	0.0	0	0.0			0
2020-02-26	0	0	0	0	0	0	0	0	0	0.0	0	0.0			0
2020-02-27	0	0	0	0	0	0	0	0	0	0.0	0	0.0			0
2020-02-28	0	0	0	0	0	0	0	0	0	0.0	0	0.0			0
2020-02-29	0	0	0	0	0	0	0	0	0	0.0	0	0.0			0
2020-03-01	0	0	0	0	0	0	0	0	0	0.0	0	0.0			0
2020-03-02	0	0	0	0	0	0	0	0	0	0.0	0	0.0			0
2020-03-03	0	0	0	0	0	0	0	0	0	0.0	0	0.0			0
2020-03-04	0	0	0	0	0	0	0	0	0	0.0	0	0.0			0
2020-03-05	0	0	0	0	0	0	0	0	0	0.0	0	0.0			0
2020-03-06	0	0	0	0	0	0	0	0	0	0.0	0	0.0			0
2020-03-07	0	0	0	0	0	0	0	0	0	0.0	0	0.0			0
2020-03-08	0	0	0	0	0	0	0	0	0	0.0	0	0.0			0
2020-03-09	0	0	0	0	0	0	0	0	0	0.0	0	0.0			0
2020-03-10	0	0	0	0	0	0	0	0	0	0.0	0	0.0			0
2020-03-11	0	0	0	0	0	0	0	0	0	0.0	0	0.0			0
2020-03-12	3	0	3	0	3	0	16	0	16	0.0	16	0.0			0
2020-03-13	6	0	3	0	6	0	33	0	16	0.0	33	0.0			0
2020-03-14	14	1	8	1	14	1	77	5	44	5.56	77	5.56			0
2020-03-15	17	1	3	0	17	1	94	5	16	0.0	94	5.56			0
2020-03-16	17	1	0	0	17	1	94	5	0	0.0	94	5.56			0
2020-03-17	32	1	15	0	32	1	177	5	83	0.0	177	5.56			0
2020-03-18	50	1	18	0	50	1	278	5	100	0.0	278	5.56			0
2020-03-19	55	1	5	0	52	1	305	5	27	0.0	289	5.56			1633.3
2020-03-20	60	1	5	0	54	1	333	5	27	0.0	300	5.56			800.0
2020-03-21	68	1	8	0	54	0	378	5	44	0.0	300	0.0			285.7
2020-03-22	72	1	4	0	55	0	400	5	22	0.0	305	0.0			223.5
2020-03-23	78	2	6	1	61	1	433	11	33	5.56	339	5.56			258.8
2020-03-24	86	2	8	0	54	1	478	11	44	0.0	300	5.56			68.8
2020-03-25	95	2	9	0	45	1	528	11	50	0.0	250	5.56			-10.0
2020-03-26	110	2	15	0	55	1	611	11	83	0.0	305	5.56			5.8
2020-03-27	142	10	32	8	82	9	789	55	177	44.484	455	50.04			51.9
2020-03-28	152	11	10	1	84	10	845	61	55	5.56	467	55.6			55.6
2020-03-29	159	11	7	0	87	10	884	61	38	0.0	483	55.6			58.2
2020-03-30	161	11	2	0	83	9	895	61	11	0.0	461	50.04			36.1
2020-03-31	166	12	5	1	80	10	923	66	27	5.56	444	55.6			48.1
2020-04-01	192	13	26	1	97	11	1067	72	144	5.56	539	61.17			115.6
2020-04-02	230	24	38	11	120	22	1278	133	211	61.165	667	122.33			118.2
2020-04-03	248	24	18	0	106	14	1379	133	100	0.0	589	77.85			29.3
2020-04-04	273	24	25	0	121	13	1518	133	139	0.0	672	72.29			44.0
2020-04-05	273	24	0	0	114	13	1518	133	0	0.0	633	72.29			31.0
2020-04-06	285	24	12	0	124	13	1584	133	66	0.0	689	72.29			49.4
2020-04-07	297	24	12	0	131	12	1651	133	66	0.0	728	66.73			63.7
2020-04-08	311	24	14	0	119	11	1729	133	77	0.0	661	61.17			22.7
2020-04-09	324	24	13	0	94	0	1801	133	72	0.0	522	0.0			-21.7
2020-04-10	331	25	7	1	83	1	1840	139	38	5.56	461	5.56			-21.7
2020-04-11	343	27	12	2	70	3	1907	150	66	11.121	389	16.68			-42.1
2020-04-12	351	29	8	2	78	5	1951	161	44	11.121	433	27.8			-31.6
2020-04-13	353	30	2	1	68	6	1962	166	11	5.56	378	33.36			-45.2
2020-04-14	362	30	9	0	65	6	2012	166	50	0.0	361	33.36			-50.4
2020-04-15	388	31	26	1	77	7	2157	172	144	5.56	428	38.92			-35.3
2020-04-16	405	31	17	0	81	7	2252	172	94	0.0	450	38.92			-13.8
2020-04-17	415	31	10	0	84	6	2307	172	55	0.0	467	33.36			1.2
2020-04-18	423	33	8	2	80	6	2352	183	44	11.121	444	33.36			14.3
2020-04-19	423	33	0	0	72	4	2352	183	0	0.0	400	22.24			-7.7
2020-04-20	424	33	1	0	71	3	2357	183	5	0.0	394	16.68			4.4
2020-04-21	428	34	4	1	66	4	2379	189	22	5.56	366	22.24			1.5
2020-04-22	438	34	10	0	50	3	2435	189	55	0.0	278	16.68			-35.1
2020-04-23	442	34	4	0	37	3	2457	189	22	0.0	205	16.68			-54.3
2020-04-24	446	35	4	1	31	4	2479	194	22	5.56	172	22.24			-63.1
2020-04-25	450	35	4	0	27	2	2502	194	22	0.0	150	11.12			-66.2
2020-04-26	450	35	0	0	27	2	2502	194	0	0.0	150	11.12	4.1	42.9	-62.5
2020-04-27	453	35	3	0	29	2	2518	194	16	0.0	161	11.12	4.1	40.8	-59.2
2020-04-28	462	35	9	0	34	1	2568	194	50	0.0	189	5.56	4.1	49.0	-48.5
2020-04-29	468	35	6	0	30	1	2602	194	33	0.0	166	5.56	4.0	46.0	-40.0
2020-04-30	471	35	3	0	29	1	2618	194	16	0.0	161	5.56	3.9	47.1	-21.6
2020-05-01	474	35	3	0	28	0	2635	194	16	0.0	155	0.0	3.7	51.9	-9.7
2020-05-02	476	35	2	0	26	0	2646	194	11	0.0	144	0.0	4.2	52.1	-3.7
2020-05-03	476	35	0	0	26	0	2646	194	0	0.0	144	0.0	3.8	36.5	-3.7
2020-05-04	478	35	2	0	25	0	2657	194	11	0.0	139	0.0	3.8	38.5	-13.8
2020-05-05	485	35	7	0	23	0	2696	194	38	0.0	127	0.0	3.6	36.4	-32.4
2020-05-06	487	36	2	1	19	1	2707	200	11	5.56	105	5.56	3.9	43.1	-36.7
2020-05-07	492	36	5	0	21	1	2735	200	27	0.0	116	5.56	3.8	44.2	-27.6
2020-05-08	495	37	3	1	21	2	2752	205	16	5.56	116	11.12	3.8	42.3	-25.0
2020-05-09	495	37	0	0	19	2	2752	205	0	0.0	105	11.12	3.8	40.4	-26.9
2020-05-10	495	37	0	0	19	2	2752	205	0	0.0	105	11.12	2.0	47.1	-26.9
2020-05-11	495	37	0	0	17	2	2752	205	0	0.0	94	11.12	2.0	41.2	-32.0
2020-05-12	497	37	2	0	12	2	2763	205	11	0.0	66	11.12	2.0	39.2	-47.8
2020-05-13	497	37	0	0	10	1	2763	205	0	0.0	55	5.56	2.0	31.4	-47.4
2020-05-14	499	37	2	0	7	1	2774	205	11	0.0	38	5.56	2.0	35.3	-66.7
2020-05-15	504	37	5	0	9	0	2802	205	27	0.0	50	0.0	2.0	39.2	-57.1
2020-05-16	504	37	0	0	9	0	2802	205	0	0.0	50	0.0	2.0	39.2	-52.6
2020-05-17	504	37	0	0	9	0	2802	205	0	0.0	50	0.0	3.8	39.6	-52.6
2020-05-18	506	37	2	0	11	0	2813	205	11	0.0	61	0.0	3.8	34.0	-35.3
2020-05-19	507	37	1	0	10	0	2819	205	5	0.0	55	0.0	5.9	39.2	-16.7
2020-05-20	513	37	6	0	16	0	2852	205	33	0.0	88	0.0	3.9	47.1	60.0
2020-05-21	515	37	2	0	16	0	2863	205	11	0.0	88	0.0	3.9	37.3	128.6
2020-05-22	515	37	0	0	11	0	2863	205	0	0.0	61	0.0	3.9	39.2	22.2
2020-05-23	516	37	1	0	12	0	2869	205	5	0.0	66	0.0	3.9	39.2	33.3
2020-05-24	516	37	0	0	12	0	2869	205	0	0.0	66	0.0	3.9	39.2	33.3
2020-05-25	516	37	0	0	10	0	2869	205	0	0.0	55	0.0	3.9	35.3	-9.1
2020-05-26	517	37	1	0	10	0	2874	205	5	0.0	55	0.0	3.9	31.4	0.0
2020-05-27	518	37	1	0	5	0	2880	205	5	0.0	27	0.0	3.9	43.1	-68.8
2020-05-28	518	37	0	0	3	0	2880	205	0	0.0	16	0.0	2.0	37.3	-81.2
2020-05-29	518	37	0	0	3	0	2880	205	0	0.0	16	0.0	2.0	37.3	-72.7
2020-05-30	521	37	3	0	5	0	2897	205	16	0.0	27	0.0	2.0	35.3	-58.3
2020-05-31	521	37	0	0	5	0	2897	205	0	0.0	27	0.0	2.0	21.6	-58.3
2020-06-01	521	37	0	0	5	0	2897	205	0	0.0	27	0.0	1.9	27.8	-50.0
2020-06-02	521	37	0	0	4	0	2897	205	0	0.0	22	0.0	2.0	39.2	-60.0
2020-06-03	524	37	3	0	6	0	2913	205	16	0.0	33	0.0	0.0	36.5	20.0
2020-06-04	526	37	2	0	8	0	2924	205	11	0.0	44	0.0	2.0	33.3	166.7
2020-06-05	526	37	0	0	8	0	2924	205	0	0.0	44	0.0	2.0	39.2	166.7
2020-06-06	527	37	1	0	6	0	2930	205	5	0.0	33	0.0	2.0	35.3	20.0
2020-06-07	527	37	0	0	6	0	2930	205	0	0.0	33	0.0	0.0	37.7	20.0
2020-06-08	527	37	0	0	6	0	2930	205	0	0.0	33	0.0	3.4	36.2	20.0
2020-06-09	528	37	1	0	7	0	2935	205	5	0.0	38	0.0	0.0	36.8	75.0
2020-06-10	528	37	0	0	4	0	2935	205	0	0.0	22	0.0	0.0	31.6	-33.3
2020-06-11	528	37	0	0	2	0	2935	205	0	0.0	11	0.0	0.0	37.9	-75.0
2020-06-12	528	37	0	0	2	0	2935	205	0	0.0	11	0.0	0.0	34.5	-75.0
2020-06-13	528	37	0	0	1	0	2935	205	0	0.0	5	0.0	0.0	29.6	-83.3
2020-06-14	528	37	0	0	1	0	2935	205	0	0.0	5	0.0	0.0	32.1	-83.3
2020-06-15	528	37	0	0	1	0	2935	205	0	0.0	5	0.0	0.0	27.8	-83.3
2020-06-16	529	37	1	0	1	0	2941	205	5	0.0	5	0.0	0.0	35.3	-85.7
2020-06-17	530	37	1	0	2	0	2947	205	5	0.0	11	0.0	0.0	37.3	-50.0
2020-06-18	531	37	1	0	3	0	2952	205	5	0.0	16	0.0	0.0	49.0	50.0
2020-06-19	532	37	1	0	4	0	2958	205	5	0.0	22	0.0	0.0	40.0	100.0
2020-06-20	532	37	0	0	4	0	2958	205	0	0.0	22	0.0	0.0	38.9	0
2020-06-21	532	37	0	0	4	0	2958	205	0	0.0	22	0.0	0.0	33.3	0
2020-06-22	533	37	1	0	5	0	2963	205	5	0.0	27	0.0	0.0	47.1	0
2020-06-23	534	37	1	0	5	0	2969	205	5	0.0	27	0.0	0.0	41.2	0
2020-06-24	535	37	1	0	5	0	2974	205	5	0.0	27	0.0	0.0	35.3	150.0
2020-06-25	542	37	7	0	11	0	3013	205	38	0.0	61	0.0	0.0	31.4	266.7
2020-06-26	543	37	1	0	11	0	3019	205	5	0.0	61	0.0	0.0	52.9	175.0
2020-06-27	544	37	1	0	12	0	3024	205	5	0.0	66	0.0	0.0	48.0	200.0
2020-06-28	544	37	0	0	12	0	3024	205	0	0.0	66	0.0	0.0	48.0	200.0
2020-06-29	544	37	0	0	11	0	3024	205	0	0.0	61	0.0	0.0	44.0	120.0
2020-06-30	544	37	0	0	10	0	3024	205	0	0.0	55	0.0	0.0	36.7	100.0
2020-07-01	549	37	5	0	14	0	3052	205	27	0.0	77	0.0	0.0	36.7	180.0
2020-07-02	550	37	1	0	8	0	3058	205	5	0.0	44	0.0	0.0	38.5	-27.3
2020-07-03	550	37	0	0	7	0	3058	205	0	0.0	38	0.0	0.0	44.9	-36.4
2020-07-04	552	37	2	0	8	0	3069	205	11	0.0	44	0.0	0.0	42.9	-33.3
2020-07-05	552	37	0	0	8	0	3069	205	0	0.0	44	0.0	0.0	42.9	-33.3
2020-07-06	554	37	2	0	10	0	3080	205	11	0.0	55	0.0	0.0	41.2	-9.1
2020-07-07	555	37	1	0	11	0	3086	205	5	0.0	61	0.0	0.0	45.1	10.0
2020-07-08	557	37	2	0	8	0	3097	205	11	0.0	44	0.0	0.0	43.1	-42.9
2020-07-09	557	37	0	0	7	0	3097	205	0	0.0	38	0.0	0.0	45.3	-12.5
2020-07-10	559	37	2	0	9	0	3108	205	11	0.0	50	0.0	0.0	38.0	28.6
2020-07-11	560	37	1	0	8	0	3113	205	5	0.0	44	0.0	0.0	32.0	0.0
2020-07-12	560	37	0	0	8	0	3113	205	0	0.0	44	0.0	0.0	38.0	0.0
2020-07-13	560	37	0	0	6	0	3113	205	0	0.0	33	0.0	0.0	46.0	-40.0
2020-07-14	560	37	0	0	5	0	3113	205	0	0.0	27	0.0	0.0	45.1	-54.5
2020-07-15	562	37	2	0	5	0	3125	205	11	0.0	27	0.0	0.0	41.2	-37.5
2020-07-16	566	37	4	0	9	0	3147	205	22	0.0	50	0.0	0.0	41.2	28.6
2020-07-17	568	37	2	0	9	0	3158	205	11	0.0	50	0.0	0.0	45.1	0.0
2020-07-18	570	37	2	0	10	0	3169	205	11	0.0	55	0.0	0.0	37.3	25.0
2020-07-19	571	37	1	0	11	0	3175	205	5	0.0	61	0.0	0.0	39.2	37.5
2020-07-20	572	37	1	0	12	0	3180	205	5	0.0	66	0.0	0.0	39.2	100.0
2020-07-21	573	37	1	0	13	0	3186	205	5	0.0	72	0.0	0.0	41.2	160.0
2020-07-22	579	39	6	2	17	2	3219	216	33	11.121	94	11.12	0.0	43.1	240.0
2020-07-23	580	39	1	0	14	2	3225	216	5	0.0	77	11.12	0.0	43.1	55.6
2020-07-24	581	39	1	0	13	2	3230	216	5	0.0	72	11.12	0.0	49.0	44.4
2020-07-25	586	39	5	0	16	2	3258	216	27	0.0	88	11.12	0.0	43.1	60.0
2020-07-26	586	39	0	0	15	2	3258	216	0	0.0	83	11.12	0.0	45.1	36.4
2020-07-27	595	39	9	0	23	2	3308	216	50	0.0	127	11.12	0.0	37.3	91.7
2020-07-28	597	39	2	0	24	2	3319	216	11	0.0	133	11.12	0.0	51.0	84.6
2020-07-29	600	39	3	0	21	0	3336	216	16	0.0	116	0.0	0.0	31.4	23.5
2020-07-30	602	39	2	0	22	0	3347	216	11	0.0	122	0.0	0.0	38.9	57.1
2020-07-31	603	39	1	0	22	0	3352	216	5	0.0	122	0.0	0.0	43.1	69.2
2020-08-01	606	39	3	0	20	0	3369	216	16	0.0	111	0.0	0.0	39.2	25.0
2020-08-02	607	39	1	0	21	0	3375	216	5	0.0	116	0.0	0.0	33.3	40.0
2020-08-03	607	39	0	0	12	0	3375	216	0	0.0	66	0.0	0.0	33.3	-47.8
2020-08-04	607	39	0	0	10	0	3375	216	0	0.0	55	0.0	0.0	46.5	-58.3
2020-08-05	607	39	0	0	7	0	3375	216	0	0.0	38	0.0	0.0	53.5	-66.7
2020-08-06	608	39	1	0	6	0	3380	216	5	0.0	33	0.0	0.0	53.5	-72.7
2020-08-07	609	39	1	0	6	0	3386	216	5	0.0	33	0.0	0.0	41.9	-72.7
2020-08-08	609	39	0	0	3	0	3386	216	0	0.0	16	0.0	0.0	55.8	-85.0
2020-08-09	609	39	0	0	2	0	3386	216	0	0.0	11	0.0	0.0	51.2	-90.5
2020-08-10	609	39	0	0	2	0	3386	216	0	0.0	11	0.0	0.0	51.2	-83.3
2020-08-11	609	39	0	0	2	0	3386	216	0	0.0	11	0.0	0.0	44.2	-80.0
2020-08-12	610	39	1	0	3	0	3391	216	5	0.0	16	0.0	0.0	51.2	-57.1
2020-08-13	610	39	0	0	2	0	3391	216	0	0.0	11	0.0	2.3	46.5	-66.7
2020-08-14	610	39	0	0	1	0	3391	216	0	0.0	5	0.0	2.3	51.2	-83.3
2020-08-15	610	39	0	0	1	0	3391	216	0	0.0	5	0.0	0.0	34.9	-66.7
2020-08-16	610	39	0	0	1	0	3391	216	0	0.0	5	0.0	0.0	44.2	-50.0
2020-08-17	615	39	5	0	6	0	3419	216	27	0.0	33	0.0	0.0	44.2	200.0
2020-08-18	618	39	3	0	9	0	3436	216	16	0.0	50	0.0	0.0	37.2	350.0
2020-08-19	624	39	6	0	14	0	3469	216	33	0.0	77	0.0	0.0	46.5	366.7
2020-08-20	631	39	7	0	21	0	3508	216	38	0.0	116	0.0	0.0	51.2	950.0
2020-08-21	632	39	1	0	22	0	3514	216	5	0.0	122	0.0	0.0	46.5	0
2020-08-22	634	39	2	0	24	0	3525	216	11	0.0	133	0.0	0.0	44.2	0
2020-08-23	635	39	1	0	25	0	3530	216	5	0.0	139	0.0	0.0	37.2	0
2020-08-24	635	39	0	0	20	0	3530	216	0	0.0	111	0.0	0.0	37.2	233.3
2020-08-25	638	39	3	0	20	0	3547	216	16	0.0	111	0.0	0.0	39.5	122.2
2020-08-26	640	39	2	0	16	0	3558	216	11	0.0	88	0.0	0.0	48.8	14.3
2020-08-27	640	39	0	0	9	0	3558	216	0	0.0	50	0.0	0.0	34.9	-57.1
2020-08-28	641	39	1	0	9	0	3564	216	5	0.0	50	0.0	0.0	41.9	-59.1
2020-08-29	641	39	0	0	7	0	3564	216	0	0.0	38	0.0	0.0	39.5	-70.8
2020-08-30	641	39	0	0	6	0	3564	216	0	0.0	33	0.0	0.0	44.2	-76.0
2020-08-31	642	39	1	0	7	0	3569	216	5	0.0	38	0.0	0.0	46.5	-65.0
2020-09-01	642	39	0	0	4	0	3569	216	0	0.0	22	0.0	0.0	48.8	-80.0
2020-09-02	645	39	3	0	5	0	3586	216	16	0.0	27	0.0	0.0	53.5	-68.8
2020-09-03	646	39	1	0	6	0	3592	216	5	0.0	33	0.0	0.0	51.2	-33.3
2020-09-04	646	39	0	0	5	0	3592	216	0	0.0	27	0.0	0.0	39.5	-44.4
2020-09-05	646	39	0	0	5	0	3592	216	0	0.0	27	0.0	0.0	37.2	-28.6
2020-09-06	646	39	0	0	5	0	3592	216	0	0.0	27	0.0	0.0	44.2	-16.7
2020-09-07	646	39	0	0	4	0	3592	216	0	0.0	22	0.0	0.0	46.5	-42.9
2020-09-08	648	39	2	0	6	0	3603	216	11	0.0	33	0.0	0.0	48.8	50.0
2020-09-09	648	39	0	0	3	0	3603	216	0	0.0	16	0.0	0.0	51.2	-40.0
2020-09-10	649	39	1	0	3	0	3608	216	5	0.0	16	0.0	0.0	41.9	-50.0
2020-09-11	650	39	1	0	4	0	3614	216	5	0.0	22	0.0	0.0	51.2	-20.0
2020-09-12	650	39	0	0	4	0	3614	216	0	0.0	22	0.0	0.0	51.2	-20.0
2020-09-13	650	39	0	0	4	0	3614	216	0	0.0	22	0.0	0.0	48.8	-20.0
2020-09-14	650	39	0	0	4	0	3614	216	0	0.0	22	0.0	0.0	30.0	0.0
2020-09-15	650	39	0	0	2	0	3614	216	0	0.0	11	0.0	0.0	43.2	-66.7
2020-09-16	652	39	2	0	4	0	3625	216	11	0.0	22	0.0	0.0	58.1	33.3
2020-09-17	655	39	3	0	6	0	3642	216	16	0.0	33	0.0	0.0	74.2	100.0
2020-09-18	659	39	4	0	9	0	3664	216	22	0.0	50	0.0	0.0	64.5	125.0
2020-09-19	659	39	0	0	9	0	3664	216	0	0.0	50	0.0	0.0	54.8	125.0
2020-09-20	660	39	1	0	10	0	3669	216	5	0.0	55	0.0	0.0	54.8	150.0
2020-09-21	662	39	2	0	12	0	3681	216	11	0.0	66	0.0	0.0	39.5	200.0
2020-09-22	663	39	1	0	13	0	3686	216	5	0.0	72	0.0	0.0	37.2	550.0
2020-09-23	668	39	5	0	16	0	3714	216	27	0.0	88	0.0	0.0	37.2	300.0
2020-09-24	675	39	7	0	20	0	3753	216	38	0.0	111	0.0	0.0	37.2	233.3
2020-09-25	677	39	2	0	18	0	3764	216	11	0.0	100	0.0	0.0	48.8	100.0
2020-09-26	678	39	1	0	19	0	3770	216	5	0.0	105	0.0	0.0	37.2	111.1
2020-09-27	678	39	0	0	18	0	3770	216	0	0.0	100	0.0	0.0	39.5	80.0
2020-09-28	679	39	1	0	17	0	3775	216	5	0.0	94	0.0	0.0	39.5	41.7
2020-09-29	680	39	1	0	17	0	3781	216	5	0.0	94	0.0	0.0	53.5	30.8
2020-09-30	682	39	2	0	14	0	3792	216	11	0.0	77	0.0	0.0	51.2	-12.5
2020-10-01	685	39	3	0	10	0	3808	216	16	0.0	55	0.0	0.0	44.2	-50.0
2020-10-02	691	39	6	0	14	0	3842	216	33	0.0	77	0.0	0.0	44.2	-22.2
2020-10-03	691	39	0	0	13	0	3842	216	0	0.0	72	0.0	0.0	51.2	-31.6
2020-10-04	691	39	0	0	13	0	3842	216	0	0.0	72	0.0	0.0	46.5	-27.8
2020-10-05	691	39	0	0	12	0	3842	216	0	0.0	66	0.0	0.0	40.9	-29.4
2020-10-06	696	39	5	0	16	0	3870	216	27	0.0	88	0.0	0.0	36.4	-5.9
2020-10-07	699	39	3	0	17	0	3886	216	16	0.0	94	0.0	0.0	43.2	21.4
2020-10-08	706	39	7	0	21	0	3925	216	38	0.0	116	0.0	0.0	47.7	110.0
2020-10-09	713	39	7	0	22	0	3964	216	38	0.0	122	0.0	0.0	54.5	57.1
2020-10-10	718	39	5	0	27	0	3992	216	27	0.0	150	0.0	0.0	52.3	107.7
2020-10-11	718	39	0	0	27	0	3992	216	0	0.0	150	0.0	0.0	38.6	107.7
2020-10-12	718	39	0	0	27	0	3992	216	0	0.0	150	0.0	0.0	47.7	125.0
2020-10-13	731	39	13	0	35	0	4064	216	72	0.0	194	0.0	0.0	40.9	118.8
2020-10-14	749	39	18	0	50	0	4164	216	100	0.0	278	0.0	0.0	45.5	194.1
2020-10-15	761	40	12	1	55	1	4231	222	66	5.56	305	5.56	0.0	54.5	161.9
2020-10-16	768	40	7	0	55	1	4270	222	38	0.0	305	5.56	0.0	47.7	150.0
2020-10-17	773	40	5	0	55	1	4298	222	27	0.0	305	5.56	0.0	38.6	103.7
2020-10-18	773	40	0	0	55	1	4298	222	0	0.0	305	5.56	2.3	50.0	103.7
2020-10-19	785	40	12	0	67	1	4364	222	66	0.0	372	5.56	2.3	40.9	148.1
2020-10-20	800	40	15	0	69	1	4448	222	83	0.0	383	5.56	2.3	50.0	97.1
2020-10-21	824	41	24	1	75	2	4581	227	133	5.56	417	11.12	0.0	38.6	50.0
2020-10-22	836	41	12	0	75	1	4648	227	66	0.0	417	5.56	0.0	43.2	36.4
2020-10-23	849	41	13	0	81	1	4720	227	72	0.0	450	5.56	0.0	77.4	47.3
2020-10-24	865	41	16	0	92	1	4809	227	88	0.0	511	5.56	0.0	77.4	67.3
2020-10-25	874	41	9	0	101	1	4859	227	50	0.0	561	5.56	6.5	80.6	83.6
2020-10-26	880	41	6	0	95	1	4893	227	33	0.0	528	5.56	6.5	64.5	41.8
2020-10-27	892	41	12	0	92	1	4959	227	66	0.0	511	5.56	9.7	74.2	33.3
2020-10-28	922	41	30	0	98	0	5126	227	166	0.0	544	0.0	9.7	67.7	30.7
2020-10-29	957	43	35	2	121	2	5321	239	194	11.121	672	11.12	9.7	64.5	61.3
2020-10-30	972	43	15	0	123	2	5404	239	83	0.0	683	11.12	12.9	61.3	51.9
2020-10-31	1006	43	34	0	141	2	5593	239	189	0.0	784	11.12	12.9	51.6	53.3
2020-11-01	1027	43	21	0	153	2	5710	239	116	0.0	850	11.12	12.9	51.6	51.5
2020-11-02	1053	43	26	0	173	2	5855	239	144	0.0	961	11.12	12.9	54.8	82.1
2020-11-03	1062	43	9	0	170	2	5905	239	50	0.0	945	11.12	13.3	60.0	84.8
2020-11-04	1083	43	21	0	161	2	6022	239	116	0.0	895	11.12	16.7	73.3	64.3
2020-11-05	1098	43	15	0	141	0	6105	239	83	0.0	784	0.0	22.2	88.9	16.5
2020-11-06	1118	43	20	0	146	0	6216	239	111	0.0	811	0.0	18.5	77.8	18.7
2020-11-07	1155	44	37	1	149	1	6422	244	205	5.56	828	5.56	20.0	66.7	5.7
2020-11-08	1189	44	34	0	162	1	6611	244	189	0.0	900	5.56	26.7	80.0	5.9
2020-11-09	1204	44	15	0	151	1	6694	244	83	0.0	839	5.56	23.3	76.7	-12.7
2020-11-10	1226	44	22	0	164	1	6817	244	122	0.0	911	5.56	23.3	76.7	-3.5
2020-11-11	1278	46	52	2	195	3	7106	255	289	11.121	1084	16.68	23.3	73.3	21.1
2020-11-12	1319	49	41	3	221	6	7334	272	227	16.681	1228	33.36	23.3	80.0	56.7
2020-11-13	1351	50	32	1	233	7	7512	278	177	5.56	1295	38.92	13.3	76.7	59.6
2020-11-14	1366	51	15	1	211	7	7595	283	83	5.56	1173	38.92	13.3	76.7	41.6
2020-11-15	1392	53	26	2	203	9	7740	294	144	11.121	1128	50.04	13.3	63.3	25.3
2020-11-16	1401	53	9	0	197	9	7790	294	50	0.0	1095	50.04	10.0	53.3	30.5
2020-11-17	1424	54	23	1	198	10	7918	300	127	5.56	1100	55.6	6.7	50.0	20.7
2020-11-18	1453	55	29	1	175	9	8079	305	161	5.56	973	50.04	10.0	80.0	-10.3
2020-11-19	1481	56	28	1	162	7	8235	311	155	5.56	900	38.92	16.7	83.3	-26.7
2020-11-20	1517	56	36	0	166	6	8435	311	200	0.0	923	33.36	16.7	80.0	-28.8
2020-11-21	1578	60	61	4	212	9	8774	333	339	22.242	1178	50.04	15.6	84.4	0.5
2020-11-22	1578	60	0	0	186	7	8774	333	0	0.0	1034	38.92	15.6	75.0	-8.4
2020-11-23	1611	60	33	0	210	7	8957	333	183	0.0	1167	38.92	15.6	78.1	6.6
2020-11-24	1626	60	15	0	202	6	9041	333	83	0.0	1123	33.36	15.6	71.9	2.0
2020-11-25	1673	62	47	2	220	7	9302	344	261	11.121	1223	38.92	15.6	75.0	25.7
2020-11-26	1738	64	65	2	257	8	9664	355	361	11.121	1429	44.48	15.6	78.1	58.6
2020-11-27	1778	65	40	1	261	9	9886	361	222	5.56	1451	50.04	15.6	75.0	57.2
2020-11-28	1816	67	38	2	238	7	10097	372	211	11.121	1323	38.92	17.9	78.6	12.3
2020-11-29	1857	68	41	1	279	8	10325	378	227	5.56	1551	44.48	17.9	82.1	50.0
2020-11-30	1868	69	11	1	257	9	10387	383	61	5.56	1429	50.04	17.9	82.1	22.4
2020-12-01	1880	69	12	0	254	9	10453	383	66	0.0	1412	50.04	21.4	85.7	25.7
2020-12-02	1936	72	56	3	263	10	10765	400	311	16.681	1462	55.6	21.4	85.7	19.5
2020-12-03	1980	74	44	2	242	10	11009	411	244	11.121	1345	55.6	21.4	82.1	-5.8
2020-12-04	2017	76	37	2	239	11	11215	422	205	11.121	1328	61.17	10.7	82.1	-8.4
2020-12-05	2036	76	19	0	220	9	11321	422	105	0.0	1223	50.04	12.5	70.8	-7.6
2020-12-06	2073	77	37	1	216	9	11526	428	205	5.56	1201	50.04	16.7	70.8	-22.6
2020-12-07	2084	77	11	0	216	8	11588	428	61	0.0	1201	44.48	20.8	62.5	-16.0
2020-12-08	2133	79	49	2	253	10	11860	439	272	11.121	1406	55.6	29.2	79.2	-0.4
2020-12-09	2159	80	26	1	223	8	12005	444	144	5.56	1239	44.48	29.2	91.7	-15.2
2020-12-10	2254	91	95	11	274	17	12533	506	528	61.165	1523	94.53	29.2	95.8	13.2
2020-12-11	2328	93	74	2	311	17	12944	517	411	11.121	1729	94.53	29.2	95.8	30.1
2020-12-12	2386	96	58	3	350	20	13267	533	322	16.681	1946	111.21	29.2	95.8	59.1
2020-12-13	2397	96	11	0	324	19	13328	533	61	0.0	1801	105.65	29.2	95.8	50.0
2020-12-14	2436	99	39	3	352	22	13545	550	216	16.681	1957	122.33	29.2	95.8	63.0
2020-12-15	2498	103	62	4	365	24	13890	572	344	22.242	2029	133.45	29.2	83.3	44.3
2020-12-16	2592	109	94	6	433	29	14412	606	522	33.363	2407	161.25	37.5	87.5	94.2
2020-12-17	2646	113	54	4	392	22	14713	628	300	22.242	2179	122.33	37.5	91.7	43.1
2020-12-18	2782	120	136	7	454	27	15469	667	756	38.923	2524	150.13	33.3	95.8	46.0
2020-12-19	2839	122	57	2	453	26	15786	678	316	11.121	2518	144.57	29.2	75.0	29.4
2020-12-20	2856	123	17	1	459	27	15880	683	94	5.56	2552	150.13	29.2	83.3	41.7
2020-12-21	2899	124	43	1	463	25	16119	689	239	5.56	2574	139.01	29.2	91.7	31.5
2020-12-22	2972	131	73	7	474	28	16525	728	405	38.923	2635	155.69	29.2	91.7	29.9
2020-12-23	3036	135	64	4	444	26	16881	750	355	22.242	2468	144.57	29.2	91.7	2.5
2020-12-24	3100	137	64	2	454	24	17237	761	355	11.121	2524	133.45	33.3	79.2	15.8
2020-12-25	3129	138	29	1	347	18	17398	767	161	5.56	1929	100.09	29.2	87.5	-23.6
2020-12-26	3140	138	11	0	301	16	17459	767	61	0.0	1673	88.97	37.5	83.3	-33.6
2020-12-27	3148	139	8	1	292	16	17504	772	44	5.56	1623	88.97	33.3	87.5	-36.4
2020-12-28	3154	140	6	1	255	16	17537	778	33	5.56	1417	88.97	33.3	87.5	-44.9
2020-12-29	3227	145	73	5	255	14	17943	806	405	27.802	1417	77.85	33.3	87.5	-46.2
2020-12-30	3269	146	42	1	233	11	18177	811	233	5.56	1295	61.17	29.2	91.7	-47.5
2020-12-31	3322	148	53	2	222	11	18471	822	294	11.121	1234	61.17	29.2	83.3	-51.1
2021-01-01	3338	149	16	1	209	11	18560	828	88	5.56	1162	61.17	37.5	83.3	-39.8
2021-01-02	3342	149	4	0	202	11	18583	828	22	0.0	1123	61.17	45.8	91.7	-32.9
2021-01-03	3343	149	1	0	195	10	18588	828	5	0.0	1084	55.6	42.3	88.5	-33.2
2021-01-04	3357	152	14	3	203	12	18666	845	77	16.681	1128	66.73	37.0	77.8	-20.4
2021-01-05	3398	153	41	1	171	8	18894	850	227	5.56	950	44.48	36.7	66.7	-32.9
2021-01-06	3447	153	49	0	178	7	19167	850	272	0.0	989	38.92	33.3	80.0	-23.6
2021-01-07	3481	154	34	1	159	6	19356	856	189	5.56	884	33.36	33.3	83.3	-28.4
2021-01-08	3518	160	37	6	180	11	19561	889	205	33.363	1000	61.17	36.7	90.0	-13.9
2021-01-09	3540	160	22	0	198	11	19684	889	122	0.0	1100	61.17	40.0	80.0	-2.0
2021-01-10	3567	162	27	2	224	13	19834	900	150	11.121	1245	72.29	33.3	76.7	14.9
2021-01-11	3571	162	4	0	214	10	19856	900	22	0.0	1189	55.6	33.3	76.7	5.4
2021-01-12	3610	162	39	0	212	9	20073	900	216	0.0	1178	50.04	33.3	76.7	24.0
2021-01-13	3630	163	20	1	183	10	20184	906	111	5.56	1017	55.6	33.3	66.7	2.8
2021-01-14	3668	165	38	2	187	11	20395	917	211	11.121	1039	61.17	23.3	60.0	17.6
2021-01-15	3699	167	31	2	181	7	20568	928	172	11.121	1006	38.92	23.3	80.0	0.6
2021-01-16	3732	170	33	3	192	10	20751	945	183	16.681	1067	55.6	23.3	56.7	-3.0
2021-01-17	3738	171	6	1	171	9	20785	950	33	5.56	950	50.04	26.7	63.3	-23.7
2021-01-18	3742	172	4	1	171	10	20807	956	22	5.56	950	55.6	26.7	73.3	-20.1
2021-01-19	3777	172	35	0	167	10	21002	956	194	0.0	928	55.6	26.7	70.0	-21.2
2021-01-20	3825	174	48	2	195	11	21268	967	266	11.121	1084	61.17	23.3	66.7	6.6
2021-01-21	3863	174	38	0	195	9	21480	967	211	0.0	1084	50.04	23.3	73.3	4.3
2021-01-22	3910	177	47	3	211	10	21741	984	261	16.681	1173	55.6	30.0	83.3	16.6
2021-01-23	3934	180	24	3	202	10	21875	1000	133	16.681	1123	55.6	33.3	73.3	5.2
2021-01-24	3954	180	20	0	216	9	21986	1000	111	0.0	1201	50.04	26.7	76.7	26.3
2021-01-25	3957	180	3	0	215	8	22002	1000	16	0.0	1195	44.48	26.7	76.7	25.7
2021-01-26	4001	181	44	1	224	9	22247	1006	244	5.56	1245	50.04	26.7	83.3	34.1
2021-01-27	4046	186	45	5	221	12	22497	1034	250	27.802	1228	66.73	25.0	82.1	13.3
2021-01-28	4076	189	30	3	213	15	22664	1050	166	16.681	1184	83.41	32.1	78.6	9.2
2021-01-29	4103	191	27	2	193	14	22814	1062	150	11.121	1073	77.85	31.0	72.4	-8.5
2021-01-30	4124	192	21	1	190	12	22931	1067	116	5.56	1056	66.73	33.3	88.9	-5.9
2021-01-31	4135	192	11	0	181	12	22992	1067	61	0.0	1006	66.73	33.3	96.3	-16.2
2021-02-01	4140	192	5	0	183	12	23020	1067	27	0.0	1017	66.73	30.0	83.3	-14.9
2021-02-02	4177	192	37	0	176	11	23226	1067	205	0.0	978	61.17	33.3	66.7	-21.4
2021-02-03	4204	192	27	0	158	6	23376	1067	150	0.0	878	33.36	33.3	63.3	-28.5
2021-02-04	4245	195	41	3	169	6	23604	1084	227	16.681	939	33.36	33.3	70.0	-20.7
2021-02-05	4272	196	27	1	169	5	23754	1089	150	5.56	939	27.8	30.0	76.7	-12.4
2021-02-06	4300	197	28	1	176	5	23910	1095	155	5.56	978	27.8	33.3	83.3	-7.4
2021-02-07	4313	199	13	2	178	7	23982	1106	72	11.121	989	38.92	26.7	83.3	-1.7
2021-02-08	4315	200	2	1	175	8	23993	1112	11	5.56	973	44.48	26.7	73.3	-4.4
2021-02-09	4333	202	18	2	156	10	24093	1123	100	11.121	867	55.6	26.7	80.0	-11.4
2021-02-10	4365	205	32	3	161	13	24271	1139	177	16.681	895	72.29	23.3	73.3	1.9
2021-02-11	4381	206	16	1	136	11	24360	1145	88	5.56	756	61.17	23.3	86.7	-19.5
2021-02-12	4404	208	23	2	132	12	24488	1156	127	11.121	733	66.73	29.6	96.3	-21.9
2021-02-13	4407	208	3	0	107	11	24505	1156	16	0.0	594	61.17	22.2	88.9	-39.2
2021-02-14	4420	208	13	0	107	9	24577	1156	72	0.0	594	50.04	22.2	77.8	-39.9
2021-02-15	4421	209	1	1	106	9	24582	1162	5	5.56	589	50.04	23.3	83.3	-39.4
2021-02-16	4441	210	20	1	108	8	24694	1167	111	5.56	600	44.48	14.7	79.4	-30.8
2021-02-17	4452	211	11	1	87	6	24755	1173	61	5.56	483	33.36	11.8	70.6	-46.0
2021-02-18	4467	214	15	3	86	8	24838	1189	83	16.681	478	44.48	17.6	70.6	-36.8
2021-02-19	4476	214	9	0	72	6	24888	1189	50	0.0	400	33.36	17.6	88.2	-45.5
2021-02-20	4493	214	17	0	86	6	24983	1189	94	0.0	478	33.36	17.6	82.4	-19.6
2021-02-21	4493	214	0	0	73	6	24983	1189	0	0.0	405	33.36	20.0	76.7	-31.8
2021-02-22	4493	214	0	0	72	5	24983	1189	0	0.0	400	27.8	20.6	70.6	-32.1
2021-02-23	4510	216	17	2	69	6	25077	1201	94	11.121	383	33.36	20.6	73.5	-36.1
2021-02-24	4524	216	14	0	72	5	25155	1201	77	0.0	400	27.8	14.7	76.5	-17.2
2021-02-25	4540	217	16	1	73	3	25244	1206	88	5.56	405	16.68	14.7	76.5	-15.1
2021-02-26	4555	217	15	0	79	3	25328	1206	83	0.0	439	16.68	14.7	79.4	9.7
2021-02-27	4567	218	12	1	74	4	25394	1212	66	5.56	411	22.24	14.7	73.5	-14.0
2021-02-28	4570	219	3	1	77	5	25411	1217	16	5.56	428	27.8	14.7	76.5	5.5
2021-03-01	4576	219	6	0	83	5	25444	1217	33	0.0	461	27.8	17.6	76.5	15.3
2021-03-02	4592	220	16	1	82	4	25533	1223	88	5.56	455	22.24	17.6	73.5	18.8
2021-03-03	4603	220	11	0	79	4	25594	1223	61	0.0	439	22.24	20.6	73.5	9.7
2021-03-04	4615	220	12	0	75	3	25661	1223	66	0.0	417	16.68	17.6	73.5	2.7
2021-03-05	4622	220	7	0	67	3	25700	1223	38	0.0	372	16.68	17.6	67.6	-15.2
2021-03-06	4634	220	12	0	67	2	25767	1223	66	0.0	372	11.12	20.6	64.7	-9.5
2021-03-07	4634	220	0	0	64	1	25767	1223	0	0.0	355	5.56	20.6	61.8	-16.9
2021-03-08	4635	220	1	0	59	1	25772	1223	5	0.0	328	5.56	20.6	64.7	-28.9
2021-03-09	4647	220	12	0	55	0	25839	1223	66	0.0	305	0.0	11.8	58.8	-32.9
2021-03-10	4660	221	13	1	57	1	25911	1228	72	5.56	316	5.56	11.8	58.8	-27.8
2021-03-11	4671	221	11	0	56	1	25973	1228	61	0.0	311	5.56	11.8	55.9	-25.3
2021-03-12	4676	221	5	0	54	1	26000	1228	27	0.0	300	5.56	12.9	83.9	-19.4
2021-03-13	4692	221	16	0	58	1	26089	1228	88	0.0	322	5.56	12.9	80.6	-13.4
2021-03-14	4693	221	1	0	59	1	26095	1228	5	0.0	328	5.56	16.1	64.5	-7.8
2021-03-15	4700	221	7	0	65	1	26134	1228	38	0.0	361	5.56	16.1	67.7	10.2
2021-03-16	4710	221	10	0	63	1	26189	1228	55	0.0	350	5.56	16.1	64.5	14.5
2021-03-17	4742	221	32	0	82	0	26367	1228	177	0.0	455	0.0	12.9	80.6	43.9
2021-03-18	4758	221	16	0	87	0	26456	1228	88	0.0	483	0.0	12.9	80.6	55.4
2021-03-19	4792	223	34	2	116	2	26645	1239	189	11.121	645	11.12	6.5	51.6	114.8
2021-03-20	4801	223	9	0	109	2	26695	1239	50	0.0	606	11.12	6.5	48.4	87.9
2021-03-21	4807	223	6	0	114	2	26729	1239	33	0.0	633	11.12	9.7	64.5	93.2
2021-03-22	4817	225	10	2	117	4	26784	1251	55	11.121	650	22.24	9.7	61.3	80.0
2021-03-23	4868	225	51	0	158	4	27068	1251	283	0.0	878	22.24	9.7	64.5	150.8
2021-03-24	4886	225	18	0	144	4	27168	1251	100	0.0	800	22.24	9.7	64.5	75.6
2021-03-25	4911	225	25	0	153	4	27307	1251	139	0.0	850	22.24	12.9	61.3	75.9
2021-03-26	4934	225	23	0	142	2	27435	1251	127	0.0	789	11.12	12.9	67.7	22.4
2021-03-27	4955	225	21	0	154	2	27552	1251	116	0.0	856	11.12	12.9	77.4	41.3
2021-03-28	4958	225	3	0	151	2	27568	1251	16	0.0	839	11.12	12.9	71.0	32.5
2021-03-29	4969	225	11	0	152	0	27630	1251	61	0.0	845	0.0	8.8	64.7	29.9
2021-03-30	4993	225	24	0	125	0	27763	1251	133	0.0	695	0.0	8.8	73.5	-20.9
2021-03-31	5017	226	24	1	131	1	27897	1256	133	5.56	728	5.56	8.8	73.5	-9.0
2021-04-01	5038	226	21	0	127	1	28013	1256	116	0.0	706	5.56	14.7	73.5	-17.0
2021-04-02	5073	226	35	0	139	1	28208	1256	194	0.0	772	5.56	17.6	73.5	-2.1
2021-04-03	5077	227	4	1	122	2	28230	1262	22	5.56	678	11.12	21.4	78.6	-20.8
2021-04-04	5078	227	1	0	120	2	28236	1262	5	0.0	667	11.12	21.4	75.0	-20.5
2021-04-05	5108	227	30	0	139	2	28403	1262	166	0.0	772	11.12	32.1	75.0	-8.6
2021-04-06	5108	227	0	0	115	2	28403	1262	0	0.0	639	11.12	30.0	76.7	-8.0
2021-04-07	5149	228	41	1	132	2	28631	1267	227	5.56	733	11.12	30.0	76.7	0.8
2021-04-08	5192	228	43	0	154	2	28870	1267	239	0.0	856	11.12	23.3	66.7	21.3
2021-04-09	5235	229	43	1	162	3	29109	1273	239	5.56	900	16.68	20.7	69.0	16.5
2021-04-10	5275	231	40	2	198	4	29331	1284	222	11.121	1100	22.24	16.7	66.7	62.3
2021-04-11	5290	231	15	0	212	4	29415	1284	83	0.0	1178	22.24	26.7	66.7	76.7
2021-04-12	5294	232	4	1	186	5	29437	1290	22	5.56	1034	27.8	23.3	60.0	33.8
2021-04-13	5333	232	39	0	225	5	29654	1290	216	0.0	1251	27.8	20.0	73.3	95.7
2021-04-14	5371	233	38	1	222	5	29865	1295	211	5.56	1234	27.8	26.7	76.7	68.2
2021-04-15	5401	233	30	0	209	5	30032	1295	166	0.0	1162	27.8	26.7	66.7	35.7
2021-04-16	5431	233	30	0	196	4	30199	1295	166	0.0	1089	22.24	26.7	66.7	21.0
2021-04-17	5459	233	28	0	184	2	30354	1295	155	0.0	1023	11.12	26.7	76.7	-7.1
2021-04-18	5475	233	16	0	185	2	30443	1295	88	0.0	1028	11.12	23.3	86.7	-12.7
2021-04-19	5487	234	12	1	193	2	30510	1301	66	5.56	1073	11.12	15.2	69.7	3.8
2021-04-20	5521	236	34	2	188	4	30699	1312	189	11.121	1045	22.24	12.9	77.4	-16.4
2021-04-21	5585	237	64	1	214	4	31055	1317	355	5.56	1189	22.24	12.9	67.7	-3.6
2021-04-22	5636	238	51	1	235	5	31338	1323	283	5.56	1306	27.8	20.0	86.7	12.4
2021-04-23	5677	238	41	0	246	5	31566	1323	227	0.0	1367	27.8	20.0	80.0	25.5
2021-04-24	5713	238	36	0	254	5	31767	1323	200	0.0	1412	27.8	21.4	71.4	38.0
2021-04-25	5740	238	27	0	265	5	31917	1323	150	0.0	1473	27.8	25.0	71.4	43.2
2021-04-26	5746	238	6	0	259	4	31950	1323	33	0.0	1440	22.24	18.2	69.7	34.2
2021-04-27	5805	239	59	1	284	3	32278	1328	328	5.56	1579	16.68	21.2	75.8	51.1
2021-04-28	5841	239	36	0	256	2	32478	1328	200	0.0	1423	11.12	30.3	69.7	19.6
2021-04-29	5879	240	38	1	243	2	32690	1334	211	5.56	1351	11.12	30.3	72.7	3.4
2021-04-30	5915	240	36	0	238	2	32890	1334	200	0.0	1323	11.12	30.3	78.8	-3.3
2021-05-01	5955	240	40	0	242	2	33112	1334	222	0.0	1345	11.12	27.3	75.8	-4.7
2021-05-02	5964	240	9	0	224	2	33162	1334	50	0.0	1245	11.12	30.0	76.7	-15.5
2021-05-03	5985	240	21	0	239	2	33279	1334	116	0.0	1328	11.12	30.0	70.0	-7.7
2021-05-04	6046	240	61	0	241	1	33618	1334	339	0.0	1340	5.56	33.3	80.0	-15.1
2021-05-05	6082	240	36	0	241	1	33818	1334	200	0.0	1340	5.56	33.3	80.0	-5.9
2021-05-06	6149	240	67	0	270	0	34191	1334	372	0.0	1501	0.0	30.0	73.3	11.1
2021-05-07	6181	240	32	0	266	0	34369	1334	177	0.0	1479	0.0	23.3	63.3	11.8
2021-05-08	6230	240	49	0	275	0	34641	1334	272	0.0	1529	0.0	23.3	70.0	13.6
2021-05-09	6232	240	2	0	268	0	34653	1334	11	0.0	1490	0.0	40.0	73.3	19.6
2021-05-10	6234	240	2	0	249	0	34664	1334	11	0.0	1384	0.0	43.3	83.3	4.2
2021-05-11	6299	241	65	1	253	1	35025	1340	361	5.56	1406	5.56	43.3	80.0	5.0
2021-05-12	6350	241	51	0	268	1	35309	1340	283	0.0	1490	5.56	36.7	83.3	11.2
2021-05-13	6377	242	27	1	228	2	35459	1345	150	5.56	1267	11.12	33.3	76.7	-15.6
2021-05-14	6390	242	13	0	209	2	35531	1345	72	0.0	1162	11.12	33.3	76.7	-21.4
2021-05-15	6397	242	7	0	167	2	35570	1345	38	0.0	928	11.12	33.3	73.3	-39.3
2021-05-16	6418	242	21	0	186	2	35687	1345	116	0.0	1034	11.12	36.7	73.3	-30.6
2021-05-17	6426	242	8	0	192	2	35731	1345	44	0.0	1067	11.12	40.0	73.3	-22.9
2021-05-18	6471	242	45	0	172	1	35981	1345	250	0.0	956	5.56	40.0	73.3	-32.0
2021-05-19	6508	243	37	1	158	2	36187	1351	205	5.56	878	11.12	43.3	86.7	-41.0
2021-05-20	6551	243	43	0	174	1	36426	1351	239	0.0	967	5.56	40.0	80.0	-23.7
2021-05-21	6574	243	23	0	184	1	36554	1351	127	0.0	1023	5.56	35.5	80.6	-12.0
2021-05-22	6586	243	12	0	189	1	36621	1351	66	0.0	1050	5.56	37.9	79.3	13.2
2021-05-23	6589	243	3	0	171	1	36638	1351	16	0.0	950	5.56	37.9	75.9	-8.1
2021-05-24	6589	243	0	0	163	1	36638	1351	0	0.0	906	5.56	40.0	76.7	-15.1
2021-05-25	6595	243	6	0	124	1	36671	1351	33	0.0	689	5.56	35.5	74.2	-27.9
2021-05-26	6611	244	16	1	103	1	36760	1356	88	5.56	572	5.56	35.5	74.2	-34.8
2021-05-27	6630	244	19	0	79	1	36866	1356	105	0.0	439	5.56	29.0	77.4	-54.6
2021-05-28	6642	244	12	0	68	1	36932	1356	66	0.0	378	5.56	22.6	74.2	-63.0
2021-05-29	6648	244	6	0	62	1	36966	1356	33	0.0	344	5.56	22.6	74.2	-67.2
2021-05-30	6648	244	0	0	59	1	36966	1356	0	0.0	328	5.56	22.6	74.2	-65.5
2021-05-31	6651	244	3	0	62	1	36982	1356	16	0.0	344	5.56	19.4	67.7	-62.0
2021-06-01	6655	244	4	0	60	1	37005	1356	22	0.0	333	5.56	19.4	74.2	-51.6
2021-06-02	6670	244	15	0	59	0	37088	1356	83	0.0	328	0.0	16.1	74.2	-42.7
2021-06-03	6675	244	5	0	45	0	37116	1356	27	0.0	250	0.0	20.0	66.7	-43.0
2021-06-04	6678	244	3	0	36	0	37133	1356	16	0.0	200	0.0	16.7	73.3	-47.1
2021-06-05	6685	244	7	0	37	0	37171	1356	38	0.0	205	0.0	16.7	63.3	-40.3
2021-06-06	6685	244	0	0	37	0	37171	1356	0	0.0	205	0.0	16.7	63.3	-37.3
2021-06-07	6685	244	0	0	34	0	37171	1356	0	0.0	189	0.0	16.7	63.3	-45.2
2021-06-08	6693	244	8	0	38	0	37216	1356	44	0.0	211	0.0	12.9	64.5	-36.7
2021-06-09	6695	245	2	1	25	1	37227	1362	11	5.56	139	5.56	12.9	71.0	-57.6
2021-06-10	6698	245	3	0	23	1	37244	1362	16	0.0	127	5.56	12.9	71.0	-48.9
2021-06-11	6700	245	2	0	22	1	37255	1362	11	0.0	122	5.56	12.9	64.5	-38.9
2021-06-12	6701	245	1	0	16	1	37260	1362	5	0.0	88	5.56	10.7	53.6	-56.8
2021-06-13	6701	245	0	0	16	1	37260	1362	0	0.0	88	5.56	10.7	50.0	-56.8
2021-06-14	6701	245	0	0	16	1	37260	1362	0	0.0	88	5.56	9.7	58.1	-52.9
2021-06-15	6701	245	0	0	8	1	37260	1362	0	0.0	44	5.56	9.7	58.1	-78.9
2021-06-16	6702	245	1	0	7	0	37266	1362	5	0.0	38	0.0	14.3	60.7	-72.0
2021-06-17	6702	245	0	0	4	0	37266	1362	0	0.0	22	0.0	14.3	64.3	-82.6
2021-06-18	6703	245	1	0	3	0	37272	1362	5	0.0	16	0.0	14.3	64.3	-86.4
2021-06-19	6703	245	0	0	2	0	37272	1362	0	0.0	11	0.0	14.3	57.1	-87.5
2021-06-20	6704	245	1	0	3	0	37277	1362	5	0.0	16	0.0	14.3	57.1	-81.2
2021-06-21	6704	245	0	0	3	0	37277	1362	0	0.0	16	0.0	14.3	57.1	-81.2
2021-06-22	6704	245	0	0	3	0	37277	1362	0	0.0	16	0.0	14.3	75.0	-62.5
2021-06-23	6704	245	0	0	2	0	37277	1362	0	0.0	11	0.0	14.3	67.9	-71.4
2021-06-24	6704	245	0	0	2	0	37277	1362	0	0.0	11	0.0	14.3	75.0	-50.0
2021-06-25	6704	245	0	0	1	0	37277	1362	0	0.0	5	0.0	14.3	71.4	-66.7
2021-06-26	6704	245	0	0	1	0	37277	1362	0	0.0	5	0.0	14.3	71.4	-50.0
2021-06-27	6704	245	0	0	0	0	37277	1362	0	0.0	0	0.0	10.7	60.7	-100.0
2021-06-28	6704	245	0	0	0	0	37277	1362	0	0.0	0	0.0	10.7	71.4	-100.0
2021-06-29	6707	245	3	0	3	0	37294	1362	16	0.0	16	0.0	10.7	71.4	0.0
2021-06-30	6707	245	0	0	3	0	37294	1362	0	0.0	16	0.0	10.7	71.4	50.0
2021-07-01	6708	245	1	0	4	0	37299	1362	5	0.0	22	0.0	10.7	78.6	100.0
2021-07-02	6708	245	0	0	4	0	37299	1362	0	0.0	22	0.0	10.7	71.4	0
2021-07-03	6708	245	0	0	4	0	37299	1362	0	0.0	22	0.0	7.7	73.1	0
2021-07-04	6709	245	1	0	5	0	37305	1362	5	0.0	27	0.0	7.7	76.9	0
2021-07-05	6709	245	0	0	5	0	37305	1362	0	0.0	27	0.0	7.7	57.7	0
2021-07-06	6709	245	0	0	2	0	37305	1362	0	0.0	11	0.0	7.7	61.5	-33.3
2021-07-07	6710	245	1	0	3	0	37310	1362	5	0.0	16	0.0	7.7	65.4	0.0
2021-07-08	6712	245	2	0	4	0	37322	1362	11	0.0	22	0.0	3.8	73.1	0.0
2021-07-09	6714	245	2	0	6	0	37333	1362	11	0.0	33	0.0	3.8	73.1	50.0
2021-07-10	6714	245	0	0	6	0	37333	1362	0	0.0	33	0.0	3.8	69.2	50.0
2021-07-11	6714	245	0	0	5	0	37333	1362	0	0.0	27	0.0	3.8	50.0	0.0
2021-07-12	6715	245	1	0	6	0	37338	1362	5	0.0	33	0.0	3.8	50.0	20.0
2021-07-13	6717	245	2	0	8	0	37349	1362	11	0.0	44	0.0	3.8	69.2	300.0
2021-07-14	6721	245	4	0	11	0	37372	1362	22	0.0	61	0.0	3.8	73.1	266.7
2021-07-15	6726	245	5	0	14	0	37399	1362	27	0.0	77	0.0	3.8	84.6	250.0
2021-07-16	6727	245	1	0	13	0	37405	1362	5	0.0	72	0.0	3.4	72.4	116.7
2021-07-17	6728	245	1	0	14	0	37411	1362	5	0.0	77	0.0	3.4	69.0	133.3
2021-07-18	6728	245	0	0	14	0	37411	1362	0	0.0	77	0.0	3.4	69.0	180.0
2021-07-19	6729	245	1	0	14	0	37416	1362	5	0.0	77	0.0	3.4	48.3	133.3
2021-07-20	6735	245	6	0	18	0	37449	1362	33	0.0	100	0.0	3.4	48.3	125.0
2021-07-21	6740	245	5	0	19	0	37477	1362	27	0.0	105	0.0	3.4	62.1	72.7
2021-07-22	6745	245	5	0	19	0	37505	1362	27	0.0	105	0.0	3.8	61.5	35.7
2021-07-23	6747	245	2	0	20	0	37516	1362	11	0.0	111	0.0	3.8	73.1	53.8
2021-07-24	6755	245	8	0	27	0	37561	1362	44	0.0	150	0.0	4.0	52.0	92.9
2021-07-25	6755	245	0	0	27	0	37561	1362	0	0.0	150	0.0	4.0	68.0	92.9
2021-07-26	6755	245	0	0	26	0	37561	1362	0	0.0	144	0.0	3.8	69.2	85.7
2021-07-27	6759	245	4	0	24	0	37583	1362	22	0.0	133	0.0	3.8	61.5	33.3
2021-07-28	6759	245	0	0	19	0	37583	1362	0	0.0	105	0.0	3.8	65.4	0.0
2021-07-29	6761	245	2	0	16	0	37594	1362	11	0.0	88	0.0	3.8	53.8	-15.8
2021-07-30	6766	245	5	0	19	0	37622	1362	27	0.0	105	0.0	3.8	76.9	-5.0
2021-07-31	6766	245	0	0	11	0	37622	1362	0	0.0	61	0.0	4.3	82.6	-59.3
2021-08-01	6766	245	0	0	11	0	37622	1362	0	0.0	61	0.0	4.3	65.2	-59.3
2021-08-02	6769	245	3	0	14	0	37639	1362	16	0.0	77	0.0	3.4	58.6	-46.2
2021-08-03	6776	245	7	0	17	0	37677	1362	38	0.0	94	0.0	3.8	73.1	-29.2
2021-08-04	6788	245	12	0	29	0	37744	1362	66	0.0	161	0.0	3.8	65.4	52.6
2021-08-05	6791	245	3	0	30	0	37761	1362	16	0.0	166	0.0	7.7	61.5	87.5
2021-08-06	6794	245	3	0	28	0	37778	1362	16	0.0	155	0.0	7.7	50.0	47.4
2021-08-07	6800	245	6	0	34	0	37811	1362	33	0.0	189	0.0	3.8	61.5	209.1
2021-08-08	6800	245	0	0	34	0	37811	1362	0	0.0	189	0.0	3.8	69.2	209.1
2021-08-09	6805	245	5	0	36	0	37839	1362	27	0.0	200	0.0	3.4	55.2	157.1
2021-08-10	6815	245	10	0	39	0	37894	1362	55	0.0	216	0.0	0.0	66.7	129.4
2021-08-11	6823	245	8	0	35	0	37939	1362	44	0.0	194	0.0	0.0	58.6	20.7
2021-08-12	6826	245	3	0	35	0	37955	1362	16	0.0	194	0.0	0.0	62.1	16.7
2021-08-13	6829	245	3	0	35	0	37972	1362	16	0.0	194	0.0	0.0	72.4	25.0
2021-08-14	6834	245	5	0	34	0	38000	1362	27	0.0	189	0.0	0.0	70.4	0.0
2021-08-15	6837	245	3	0	37	0	38017	1362	16	0.0	205	0.0	0.0	73.1	8.8
2021-08-16	6841	245	4	0	36	0	38039	1362	22	0.0	200	0.0	0.0	73.1	0.0
2021-08-17	6864	245	23	0	49	0	38167	1362	127	0.0	272	0.0	0.0	69.0	25.6
2021-08-18	6880	245	16	0	57	0	38256	1362	88	0.0	316	0.0	0.0	55.2	62.9
2021-08-19	6887	245	7	0	61	0	38295	1362	38	0.0	339	0.0	0.0	62.1	74.3
2021-08-20	6891	245	4	0	62	0	38317	1362	22	0.0	344	0.0	0.0	62.1	77.1
2021-08-21	6898	245	7	0	64	0	38356	1362	38	0.0	355	0.0	0.0	61.5	88.2
2021-08-22	6898	245	0	0	61	0	38356	1362	0	0.0	339	0.0	0.0	57.7	64.9
2021-08-23	6907	245	9	0	66	0	38406	1362	50	0.0	366	0.0	0.0	48.3	83.3
2021-08-24	6924	245	17	0	60	0	38500	1362	94	0.0	333	0.0	0.0	48.3	22.4
2021-08-25	6939	245	15	0	59	0	38584	1362	83	0.0	328	0.0	0.0	61.5	3.5
2021-08-26	6955	245	16	0	68	0	38673	1362	88	0.0	378	0.0	0.0	73.1	11.5
2021-08-27	6963	245	8	0	72	0	38717	1362	44	0.0	400	0.0	0.0	57.7	16.1
2021-08-28	6973	245	10	0	75	0	38773	1362	55	0.0	417	0.0	0.0	46.2	17.2
2021-08-29	6973	245	0	0	75	0	38773	1362	0	0.0	417	0.0	0.0	61.5	23.0
2021-08-30	6973	245	0	0	66	0	38773	1362	0	0.0	366	0.0	0.0	53.8	0.0
2021-08-31	7001	245	28	0	77	0	38929	1362	155	0.0	428	0.0	0.0	69.2	28.3
2021-09-01	7019	245	18	0	80	0	39029	1362	100	0.0	444	0.0	0.0	58.6	35.6
2021-09-02	7045	245	26	0	90	0	39173	1362	144	0.0	500	0.0	0.0	55.2	32.4
2021-09-03	7054	245	9	0	91	0	39223	1362	50	0.0	506	0.0	0.0	58.6	26.4
2021-09-04	7066	245	12	0	93	0	39290	1362	66	0.0	517	0.0	0.0	69.2	24.0
2021-09-05	7067	245	1	0	94	0	39296	1362	5	0.0	522	0.0	0.0	65.5	25.3
2021-09-06	7077	245	10	0	104	0	39351	1362	55	0.0	578	0.0	0.0	62.1	57.6
2021-09-07	7103	245	26	0	102	0	39496	1362	144	0.0	567	0.0	0.0	65.5	32.5
2021-09-08	7145	245	42	0	126	0	39729	1362	233	0.0	700	0.0	0.0	72.4	57.5
2021-09-09	7153	246	8	1	108	1	39774	1367	44	5.56	600	5.56	0.0	69.0	20.0
2021-09-10	7172	246	19	0	118	1	39879	1367	105	0.0	656	5.56	0.0	72.4	29.7
2021-09-11	7202	246	30	0	136	1	40046	1367	166	0.0	756	5.56	3.4	72.4	46.2
2021-09-12	7207	246	5	0	140	1	40074	1367	27	0.0	778	5.56	3.4	72.4	48.9
2021-09-13	7210	246	3	0	133	1	40091	1367	16	0.0	739	5.56	3.4	75.9	27.9
2021-09-14	7233	246	23	0	130	1	40219	1367	127	0.0	722	5.56	3.4	82.8	27.5
2021-09-15	7248	246	15	0	103	1	40302	1367	83	0.0	572	5.56	3.4	75.9	-18.3
2021-09-16	7269	246	21	0	116	0	40419	1367	116	0.0	645	0.0	3.4	69.0	7.4
2021-09-17	7284	246	15	0	112	0	40502	1367	83	0.0	622	0.0	3.4	65.5	-5.1
2021-09-18	7300	246	16	0	98	0	40591	1367	88	0.0	544	0.0	6.9	79.3	-27.9
2021-09-19	7300	246	0	0	93	0	40591	1367	0	0.0	517	0.0	6.9	72.4	-33.6
2021-09-20	7302	246	2	0	92	0	40602	1367	11	0.0	511	0.0	3.4	69.0	-30.8
2021-09-21	7321	247	19	1	88	1	40708	1373	105	5.56	489	5.56	3.4	72.4	-32.3
2021-09-22	7352	247	31	0	104	1	40880	1373	172	0.0	578	5.56	3.4	72.4	1.0
