Country	Population	Date	Cases	Deaths	Cases_Per_Million	Deaths_Per_Million	Cases_Last_Week_Per_Million	Deaths_Last_Week_Per_Million	Continent	Code	DoublingTime_Cases_Last_Week_Per_100000
Afghanistan	37172386		153534	7141	4130	192	10	0.67	Asia	AF	
Albania	2866376		151499	2519	52853	878	2151	8.37	Europe	AL	
Algeria	42228429		198313	5445	4696	128	64	4.85	Africa	DZ	
Andorra	77006		15069	130	195686	1688	480	0.0	Europe	AD	
Angola	30809762		48790	1282	1583	41	47	2.34	Africa	AO	19.0
Antigua and Barbuda	96286		1878	46	19504	477	1713	20.77	North America	AG	19.9
Argentina	44494502		5207695	112673	117041	2532	647	23.96	South America	AR	
Armenia	2951776		245264	4924	83090	1668	1237	31.85	Asia	AM	
Australia	24992369		64621	1052	2585	42	430	1.84	Oceania	AU	16.3
Austria	8847037		697510	10801	78841	1220	1179	2.15	Europe	AT	42.8
Azerbaijan	9942334		445278	5879	44786	591	2431	28.87	Asia	AZ	
Bahamas	385640		18853	439	48887	1138	1851	220.41	North America	BS	20.5
Bahrain	1569439		273113	1388	174019	884	420	0.0	Asia	BH	
Bangladesh	161356039		1517166	26628	9402	165	123	3.22	Asia	BD	
Barbados	286641		5417	51	18898	177	1695	6.98	North America	BB	14.1
Belarus	9485386		492399	3847	51911	405	1268	8.33	Europe	BY	23.8
Belgium	11422068		1196656	25421	104767	2225	1212	4.11	Europe	BE	
Belize	383071		16950	364	44247	950	1905	13.05	North America	BZ	51.6
Benin	11485048		16946	135	1475	11	311	0.61	Africa	BJ	8.2
Bhutan	754394		2596	3	3441	3	1	0.0	Asia	BT	
Bolivia	11353142		492680	18512	43395	1630	194	7.31	South America	BO	
Bosnia and Herzegovina	3323929		217362	9906	65393	2980	1198	34.3	Europe	BA	34.0
Botswana	2254126		162186	2309	71950	1024	2333	21.29	Africa	BW	
Brazil	209469333		20899933	583810	99775	2787	704	20.22	South America	BR	
Brunei	428962		3464	15	8075	34	1918	16.32	Asia	BN	
Bulgaria	7000039		462710	19149	66101	2735	1288	44.14	Europe	BG	
Burkina Faso	19751535		13851	171	701	8	4	0.0	Africa	BF	
Burundi	11175378		12585	38	1126	3	52	0.0	Africa	BI	
Cabo Verde	543767		36012	316	66226	581	1340	11.03	Africa	CV	15.6
Cambodia	16249798		95828	1970	5897	121	197	4.8	Asia	KH	52.1
Cameroon	25216237		84210	1357	3339	53	31	0.28	Africa	CM	
Canada	37058856		1523668	27073	41114	730	526	2.73	North America	CA	
Central African Republic	4666377		11296	100	2420	21	5	0.21	Africa	CF	
Chad	15477751		4996	174	322	11	0	0.0	Africa	TD	
Chile	18729160		1641526	37108	87645	1981	170	9.88	South America	CL	
China	1392730000		107250	4848	77	3	0	0.0	Asia	CN	
Colombia	49648685		4919773	125331	99091	2524	251	9.02	South America	CO	
Comoros	832322		4086	147	4909	176	25	0.0	Africa	KM	
Congo (Brazzaville)	5244363		13588	183	2590	34	0	0.0	Africa	CG	
Congo (Kinshasa)	84068091		55307	1061	657	12	5	0.02	Africa	CD	
Costa Rica	4999441		478144	5642	95639	1128	3400	30.0	North America	CR	
Croatia	4089400		378022	8375	92439	2047	1147	10.76	Europe	HR	15.9
Cuba	11338138		696904	5788	61465	510	4444	50.18	North America	CU	
Cyprus	1189265		115269	516	96924	433	1413	12.61	Europe	CY	
Czechia	10625695		1680697	30406	158172	2861	164	0.38	Europe	CZ	14.7
Denmark	5797446		350813	2594	60511	447	798	2.07	Europe	DK	
Djibouti	958920		11785	157	12289	163	39	0.0	Africa	DJ	
Dominica	71625		1998	5	27895	69	5026	13.96	North America	DM	
Dominican Republic	10627165		351894	4012	33112	377	176	0.47	North America	DO	
Ecuador	17084357		503883	32353	29493	1893	156	6.38	South America	EC	11.1
Egypt	98423595		290395	16801	2950	170	22	0.75	Africa	EG	15.8
El Salvador	6420744		96067	2969	14961	462	312	9.34	North America	SV	20.7
Equatorial Guinea	1308974		9939	129	7592	98	468	3.82	Africa	GQ	7.3
Eritrea	5750433		6648	38	1156	6	1	0.0	Africa	ER	
Estonia	1320884		144001	1302	109018	985	1818	8.33	Europe	EE	
Eswatini	1136191		44234	1156	38931	1017	1038	54.57	Africa	SZ	
Ethiopia	109224559		316174	4785	2894	43	85	1.14	Africa	ET	
Fiji	883483		47993	520	54322	588	2017	35.09	Oceania	FJ	
Finland	5518050		130510	1039	23651	188	714	2.72	Europe	FI	
France	66987244		6924325	115563	103367	1725	1333	11.72	Europe	FR	
Gabon	2119275		26177	168	12351	79	168	1.42	Africa	GA	4.6
Gambia	2280102		9789	328	4293	143	39	3.95	Africa	GM	
Georgia	3731000		565957	7867	151690	2108	5608	144.2	Asia	GE	
Germany	82927922		4020587	92419	48482	1114	886	2.54	Europe	DE	35.9
Ghana	29767108		121307	1069	4075	35	102	1.75	Africa	GH	
Greece	10727668		601716	13933	56090	1298	1683	31.04	Europe	GR	
Grenada	111454		1238	5	11107	44	7904	35.89	North America	GD	3.5
Guatemala	17247807		488538	12315	28324	714	1318	24.87	North America	GT	
Guinea	12414318		29864	355	2405	28	37	1.61	Africa	GN	25.0
Guinea-Bissau	1874309		5902	121	3148	64	72	2.13	Africa	GW	
Guyana	779004		26510	641	34030	822	1421	35.94	South America	GY	32.8
Haiti	11123176		21069	588	1894	52	19	0.36	North America	HT	13.8
Honduras	9587522		346134	9081	36102	947	769	24.09	North America	HN	
Hungary	9768785		813688	30070	83294	3078	149	1.33	Europe	HU	19.2
Iceland	353574		11063	33	31289	93	1012	0.0	Europe	IS	
India	1352617328		33058843	441042	24440	326	214	1.83	Asia	IN	
Indonesia	267663435		4133433	136473	15442	509	202	14.88	Asia	ID	
Iran	81800269		5156986	111257	63043	1360	2399	50.2	Asia	IR	
Iraq	38433600		1922942	21162	50032	550	1085	10.36	Asia	IQ	
Ireland	4853506		357955	5112	73751	1053	1419	4.12	Europe	IE	
Israel	8883800		1117596	7205	125801	811	6315	18.24	Asia	IL	
Italy	60431283		4574787	129567	75702	2144	666	6.97	Europe	IT	
Ivory Coast	25069229		57056	477	2275	19	61	1.64	Africa	CI	
Jamaica	2934855		71987	1637	24528	557	1562	43.27	North America	JM	
Japan	126529100		1583665	16409	12516	129	867	3.11	Asia	JP	
Jordan	9956011		802349	10477	80589	1052	611	7.93	Asia	JO	59.1
Kazakhstan	18276499		891783	14423	48793	789	1782	81.36	Asia	KZ	
Kenya	51393010		240430	4795	4678	93	99	1.46	Africa	KE	
Kiribati	115847		2	0	17	0	0	0.0	Oceania	KI	
Kosovo	1845300		152658	2657	82728	1439	4907	97.55	Europe	XK	
Kuwait	4137309		410413	2425	99198	586	163	1.69	Asia	KW	
Kyrgyzstan	6315800		176582	2554	27958	404	157	4.75	Asia	KG	
Laos	7061507		16058	16	2274	2	175	0.28	Asia	LA	
Latvia	1926542		144632	2588	75073	1343	1158	7.79	Europe	LV	8.9
Lebanon	6848925		608041	8114	88779	1184	995	9.64	Asia	LB	
Lesotho	2108132		14395	403	6828	191	0	0.0	Africa	LS	
Liberia	4818977		5727	245	1188	50	27	0.0	Africa	LR	5.1
Libya	6678567		316797	4343	47434	650	1396	19.47	Africa	LY	
Liechtenstein	37910		3331	59	87865	1556	1714	0.0	Europe	LI	
Lithuania	2789533		302979	4612	108612	1653	1725	23.3	Europe	LT	22.2
Luxembourg	607728		76245	832	125459	1369	942	3.29	Europe	LU	
Madagascar	26262368		42884	957	1632	36	0	0.08	Africa	MG	
Malawi	17563749		60852	2217	3464	126	26	2.79	Africa	MW	
Malaysia	31528585		1862187	18491	59063	586	4339	66.89	Asia	MY	
Maldives	515696		82099	227	159200	440	2208	1.94	Asia	MV	16.9
Mali	19077690		14942	542	783	28	3	0.16	Africa	ML	
Malta	483530		36512	445	75511	920	804	10.34	Europe	MT	20.2
Marshall Islands	58413		4	0	68	0	0	0.0	Oceania	MH	
Mauritania	4403319		34297	737	7788	167	196	5.9	Africa	MR	
Mauritius	1265303		11466	32	9061	25	1003	2.37	Africa	MU	
Mexico	126190788		3433511	263470	27208	2087	731	39.46	North America	MX	
Micronesia	112640		1	0	8	0	0	0.0	Oceania	FM	
Moldova	3545883		270685	6445	76337	1817	981	13.54	Europe	MD	9.2
Monaco	38682		3240	33	83759	853	1344	0.0	Europe	MC	
Mongolia	3170208		236079	968	74467	305	7021	9.78	Asia	MN	13.6
Montenegro	622345		118466	1770	190354	2844	5911	80.34	Europe	ME	
Morocco	36029138		886008	13145	24591	364	831	16.79	Africa	MA	
Mozambique	29495962		148054	1881	5019	63	67	0.95	Africa	MZ	
Myanmar	53708395		417971	15985	7782	297	411	13.0	Asia	MM	
Namibia	2448255		125659	3412	51325	1393	310	16.34	Africa	NA	
Nepal	28087871		770759	10858	27440	386	343	4.56	Asia	NP	
Netherlands	17231017		1992391	18414	115628	1068	1068	3.83	Europe	NL	
New Zealand	4885500		3814	27	780	5	60	0.2	Oceania	NZ	
Nicaragua	6465513		11735	200	1815	30	87	0.15	North America	NI	
Niger	22442948		5888	199	262	8	2	0.04	Africa	NE	
Nigeria	195874740		195890	2556	1000	13	20	0.52	Africa	NG	
North Macedonia	2082958		180243	6097	86532	2927	2217	94.1	Europe	MK	
Norway	5314336		168469	822	31700	154	1896	1.51	Europe	NO	55.5
Oman	4829483		302748	4078	62687	844	105	3.11	Asia	OM	
Pakistan	212215030		1186234	26330	5589	124	123	2.55	Asia	PK	
Palau	17907		2	0	111	0	0	0.0	Oceania	PW	
Palestinian Territory	4569087		356474	3744	78018	819	3645	15.1	Asia	PS	18.8
Panama	4176873		459844	7086	110092	1696	672	7.66	North America	PA	
Papua New Guinea	8606316		17926	192	2082	22	10	0.0	Oceania	PG	
Paraguay	6956071		458844	15889	65963	2284	55	21.13	South America	PY	
Peru	31989256		2155508	198523	67382	6205	184	8.13	South America	PE	18.6
Philippines	106651922		2103331	34337	19721	321	1191	9.44	Asia	PH	
Poland	37978548		2890666	75379	76113	1984	60	1.03	Europe	PL	12.6
Portugal	10281762		1047710	17810	101899	1732	1137	7.78	Europe	PT	
Qatar	2781677		233756	603	84034	216	426	0.36	Asia	QA	
Romania	19473936		1107043	34714	56847	1782	492	8.99	Europe	RO	11.6
Russia	144478050		6929862	184672	47964	1278	875	37.65	Europe	RU	
Rwanda	12301939		90145	1134	7327	92	245	4.15	Africa	RW	
Saint Kitts and Nevis	52441		1230	5	23454	95	3375	38.14	North America	KN	
Saint Lucia	181889		9191	118	50530	648	5695	82.47	North America	LC	23.8
Saint Vincent and the Grenadines	110211		2379	12	21585	108	390	0.0	North America	VC	
Samoa	196130		3	0	15	0	0	0.0	Oceania	WS	
San Marino	33785		5345	90	158206	2663	710	0.0	Europe	SM	
Sao Tome and Principe	197700		2692	37	13616	187	500	0.0	Africa	ST	
Saudi Arabia	33699947		545243	8579	16179	254	57	1.99	Asia	SA	7.7
Senegal	15854360		73227	1808	4618	114	29	3.03	Africa	SN	
Serbia	6982084		783826	7398	112262	1059	3419	17.19	Europe	RS	11.6
Seychelles	96762		20230	103	209069	1064	2459	10.33	Africa	SC	
Sierra Leone	7650154		6374	121	833	15	0	0.0	Africa	SL	
Singapore	5638676		68901	55	12219	9	255	0.0	Asia	SG	8.6
Slovakia	5447011		396181	12551	72733	2304	255	0.55	Europe	SK	6.0
Slovenia	2067372		270541	4456	130862	2155	1878	3.39	Europe	SI	18.8
Solomon Islands	652858		20	0	30	0	0	0.0	Oceania	SB	
Somalia	15008154		17947	1005	1195	66	36	2.4	Africa	SO	
South Africa	57779622		2824063	83617	48876	1447	925	30.93	Africa	ZA	
South Korea	51635256		263374	2330	5100	45	231	0.87	Asia	KR	
South Sudan	8260490		11526	120	1395	14	11	0.0	Africa	SS	
Spain	46723749		4887112	84928	104595	1817	852	16.74	Europe	ES	
Sri Lanka	21670000		465949	10320	21502	476	1378	61.33	Asia	LK	
Sudan	41801533		37873	2837	906	67	3	0.14	Africa	SD	3.5
Suriname	575991		31012	740	53841	1284	3550	38.2	South America	SR	13.2
Sweden	10183175		1130525	14692	111018	1442	698	0.69	Europe	SE	
Switzerland	8516543		785696	10930	92255	1283	1025	4.11	Europe	CH	
Syria	16906283		28678	2044	1696	120	53	2.19	Asia	SY	36.3
Taiwan	22894384		16035	837	700	36	1	0.13	Asia	TW	
Tajikistan	9100837		17384	125	1910	13	18	0.0	Asia	TJ	
Tanzania	56318348		1367	50	24	0	0	0.0	Africa	TZ	
Thailand	69428524		1294522	13042	18645	187	1504	23.66	Asia	TH	
Timor Leste	1267972		17698	82	13957	64	932	14.2	Oceania	TL	
Togo	7889094		22625	197	2867	24	172	1.52	Africa	TG	44.4
Trinidad and Tobago	1389858		45824	1336	32970	961	876	36.69	North America	TT	
Tunisia	11565204		675191	23846	58381	2061	1075	35.97	Africa	TN	
Turkey	82319724		6518986	58377	79191	709	1853	23.31	Europe	TR	33.1
Uganda	42723139		120662	3053	2824	71	19	1.1	Africa	UG	
Ukraine	44622516		2398900	57319	53759	1284	361	8.63	Europe	UA	34.3
United Arab Emirates	9630959		724240	2048	75199	212	712	0.93	Asia	AE	
United Kingdom	66488991		7051516	133598	106055	2009	3945	11.88	Europe	GB	40.2
United States	327167434		40018318	648998	122317	1983	2937	31.0	North America	US	
Uruguay	3449299		385780	6034	111843	1749	290	1.45	South America	UY	9.6
Uzbekistan	32955400		160511	1120	4870	33	147	1.37	Asia	UZ	
Vanuatu	292680		4	1	13	3	0	0.0	Oceania	VU	
Vatican	921		27	0	29315	0	0	0.0	Europe	VA	
Venezuela	28870195		340187	4098	11783	141	202	3.05	South America	VE	
Vietnam	95540395		536788	13385	5618	140	913	24.29	Asia	VN	
Yemen	28498687		8142	1530	285	53	10	2.14	Asia	YE	28.8
Zambia	17351822		207167	3617	11939	208	58	1.04	Africa	ZM	
Zimbabwe	14439018		125671	4493	8703	311	75	5.33	Africa	ZW	
