Date	Cases	Deaths	Cases_New	Deaths_New	Cases_Last_Week	Deaths_Last_Week	Cases_Per_Million	Deaths_Per_Million	Cases_New_Per_Million	Deaths_New_Per_Million	Cases_Last_Week_Per_Million	Deaths_Last_Week_Per_Million	Cases_Doubling_Time	Deaths_Doubling_Time	Days_Since_2nd_Death
2020-01-22	0	0	0	0	0	0	0	0	0	0.0	0	0.0			
2020-01-23	0	0	0	0	0	0	0	0	0	0.0	0	0.0			
2020-01-24	0	0	0	0	0	0	0	0	0	0.0	0	0.0			
2020-01-25	0	0	0	0	0	0	0	0	0	0.0	0	0.0			
2020-01-26	0	0	0	0	0	0	0	0	0	0.0	0	0.0			
2020-01-27	0	0	0	0	0	0	0	0	0	0.0	0	0.0			
2020-01-28	0	0	0	0	0	0	0	0	0	0.0	0	0.0			
2020-01-29	0	0	0	0	0	0	0	0	0	0.0	0	0.0			
2020-01-30	0	0	0	0	0	0	0	0	0	0.0	0	0.0			
2020-01-31	0	0	0	0	0	0	0	0	0	0.0	0	0.0			
2020-02-01	0	0	0	0	0	0	0	0	0	0.0	0	0.0			
2020-02-02	0	0	0	0	0	0	0	0	0	0.0	0	0.0			
2020-02-03	0	0	0	0	0	0	0	0	0	0.0	0	0.0			
2020-02-04	0	0	0	0	0	0	0	0	0	0.0	0	0.0			
2020-02-05	0	0	0	0	0	0	0	0	0	0.0	0	0.0			
2020-02-06	0	0	0	0	0	0	0	0	0	0.0	0	0.0			
2020-02-07	0	0	0	0	0	0	0	0	0	0.0	0	0.0			
2020-02-08	0	0	0	0	0	0	0	0	0	0.0	0	0.0			
2020-02-09	0	0	0	0	0	0	0	0	0	0.0	0	0.0			
2020-02-10	0	0	0	0	0	0	0	0	0	0.0	0	0.0			
2020-02-11	0	0	0	0	0	0	0	0	0	0.0	0	0.0			
2020-02-12	0	0	0	0	0	0	0	0	0	0.0	0	0.0			
2020-02-13	0	0	0	0	0	0	0	0	0	0.0	0	0.0			
2020-02-14	0	0	0	0	0	0	0	0	0	0.0	0	0.0			
2020-02-15	0	0	0	0	0	0	0	0	0	0.0	0	0.0			
2020-02-16	0	0	0	0	0	0	0	0	0	0.0	0	0.0			
2020-02-17	0	0	0	0	0	0	0	0	0	0.0	0	0.0			
2020-02-18	0	0	0	0	0	0	0	0	0	0.0	0	0.0			
2020-02-19	0	0	0	0	0	0	0	0	0	0.0	0	0.0			
2020-02-20	0	0	0	0	0	0	0	0	0	0.0	0	0.0			
2020-02-21	0	0	0	0	0	0	0	0	0	0.0	0	0.0			
2020-02-22	0	0	0	0	0	0	0	0	0	0.0	0	0.0			
2020-02-23	0	0	0	0	0	0	0	0	0	0.0	0	0.0			
2020-02-24	0	0	0	0	0	0	0	0	0	0.0	0	0.0			
2020-02-25	0	0	0	0	0	0	0	0	0	0.0	0	0.0			
2020-02-26	0	0	0	0	0	0	0	0	0	0.0	0	0.0			
2020-02-27	0	0	0	0	0	0	0	0	0	0.0	0	0.0			
2020-02-28	0	0	0	0	0	0	0	0	0	0.0	0	0.0			
2020-02-29	0	0	0	0	0	0	0	0	0	0.0	0	0.0			
2020-03-01	0	0	0	0	0	0	0	0	0	0.0	0	0.0			
2020-03-02	0	0	0	0	0	0	0	0	0	0.0	0	0.0			
2020-03-03	0	0	0	0	0	0	0	0	0	0.0	0	0.0			
2020-03-04	0	0	0	0	0	0	0	0	0	0.0	0	0.0			
2020-03-05	0	0	0	0	0	0	0	0	0	0.0	0	0.0			
2020-03-06	0	0	0	0	0	0	0	0	0	0.0	0	0.0			
2020-03-07	0	0	0	0	0	0	0	0	0	0.0	0	0.0			
2020-03-08	0	0	0	0	0	0	0	0	0	0.0	0	0.0			
2020-03-09	0	0	0	0	0	0	0	0	0	0.0	0	0.0			
2020-03-10	1	0	1	0	1	0	0	0	0	0.0	0	0.0			
2020-03-11	8	1	7	1	8	1	1	0	1	0.239	1	0.24			
2020-03-12	11	1	3	0	11	1	2	0	0	0.0	2	0.24			
2020-03-13	27	1	16	0	27	1	6	0	3	0.0	6	0.24			
2020-03-14	36	1	9	0	36	1	8	0	2	0.0	8	0.24			
2020-03-15	43	1	7	0	43	1	10	0	1	0.0	10	0.24			
2020-03-16	55	1	12	0	55	1	13	0	2	0.0	13	0.24			
2020-03-17	69	1	14	0	68	1	16	0	3	0.0	16	0.24			
2020-03-18	86	1	17	0	78	0	20	0	4	0.0	18	0.0			
2020-03-19	109	1	23	0	98	0	26	0	5	0.0	23	0.0			
2020-03-20	137	1	28	0	110	0	32	0	6	0.0	26	0.0			
2020-03-21	200	1	63	0	164	0	47	0	15	0.0	39	0.0			
2020-03-22	313	3	113	2	270	2	74	0	27	0.479	64	0.48			0
2020-03-23	345	6	32	3	290	5	82	1	7	0.718	69	1.2			1
2020-03-24	345	6	0	0	276	5	82	1	0	0.0	66	1.2			2
2020-03-25	443	8	98	2	357	7	106	1	23	0.479	85	1.68			3
2020-03-26	558	8	115	0	449	7	133	1	27	0.0	107	1.68			4
2020-03-27	674	9	116	1	537	8	161	2	27	0.239	128	1.92			5
2020-03-28	786	14	112	5	586	13	188	3	26	1.197	140	3.11			6
2020-03-29	901	17	115	3	588	14	215	4	27	0.718	140	3.35			7
2020-03-30	989	24	88	7	644	18	236	5	21	1.676	154	4.31			8
2020-03-31	1181	30	192	6	836	24	282	7	45	1.436	200	5.75			9
2020-04-01	1181	30	0	0	738	22	282	7	0	0.0	176	5.27			10
2020-04-02	1317	32	136	2	759	24	315	7	32	0.479	181	5.75			11
2020-04-03	1475	37	158	5	801	28	353	8	37	1.197	191	6.7			12
2020-04-04	1673	41	198	4	887	27	400	9	47	0.958	212	6.46			13
2020-04-05	1801	46	128	5	900	29	431	11	30	1.197	215	6.94			14
2020-04-06	1988	54	187	8	999	30	475	12	44	1.915	239	7.18			15
2020-04-07	2100	55	112	1	919	25	502	13	26	0.239	220	5.99			16
2020-04-08	2249	59	149	4	1068	29	538	14	35	0.958	255	6.94			17
2020-04-09	2528	63	279	4	1211	31	605	15	66	0.958	289	7.42			18
2020-04-10	2752	66	224	3	1277	29	658	15	53	0.718	305	6.94			19
2020-04-11	2974	74	222	8	1301	33	712	17	53	1.915	311	7.9			20
2020-04-12	3234	79	260	5	1433	33	774	18	62	1.197	343	7.9			21
2020-04-13	3400	87	166	8	1412	33	814	20	39	1.915	338	7.9			22
2020-04-14	3472	94	72	7	1372	39	831	22	17	1.676	328	9.34			23
2020-04-15	3574	95	102	1	1325	36	855	22	24	0.239	317	8.62			24
2020-04-16	3751	103	177	8	1223	40	898	24	42	1.915	292	9.58			25
2020-04-17	4016	109	265	6	1264	43	961	26	63	1.436	302	10.29			26
2020-04-18	4210	116	194	7	1236	42	1007	27	46	1.676	295	10.06			27
2020-04-19	4273	120	63	4	1039	41	1023	28	15	0.958	248	9.82			28
2020-04-20	4467	126	194	6	1067	39	1069	30	46	1.436	255	9.34			29
2020-04-21	4658	136	191	10	1186	42	1115	32	45	2.394	283	10.06			30
2020-04-22	4821	141	163	5	1247	46	1154	33	39	1.197	298	11.01			31
2020-04-23	5166	146	345	5	1415	43	1236	34	82	1.197	338	10.29			32
2020-04-24	5338	154	172	8	1322	45	1277	36	41	1.915	316	10.77			33
2020-04-25	5538	159	200	5	1328	43	1325	38	47	1.197	317	10.29			34
2020-04-26	5779	165	241	6	1506	45	1383	39	57	1.436	360	10.77			35
2020-04-27	6021	167	242	2	1554	41	1441	39	57	0.479	372	9.82			36
2020-04-28	6021	167	0	0	1363	31	1441	39	0	0.0	326	7.42			37
2020-04-29	6378	178	357	11	1557	37	1526	42	85	2.634	372	8.86			38
2020-04-30	6532	188	154	10	1366	42	1563	45	36	2.394	327	10.06			39
2020-05-01	6720	192	188	4	1382	38	1608	45	45	0.958	330	9.1			40
2020-05-02	7090	197	370	5	1552	38	1697	47	88	1.197	371	9.1			41
2020-05-03	7090	197	0	0	1311	32	1697	47	0	0.0	313	7.66			42
2020-05-04	7197	200	107	3	1176	33	1723	47	25	0.718	281	7.9			43
2020-05-05	7523	210	326	10	1502	43	1801	50	78	2.394	359	10.29			44
2020-05-06	7731	218	208	8	1353	40	1850	52	49	1.915	323	9.58			45
2020-05-07	7868	225	137	7	1336	37	1883	53	32	1.676	319	8.86			46
2020-05-08	8070	231	202	6	1350	39	1932	55	48	1.436	323	9.34			47
2020-05-09	8282	237	212	6	1192	40	1982	56	50	1.436	285	9.58			48
2020-05-10	8448	244	166	7	1358	47	2022	58	39	1.676	325	11.25			49
2020-05-11	8616	249	168	5	1419	49	2062	59	40	1.197	339	11.73			50
2020-05-12	8783	252	167	3	1260	42	2102	60	39	0.718	301	10.06			51
2020-05-13	8944	256	161	4	1213	38	2141	61	38	0.958	290	9.1			52
2020-05-14	9118	260	174	4	1250	35	2182	62	41	0.958	299	8.38			53
2020-05-15	9268	266	150	6	1198	35	2218	63	35	1.436	286	8.38			54
2020-05-16	9449	269	181	3	1167	32	2262	64	43	0.718	279	7.66			55
2020-05-17	9606	275	157	6	1158	31	2299	65	37	1.436	277	7.42			56
2020-05-18	9726	279	120	4	1110	30	2328	66	28	0.958	265	7.18			57
2020-05-19	9867	281	141	2	1084	29	2362	67	33	0.479	259	6.94			58
2020-05-20	9977	287	110	6	1033	31	2388	68	26	1.436	247	7.42			59
2020-05-21	10116	291	139	4	998	31	2421	69	33	0.958	238	7.42			60
2020-05-22	10267	295	151	4	999	29	2458	70	36	0.958	239	6.94			61
2020-05-23	10577	299	310	4	1128	30	2532	71	74	0.958	270	7.18			62
2020-05-24	10926	306	349	7	1320	31	2615	73	83	1.676	316	7.42			63
2020-05-25	11183	310	257	4	1457	31	2677	74	61	0.958	348	7.42			64
2020-05-26	11447	313	264	3	1580	32	2740	74	63	0.718	378	7.66			65
2020-05-27	11728	315	281	2	1751	28	2807	75	67	0.479	419	6.7			66
2020-05-28	12131	320	403	5	2015	29	2904	76	96	1.197	482	6.94			67
2020-05-29	12531	326	400	6	2264	31	3000	78	95	1.436	542	7.42			68
2020-05-30	13018	330	487	4	2441	31	3116	79	116	0.958	584	7.42			69
2020-05-31	13463	336	445	6	2537	30	3223	80	106	1.436	607	7.18			70
2020-06-01	13837	344	374	8	2654	34	3312	82	89	1.915	635	8.14			71
2020-06-02	14095	352	258	8	2648	39	3374	84	61	1.915	633	9.34			72
2020-06-03	14609	357	514	5	2881	42	3497	85	123	1.197	689	10.06			73
2020-06-04	15044	363	435	6	2913	43	3601	86	104	1.436	697	10.29			74
2020-06-05	15463	370	419	7	2932	44	3702	88	100	1.676	701	10.53			75
2020-06-06	16004	386	541	16	2986	56	3831	92	129	3.831	714	13.41			76
2020-06-07	16425	393	421	7	2962	57	3932	94	100	1.676	709	13.65			77
2020-06-08	16854	398	429	5	3017	54	4035	95	102	1.197	722	12.93			78
2020-06-09	17233	403	379	5	3138	51	4125	96	90	1.197	751	12.21			79
2020-06-10	17889	413	656	10	3280	56	4282	98	157	2.394	785	13.41			80
2020-06-11	18586	418	697	5	3542	55	4449	100	166	1.197	848	13.17			81
2020-06-12	19211	421	625	3	3748	51	4599	100	149	0.718	897	12.21			82
2020-06-13	20059	429	848	8	4055	43	4802	102	203	1.915	970	10.29			83
2020-06-14	21418	437	1359	8	4993	44	5127	104	325	1.915	1195	10.53			84
2020-06-15	21422	448	4	11	4568	50	5128	107	0	2.634	1093	11.97			85
2020-06-16	21962	457	540	9	4729	54	5258	109	129	2.155	1132	12.93			86
2020-06-17	22597	470	635	13	4708	57	5410	112	152	3.112	1127	13.65			87
2020-06-18	23351	475	754	5	4765	57	5590	113	180	1.197	1140	13.65			88
2020-06-19	24274	485	923	10	5063	64	5811	116	220	2.394	1212	15.32			89
2020-06-20	25222	493	948	8	5163	64	6038	118	226	1.915	1236	15.32			90
2020-06-21	26030	501	808	8	4612	64	6231	119	193	1.915	1104	15.32			91
2020-06-22	26752	521	722	20	5330	73	6404	124	172	4.788	1276	17.48			92
2020-06-23	27314	536	562	15	5352	79	6539	128	134	3.591	1281	18.91			93
2020-06-24	28030	547	716	11	5433	77	6710	130	171	2.634	1300	18.43			94
2020-06-25	29037	564	1007	17	5686	89	6951	135	241	4.07	1361	21.31			95
2020-06-26	29905	575	868	11	5631	90	7159	137	207	2.634	1348	21.55			96
2020-06-27	30658	592	753	17	5436	99	7339	141	180	4.07	1301	23.7			97
2020-06-28	31686	604	1028	12	5656	103	7586	144	246	2.873	1354	24.66			98
2020-06-29	32785	620	1099	16	6033	99	7849	148	263	3.831	1444	23.7			99
2020-06-30	33550	631	765	11	6236	95	8032	151	183	2.634	1492	22.74			100
2020-07-01	34463	645	913	14	6433	98	8250	154	218	3.352	1540	23.46			101
2020-07-02	35237	667	774	22	6200	103	8436	159	185	5.267	1484	24.66			102
2020-07-03	35995	698	758	31	6090	123	8617	167	181	7.422	1458	29.45			103
2020-07-04	36983	720	988	22	6325	128	8854	172	236	5.267	1514	30.64			104
2020-07-05	38149	747	1166	27	6463	143	9133	178	279	6.464	1547	34.24			105
2020-07-06	39334	770	1185	23	6549	150	9417	184	283	5.507	1567	35.91			106
2020-07-07	40291	799	957	29	6741	168	9646	191	229	6.943	1613	40.22			107
2020-07-08	41251	819	960	20	6788	174	9876	196	229	4.788	1625	41.66			108
2020-07-09	42216	839	965	20	6979	172	10107	200	231	4.788	1670	41.18			109
2020-07-10	43257	863	1041	24	7262	165	10356	206	249	5.746	1738	39.5			110
2020-07-11	44332	893	1075	30	7349	173	10613	213	257	7.182	1759	41.42			111
2020-07-12	45633	909	1301	16	7484	162	10925	217	311	3.831	1791	38.78			112
2020-07-13	47173	932	1540	23	7839	162	11293	223	368	5.507	1876	38.78			113
2020-07-14	48096	960	923	28	7805	161	11514	229	220	6.704	1868	38.55			114
2020-07-15	49243	982	1147	22	7992	163	11789	235	274	5.267	1913	39.02			115
2020-07-16	50373	1000	1130	18	8157	161	12059	239	270	4.309	1952	38.55			116
2020-07-17	51408	1038	1035	38	8151	175	12307	248	247	9.098	1951	41.9			117
2020-07-18	52261	1071	853	33	7929	178	12511	256	204	7.901	1898	42.62			118
2020-07-19	53468	1096	1207	25	7835	187	12800	262	288	5.985	1875	44.77			119
2020-07-20	54426	1127	958	31	7253	195	13030	269	229	7.422	1736	46.69			120
2020-07-21	55153	1159	727	32	7057	199	13204	277	174	7.661	1689	47.64			121
2020-07-22	55906	1180	753	21	6663	198	13384	282	180	5.028	1595	47.4			122
2020-07-23	56817	1209	911	29	6444	209	13602	289	218	6.943	1542	50.04			123
2020-07-24	57993	1250	1176	41	6585	212	13884	299	281	9.816	1576	50.76			124
2020-07-25	58864	1275	871	25	6603	204	14092	305	208	5.985	1580	48.84			125
2020-07-26	60296	1294	1432	19	6828	198	14435	309	342	4.549	1634	47.4			126
2020-07-27	61442	1322	1146	28	7016	195	14710	316	274	6.704	1679	46.69			127
2020-07-28	62223	1349	781	27	7070	190	14897	322	186	6.464	1692	45.49			128
2020-07-29	63269	1374	1046	25	7363	194	15147	328	250	5.985	1762	46.45			129
2020-07-30	64191	1397	922	23	7374	188	15368	334	220	5.507	1765	45.01			130
2020-07-31	65256	1421	1065	24	7263	171	15623	340	254	5.746	1738	40.94			131
2020-08-01	66383	1449	1127	28	7519	174	15892	346	269	6.704	1800	41.66			132
2020-08-02	67453	1471	1070	22	7157	177	16149	352	256	5.267	1713	42.38			133
2020-08-03	68456	1497	1003	26	7014	175	16389	358	240	6.225	1679	41.9			134
2020-08-04	69424	1522	968	25	7201	173	16621	364	231	5.985	1724	41.42			135
2020-08-05	70231	1553	807	31	6962	179	16814	371	193	7.422	1666	42.86			136
2020-08-06	71418	1574	1187	21	7227	177	17098	376	284	5.028	1730	42.38			137
2020-08-07	72560	1591	1142	17	7304	170	17371	380	273	4.07	1748	40.7			138
2020-08-08	73651	1609	1091	18	7268	160	17633	385	261	4.309	1740	38.31			139
2020-08-09	74492	1639	841	30	7039	168	17834	392	201	7.182	1685	40.22			140
2020-08-10	75394	1664	902	25	6938	167	18050	398	215	5.985	1661	39.98			141
2020-08-11	76464	1680	1070	16	7040	158	18306	402	256	3.831	1685	37.83			142
2020-08-12	77377	1703	913	23	7146	150	18525	407	218	5.507	1710	35.91			143
2020-08-13	78446	1722	1069	19	7028	148	18781	412	255	4.549	1682	35.43			144
2020-08-14	79402	1734	956	12	6842	143	19009	415	228	2.873	1638	34.24			145
2020-08-15	80665	1746	1263	12	7014	137	19312	418	302	2.873	1679	32.8			146
2020-08-16	81940	1767	1275	21	7448	128	19617	423	305	5.028	1783	30.64			147
2020-08-17	82543	1788	603	21	7149	124	19761	428	144	5.028	1711	29.69			148
2020-08-18	82790	1809	247	21	6326	129	19821	433	59	5.028	1514	30.88			149
2020-08-19	83754	1827	964	18	6377	124	20051	437	230	4.309	1526	29.69			150
2020-08-20	83855	1844	101	17	5409	122	20076	441	24	4.07	1294	29.21			151
2020-08-21	84392	1859	537	15	4990	125	20204	445	128	3.591	1194	29.93			152
2020-08-22	85480	1878	1088	19	4815	132	20465	449	260	4.549	1152	31.6			153
2020-08-23	86900	1892	1420	14	4960	125	20805	452	339	3.352	1187	29.93			154
2020-08-24	87485	1906	585	14	4942	118	20945	456	140	3.352	1183	28.25			155
2020-08-25	88381	1919	896	13	5591	110	21159	459	214	3.112	1338	26.34			156
2020-08-26	89082	1932	701	13	5328	105	21327	462	167	3.112	1275	25.14			157
2020-08-27	89982	1948	900	16	6127	104	21542	466	215	3.831	1466	24.9			158
2020-08-28	90624	1966	642	18	6232	107	21696	470	153	4.309	1492	25.62			159
2020-08-29	91337	1983	713	17	5857	105	21867	474	170	4.07	1402	25.14			160
2020-08-30	92065	1995	728	12	5165	103	22041	477	174	2.873	1236	24.66			161
2020-08-31	92982	2002	917	7	5497	96	22261	479	219	1.676	1316	22.98			162
2020-09-01	93552	2018	570	16	5171	99	22397	483	136	3.831	1238	23.7			163
2020-09-02	94084	2030	532	12	5002	98	22524	486	127	2.873	1197	23.46			164
2020-09-03	94914	2046	830	16	4932	98	22723	489	198	3.831	1180	23.46			165
2020-09-04	95596	2063	682	17	4972	97	22886	493	163	4.07	1190	23.22			166
2020-09-05	96305	2075	709	12	4968	92	23056	496	169	2.873	1189	22.03			167
2020-09-06	97043	2086	738	11	4978	91	23233	499	176	2.634	1191	21.79			168
2020-09-07	97578	2099	535	13	4596	97	23361	502	128	3.112	1100	23.22			169
2020-09-08	98407	2107	829	8	4855	89	23559	504	198	1.915	1162	21.31			170
2020-09-09	99042	2116	635	9	4958	86	23711	506	152	2.155	1187	20.59			171
2020-09-10	99715	2127	673	11	4801	81	23873	509	161	2.634	1149	19.39			172
2020-09-11	100330	2140	615	13	4734	77	24020	512	147	3.112	1133	18.43			173
2020-09-12	101041	2155	711	15	4736	80	24190	515	170	3.591	1133	19.15			174
2020-09-13	101745	2166	704	11	4702	80	24359	518	168	2.634	1125	19.15			175
2020-09-14	102204	2173	459	7	4626	74	24469	520	109	1.676	1107	17.72			176
2020-09-15	102832	2187	628	14	4425	80	24619	523	150	3.352	1059	19.15			177
2020-09-16	103466	2198	634	11	4424	82	24771	526	151	2.634	1059	19.63			178
2020-09-17	104138	2213	672	15	4423	86	24932	529	160	3.591	1058	20.59			179
2020-09-18	104879	2229	741	16	4549	89	25109	533	177	3.831	1089	21.31			180
2020-09-19	105601	2247	722	18	4560	92	25282	537	172	4.309	1091	22.03			181
2020-09-20	106203	2257	602	10	4458	91	25426	540	144	2.394	1067	21.79			182
2020-09-21	106810	2272	607	15	4606	99	25571	543	145	3.591	1102	23.7			183
2020-09-22	107284	2285	474	13	4452	98	25685	547	113	3.112	1065	23.46			184
2020-09-23	107990	2291	706	6	4524	93	25854	548	169	1.436	1083	22.27			185
2020-09-24	108726	2297	736	6	4588	84	26030	549	176	1.436	1098	20.11			186
2020-09-25	109431	2311	705	14	4552	82	26199	553	168	3.352	1089	19.63			187
2020-09-26	110108	2323	677	12	4507	76	26361	556	162	2.873	1079	18.2			188
2020-09-27	110555	2340	447	17	4352	83	26468	560	107	4.07	1041	19.87			189
2020-09-28	111277	2348	722	8	4467	76	26641	562	172	1.915	1069	18.2			190
2020-09-29	111853	2364	576	16	4569	79	26779	565	137	3.831	1093	18.91			191
2020-09-30	112595	2372	742	8	4605	81	26956	567	177	1.915	1102	19.39			192
2020-10-01	113342	2387	747	15	4616	90	27135	571	178	3.591	1105	21.55			193
2020-10-02	113962	2406	620	19	4531	95	27284	576	148	4.549	1084	22.74			194
2020-10-03	114653	2414	691	8	4545	91	27449	577	165	1.915	1088	21.79			195
2020-10-04	115286	2423	633	9	4731	83	27601	580	151	2.155	1132	19.87			196
2020-10-05	115919	2430	633	7	4642	82	27752	581	151	1.676	1111	19.63			197
2020-10-06	116602	2440	683	10	4749	76	27916	584	163	2.394	1136	18.2			198
2020-10-07	117300	2448	698	8	4705	76	28083	586	167	1.915	1126	18.2			199
2020-10-08	118054	2463	754	15	4712	76	28263	589	180	3.591	1128	18.2			200
2020-10-09	118841	2474	787	11	4879	68	28452	592	188	2.634	1168	16.28			201
2020-10-10	119666	2482	825	8	5013	68	28649	594	197	1.915	1200	16.28			202
2020-10-11	120313	2491	647	9	5027	68	28804	596	154	2.155	1203	16.28			203
2020-10-12	120802	2502	489	11	4883	72	28921	599	117	2.634	1169	17.24			204
2020-10-13	121296	2511	494	9	4694	71	29039	601	118	2.155	1123	17.0			205
2020-10-14	122128	2519	832	8	4828	71	29239	603	199	1.915	1155	17.0			206
2020-10-15	122883	2529	755	10	4829	66	29419	605	180	2.394	1156	15.8			207
2020-10-16	123498	2546	615	17	4657	72	29567	609	147	4.07	1114	17.24			208
2020-10-17	124107	2557	609	11	4441	75	29712	612	145	2.634	1063	17.96			209
2020-10-18	124745	2564	638	7	4432	73	29865	613	152	1.676	1061	17.48			210
2020-10-19	125181	2574	436	10	4379	72	29970	616	104	2.394	1048	17.24			211
2020-10-20	125739	2585	558	11	4443	74	30103	618	133	2.634	1063	17.72			212
2020-10-21	126435	2597	696	12	4307	78	30270	621	166	2.873	1031	18.67			213
2020-10-22	127227	2612	792	15	4344	83	30459	625	189	3.591	1040	19.87			214
2020-10-23	127866	2622	639	10	4368	76	30612	627	152	2.394	1045	18.2			215
2020-10-24	128515	2628	649	6	4408	71	30768	629	155	1.436	1055	17.0			216
2020-10-25	129200	2633	685	5	4455	69	30932	630	163	1.197	1066	16.52			217
2020-10-26	129751	2638	551	5	4570	64	31064	631	131	1.197	1094	15.32			218
2020-10-27	130422	2650	671	12	4683	65	31224	634	160	2.873	1121	15.56			219
2020-10-28	131247	2663	825	13	4812	66	31422	637	197	3.112	1152	15.8			220
2020-10-29	132045	2678	798	15	4818	66	31613	641	191	3.591	1153	15.8			221
2020-10-30	132867	2688	822	10	5001	66	31810	643	196	2.394	1197	15.8			222
2020-10-31	133598	2700	731	12	5083	72	31985	646	175	2.873	1216	17.24			223
2020-11-01	134336	2706	738	6	5136	73	32161	647	176	1.436	1229	17.48			224
2020-11-02	134915	2720	579	14	5164	82	32300	651	138	3.352	1236	19.63			225
2020-11-03	135592	2731	677	11	5170	81	32462	653	162	2.634	1237	19.39			226
2020-11-04	136024	2744	432	13	4777	81	32565	656	103	3.112	1143	19.39			227
2020-11-05	136567	2756	543	12	4522	78	32695	659	130	2.873	1082	18.67			228
2020-11-06	137760	2770	1193	14	4893	82	32981	663	285	3.352	1171	19.63			229
2020-11-07	138506	2781	746	11	4908	81	33160	665	178	2.634	1175	19.39			230
2020-11-08	139527	2798	1021	17	5191	92	33404	669	244	4.07	1242	22.03			231
2020-11-09	140331	2808	804	10	5416	88	33597	672	192	2.394	1296	21.07			232
2020-11-10	141302	2817	971	9	5710	86	33829	674	232	2.155	1367	20.59			233
2020-11-11	142465	2823	1163	6	6441	79	34108	675	278	1.436	1542	18.91			234
2020-11-12	143352	2830	887	7	6785	74	34320	677	212	1.676	1624	17.72			235
2020-11-13	144477	2856	1125	26	6717	86	34589	683	269	6.225	1608	20.59			236
2020-11-14	145309	2867	832	11	6803	86	34788	686	199	2.634	1628	20.59			237
2020-11-15	146653	2873	1344	6	7126	75	35110	687	321	1.436	1706	17.96			238
2020-11-16	147667	2881	1014	8	7336	73	35353	689	242	1.915	1756	17.48			239
2020-11-17	148721	2893	1054	12	7419	76	35605	692	252	2.873	1776	18.2			240
2020-11-18	149833	2907	1112	14	7368	84	35872	695	266	3.352	1763	20.11			241
2020-11-19	151089	2922	1256	15	7737	92	36172	699	300	3.591	1852	22.03			242
2020-11-20	152289	2932	1200	10	7812	76	36460	701	287	2.394	1870	18.2			243
2020-11-21	153577	2946	1288	14	8268	79	36768	705	308	3.352	1979	18.91			244
2020-11-22	154783	2957	1206	11	8130	84	37057	707	288	2.634	1946	20.11			245
2020-11-23	155658	2973	875	16	7991	92	37266	711	209	3.831	1913	22.03			246
2020-11-24	156930	2986	1272	13	8209	93	37571	714	304	3.112	1965	22.27			247
2020-11-25	158532	3002	1602	16	8699	95	37954	718	383	3.831	2082	22.74			248
2020-11-26	160287	3018	1755	16	9198	96	38374	722	420	3.831	2202	22.98			249
2020-11-27	161744	3030	1457	12	9455	98	38723	725	348	2.873	2263	23.46			250
2020-11-28	163453	3039	1709	9	9876	93	39132	727	409	2.155	2364	22.27			251
2020-11-29	164729	3060	1276	21	9946	103	39438	732	305	5.028	2381	24.66			252
2020-11-30	165806	3079	1077	19	10148	106	39696	737	257	4.549	2429	25.38			253
2020-12-01	167311	3098	1505	19	10381	112	40056	741	360	4.549	2485	26.81			254
2020-12-02	169339	3114	2028	16	10807	112	40542	745	485	3.831	2587	26.81			255
2020-12-03	171219	3141	1880	27	10932	123	40992	751	450	6.464	2617	29.45			256
2020-12-04	173607	3154	2388	13	11863	124	41563	755	571	3.112	2840	29.69			257
2020-12-05	175907	3173	2300	19	12454	134	42114	759	550	4.549	2981	32.08			258
2020-12-06	177719	3193	1812	20	12990	133	42548	764	433	4.788	3109	31.84			259
2020-12-07	179230	3212	1511	19	13424	133	42910	768	361	4.549	3213	31.84			260
2020-12-08	181166	3241	1936	29	13855	143	43373	775	463	6.943	3317	34.24			261
2020-12-09	182977	3264	1811	23	13638	150	43807	781	433	5.507	3265	35.91			262
2020-12-10	185424	3287	2447	23	14205	146	44393	786	585	5.507	3400	34.95			263
2020-12-11	187779	3309	2355	22	14172	155	44956	792	563	5.267	3392	37.11			264
2020-12-12	190585	3331	2806	22	14678	158	45628	797	671	5.267	3514	37.83			265
2020-12-13	193007	3356	2422	25	15288	163	46208	803	579	5.985	3660	39.02			266
2020-12-14	194619	3382	1612	26	15389	170	46594	809	385	6.225	3684	40.7			267
2020-12-15	196987	3411	2368	29	15821	170	47161	816	566	6.943	3787	40.7			268
2020-12-16	199947	3439	2960	28	16970	175	47870	823	708	6.704	4062	41.9			269
2020-12-17	203295	3481	3348	42	17871	194	48671	833	801	10.055	4278	46.45			270
2020-12-18	206310	3504	3015	23	18531	195	49393	838	721	5.507	4436	46.69			271
2020-12-19	209584	3527	3274	23	18999	196	50177	844	783	5.507	4548	46.93			272
2020-12-20	212339	3566	2755	39	19332	210	50836	853	659	9.337	4628	50.28			273
2020-12-21	214038	3597	1699	31	19419	215	51243	861	406	7.422	4649	51.47			274
2020-12-22	217202	3632	3164	35	20215	221	52001	869	757	8.379	4839	52.91			275
2020-12-23	220261	3664	3059	32	20314	225	52733	877	732	7.661	4863	53.87			276
2020-12-24	223674	3715	3413	51	20379	234	53550	889	817	12.21	4879	56.02			277
2020-12-25	226660	3756	2986	41	20350	252	54265	899	714	9.816	4872	60.33			278
2020-12-26	228724	3799	2064	43	19140	272	54759	909	494	10.295	4582	65.12			279
2020-12-27	231357	3840	2633	41	19018	274	55390	919	630	9.816	4553	65.6			280
2020-12-28	233705	3892	2348	52	19667	295	55952	931	562	12.45	4708	70.63			281
2020-12-29	238279	3933	4574	41	21077	301	57047	941	1095	9.816	5046	72.06			282
2020-12-30	242744	3975	4465	42	22483	311	58116	951	1068	10.055	5382	74.46			283
2020-12-31	246790	4022	4046	47	23116	307	59084	962	968	11.252	5534	73.5			284
2021-01-01	249733	4064	2943	42	23073	308	59789	972	704	10.055	5523	73.74			285
2021-01-02	251764	4103	2031	39	23040	304	60275	982	486	9.337	5516	72.78			286
2021-01-03	253736	4140	1972	37	22379	300	60747	991	472	8.858	5357	71.82			287
2021-01-04	256230	4197	2494	57	22525	305	61344	1004	597	13.647	5392	73.02			288
2021-01-05	259770	4238	3540	41	21491	305	62192	1014	847	9.816	5145	73.02			289
2021-01-06	264956	4283	5186	45	22212	308	63434	1025	1241	10.774	5317	73.74			290
2021-01-07	269091	4321	4135	38	22301	299	64424	1034	989	9.098	5339	71.58			291
2021-01-08	273037	4363	3946	42	23304	299	65368	1044	944	10.055	5579	71.58			292
2021-01-09	276772	4406	3735	43	25008	303	66262	1054	894	10.295	5987	72.54			293
2021-01-10	279196	4455	2424	49	25460	315	66843	1066	580	11.731	6095	75.42			294
2021-01-11	281353	4500	2157	45	25123	303	67359	1077	516	10.774	6014	72.54			295
2021-01-12	285093	4561	3740	61	25323	323	68255	1091	895	14.604	6062	77.33			296
2021-01-13	288408	4594	3315	33	23452	311	69048	1099	793	7.901	5614	74.46			297
2021-01-14	291285	4651	2877	57	22194	330	69737	1113	688	13.647	5313	79.01			298
2021-01-15	293592	4689	2307	38	20555	326	70289	1122	552	9.098	4921	78.05			299
2021-01-16	296269	4738	2677	49	19497	332	70930	1134	640	11.731	4667	79.49			300
2021-01-17	298019	4787	1750	49	18823	332	71349	1146	418	11.731	4506	79.49			301
2021-01-18	299361	4828	1342	41	18008	328	71671	1155	321	9.816	4311	78.53			302
2021-01-19	301534	4864	2173	36	16441	303	72191	1164	520	8.619	3936	72.54			303
2021-01-20	303777	4912	2243	48	15369	318	72728	1175	537	11.492	3679	76.13			304
2021-01-21	305752	4944	1975	32	14467	293	73201	1183	472	7.661	3463	70.15			305
2021-01-22	307793	4980	2041	36	14201	291	73689	1192	488	8.619	3399	69.67			306
2021-01-23	309851	5034	2058	54	13582	296	74182	1205	492	12.928	3251	70.87			307
2021-01-24	311244	5063	1393	29	13225	276	74516	1212	333	6.943	3166	66.08			308
2021-01-25	312158	5098	914	35	12797	270	74734	1220	218	8.379	3063	64.64			309
2021-01-26	313834	5137	1676	39	12300	273	75136	1229	401	9.337	2944	65.36			310
2021-01-27	315400	5176	1566	39	11623	264	75511	1239	374	9.337	2782	63.21			311
2021-01-28	316808	5196	1408	20	11056	252	75848	1243	337	4.788	2646	60.33			312
2021-01-29	318253	5221	1445	25	10460	241	76194	1249	345	5.985	2504	57.7			313
2021-01-30	319453	5244	1200	23	9602	210	76481	1255	287	5.507	2298	50.28			314
2021-01-31	320379	5270	926	26	9135	207	76703	1261	221	6.225	2187	49.56			315
2021-02-01	321103	5296	724	26	8945	198	76876	1267	173	6.225	2141	47.4			316
2021-02-02	322201	5339	1098	43	8367	202	77139	1278	262	10.295	2003	48.36			317
2021-02-03	323382	5366	1181	27	7982	190	77422	1284	282	6.464	1910	45.49			318
2021-02-04	324489	5391	1107	25	7681	195	77687	1290	265	5.985	1838	46.69			319
2021-02-05	325487	5426	998	35	7234	205	77925	1299	238	8.379	1731	49.08			320
2021-02-06	326464	5455	977	29	7011	211	78159	1306	233	6.943	1678	50.52			321
2021-02-07	327091	5480	627	25	6712	210	78310	1311	150	5.985	1606	50.28			322
2021-02-08	327654	5506	563	26	6551	210	78444	1318	134	6.225	1568	50.28			323
2021-02-09	328476	5531	822	25	6275	192	78641	1324	196	5.985	1502	45.97			324
2021-02-10	329367	5550	891	19	5985	184	78854	1328	213	4.549	1432	44.05			325
2021-02-11	330075	5572	708	22	5586	181	79024	1334	169	5.267	1337	43.33			326
2021-02-12	330985	5595	910	23	5498	169	79242	1339	217	5.507	1316	40.46			327
2021-02-13	331692	5621	707	26	5228	166	79411	1345	169	6.225	1251	39.74			328
2021-02-14	332179	5636	487	15	5088	156	79528	1349	116	3.591	1218	37.35			329
2021-02-15	332679	5642	500	6	5025	136	79647	1350	119	1.436	1203	32.56			330
2021-02-16	333251	5655	572	13	4775	124	79784	1353	136	3.112	1143	29.69			331
2021-02-17	333755	5672	504	17	4388	122	79905	1357	120	4.07	1050	29.21			332
2021-02-18	334463	5694	708	22	4388	122	80074	1363	169	5.267	1050	29.21			333
2021-02-19	335339	5711	876	17	4354	116	80284	1367	209	4.07	1042	27.77			334
2021-02-20	336037	5727	698	16	4345	106	80451	1371	167	3.831	1040	25.38			335
2021-02-21	336521	5742	484	15	4342	106	80567	1374	115	3.591	1039	25.38			336
2021-02-22	337087	5756	566	14	4408	114	80703	1378	135	3.352	1055	27.29			337
2021-02-23	337805	5772	718	16	4554	117	80875	1381	171	3.831	1090	28.01			338
2021-02-24	338701	5789	896	17	4946	117	81089	1385	214	4.07	1184	28.01			339
2021-02-25	339383	5810	682	21	4920	116	81252	1390	163	5.028	1177	27.77			340
2021-02-26	339781	5820	398	10	4442	109	81348	1393	95	2.394	1063	26.1			341
2021-02-27	340445	5831	664	11	4408	104	81507	1396	158	2.634	1055	24.9			342
2021-02-28	340915	5845	470	14	4394	103	81619	1399	112	3.352	1051	24.66			343
2021-03-01	341420	5858	505	13	4333	102	81740	1402	120	3.112	1037	24.42			344
2021-03-02	342019	5871	599	13	4214	99	81883	1405	143	3.112	1008	23.7			345
2021-03-03	342741	5884	722	13	4040	95	82056	1408	172	3.112	967	22.74			346
2021-03-04	343281	5895	540	11	3898	85	82186	1411	129	2.634	933	20.35			347
2021-03-05	343743	5907	462	12	3962	87	82296	1414	110	2.873	948	20.83			348
2021-03-06	344477	5910	734	3	4032	79	82472	1414	175	0.718	965	18.91			349
2021-03-07	344834	5923	357	13	3919	78	82557	1418	85	3.112	938	18.67			350
2021-03-08	345236	5934	402	11	3816	76	82654	1420	96	2.634	913	18.2			351
2021-03-09	345759	5944	523	10	3740	73	82779	1423	125	2.394	895	17.48			352
2021-03-10	346301	5957	542	13	3560	73	82909	1426	129	3.112	852	17.48			353
2021-03-11	346775	5972	474	15	3494	77	83022	1429	113	3.591	836	18.43			354
2021-03-12	347226	5981	451	9	3483	74	83130	1431	107	2.155	833	17.72			355
2021-03-13	347641	5987	415	6	3164	77	83229	1433	99	1.436	757	18.43			356
2021-03-14	347919	5994	278	7	3085	71	83296	1435	66	1.676	738	17.0			357
2021-03-15	348155	6005	236	11	2919	71	83353	1437	56	2.634	698	17.0			358
2021-03-16	348580	6009	425	4	2821	65	83454	1438	101	0.958	675	15.56			359
2021-03-17	349020	6018	440	9	2719	61	83560	1440	105	2.155	650	14.6			360
2021-03-18	349505	6025	485	7	2730	53	83676	1442	116	1.676	653	12.69			361
2021-03-19	350220	6035	715	10	2994	54	83847	1444	171	2.394	716	12.93			362
2021-03-20	350665	6042	445	7	3024	55	83953	1446	106	1.676	723	13.17			363
2021-03-21	350991	6044	326	2	3072	50	84032	1447	78	0.479	735	11.97			364
2021-03-22	351213	6052	222	8	3058	47	84085	1448	53	1.915	732	11.25			365
2021-03-23	351667	6060	454	8	3087	51	84193	1450	108	1.915	739	12.21			366
2021-03-24	352082	6065	415	5	3062	47	84293	1452	99	1.197	733	11.25			367
2021-03-25	352579	6073	497	8	3074	48	84412	1453	118	1.915	735	11.49			368
2021-03-26	353017	6087	438	14	2797	52	84517	1457	104	3.352	669	12.45			369
2021-03-27	353497	6090	480	3	2832	48	84631	1458	114	0.718	678	11.49			370
2021-03-28	353839	6100	342	10	2848	56	84713	1460	81	2.394	681	13.41			371
2021-03-29	354085	6103	246	3	2872	51	84772	1461	58	0.718	687	12.21			372
2021-03-30	354604	6109	519	6	2937	49	84897	1462	124	1.436	703	11.73			373
2021-03-31	355051	6114	447	5	2969	49	85004	1463	107	1.197	710	11.73			374
2021-04-01	355499	6119	448	5	2920	46	85111	1464	107	1.197	699	11.01			375
2021-04-02	355850	6126	351	7	2833	39	85195	1466	84	1.676	678	9.34			376
2021-04-03	356073	6131	223	5	2576	41	85248	1467	53	1.197	616	9.82			377
2021-04-04	356377	6135	304	4	2538	35	85321	1468	72	0.958	607	8.38			378
2021-04-05	356556	6138	179	3	2471	35	85364	1469	42	0.718	591	8.38			379
2021-04-06	356913	6146	357	8	2309	37	85449	1471	85	1.915	552	8.86			380
2021-04-07	357277	6148	364	2	2226	34	85536	1471	87	0.479	532	8.14			381
2021-04-08	357704	6152	427	4	2205	33	85639	1472	102	0.958	527	7.9			382
2021-04-09	358098	6156	394	4	2248	30	85733	1473	94	0.958	538	7.18			383
2021-04-10	358377	6159	279	3	2304	28	85800	1474	66	0.718	551	6.7			384
2021-04-11	358611	6163	234	4	2234	28	85856	1475	56	0.958	534	6.7			385
2021-04-12	358792	6167	181	4	2236	29	85899	1476	43	0.958	535	6.94			386
2021-04-13	359121	6173	329	6	2208	27	85978	1477	78	1.436	528	6.46			387
2021-04-14	359516	6177	395	4	2239	29	86073	1478	94	0.958	536	6.94			388
2021-04-15	359830	6183	314	6	2126	31	86148	1480	75	1.436	508	7.42			389
2021-04-16	360249	6185	419	2	2151	29	86248	1480	100	0.479	514	6.94			390
2021-04-17	360597	6187	348	2	2220	28	86331	1481	83	0.479	531	6.7			391
2021-04-18	360841	6188	244	1	2230	25	86390	1481	58	0.239	533	5.99			392
2021-04-19	361044	6189	203	1	2252	22	86438	1481	48	0.239	539	5.27			393
2021-04-20	361319	6192	275	3	2198	19	86504	1482	65	0.718	526	4.55			394
2021-04-21	361678	6196	359	4	2162	19	86590	1483	85	0.958	517	4.55			395
2021-04-22	361992	6198	314	2	2162	15	86665	1483	75	0.479	517	3.59			396
2021-04-23	362358	6200	366	2	2109	15	86753	1484	87	0.479	504	3.59			397
2021-04-24	362696	6207	338	7	2099	20	86834	1486	80	1.676	502	4.79			398
2021-04-25	362967	6209	271	2	2126	21	86899	1486	64	0.479	508	5.03			399
2021-04-26	363165	6212	198	3	2121	23	86946	1487	47	0.718	507	5.51			400
2021-04-27	363533	6216	368	4	2214	24	87034	1488	88	0.958	530	5.75			401
2021-04-28	363895	6222	362	6	2217	26	87121	1489	86	1.436	530	6.22			402
2021-04-29	364218	6227	323	5	2226	29	87198	1490	77	1.197	532	6.94			403
2021-04-30	364576	6232	358	5	2218	32	87284	1492	85	1.197	531	7.66			404
2021-05-01	364844	6235	268	3	2148	28	87348	1492	64	0.718	514	6.7			405
2021-05-02	365104	6238	260	3	2137	29	87410	1493	62	0.718	511	6.94			406
2021-05-03	365299	6244	195	6	2134	32	87457	1494	46	1.436	510	7.66			407
2021-05-04	365619	6248	320	4	2086	32	87534	1495	76	0.958	499	7.66			408
2021-05-05	365975	6252	356	4	2080	30	87619	1496	85	0.958	497	7.18			409
2021-05-06	366364	6255	389	3	2146	28	87712	1497	93	0.718	513	6.7			410
2021-05-07	366762	6258	398	3	2186	26	87807	1498	95	0.718	523	6.22			411
2021-05-08	367270	6265	508	7	2426	30	87929	1499	121	1.676	580	7.18			412
2021-05-09	367656	6271	386	6	2552	33	88021	1501	92	1.436	610	7.9			413
2021-05-10	367908	6277	252	6	2609	33	88082	1502	60	1.436	624	7.9			414
2021-05-11	368368	6282	460	5	2749	34	88192	1503	110	1.197	658	8.14			415
2021-05-12	368930	6285	562	3	2955	33	88326	1504	134	0.718	707	7.9			416
2021-05-13	369455	6288	525	3	3091	33	88452	1505	125	0.718	740	7.9			417
2021-05-14	370043	6292	588	4	3281	34	88593	1506	140	0.958	785	8.14			418
2021-05-15	370533	6296	490	4	3263	31	88710	1507	117	0.958	781	7.42			419
2021-05-16	370877	6296	344	0	3221	25	88792	1507	82	0.0	771	5.99			420
2021-05-17	371145	6297	268	1	3237	20	88857	1507	64	0.239	774	4.79			421
2021-05-18	371684	6300	539	3	3316	18	88986	1508	129	0.718	793	4.31			422
2021-05-19	372221	6305	537	5	3291	20	89114	1509	128	1.197	787	4.79			423
2021-05-20	372800	6314	579	9	3345	26	89253	1511	138	2.155	800	6.22			424
2021-05-21	373308	6321	508	7	3265	29	89374	1513	121	1.676	781	6.94			425
2021-05-22	373774	6328	466	7	3241	32	89486	1515	111	1.676	775	7.66			426
2021-05-23	374121	6331	347	3	3244	35	89569	1515	83	0.718	776	8.38			427
2021-05-24	374356	6346	235	15	3211	49	89625	1519	56	3.591	768	11.73			428
2021-05-25	374937	6353	581	7	3253	53	89764	1520	139	1.676	778	12.69			429
2021-05-26	375600	6357	663	4	3379	52	89923	1521	158	0.958	808	12.45			430
2021-05-27	376237	6361	637	4	3437	47	90076	1522	152	0.958	822	11.25			431
2021-05-28	376854	6365	617	4	3546	44	90223	1523	147	0.958	848	10.53			432
2021-05-29	377428	6369	574	4	3654	41	90361	1524	137	0.958	874	9.82			433
2021-05-30	377776	6370	348	1	3655	39	90444	1525	83	0.239	875	9.34			434
2021-05-31	378097	6371	321	1	3741	25	90521	1525	76	0.239	895	5.99			435
2021-06-01	378828	6377	731	6	3891	24	90696	1526	175	1.436	931	5.75			436
2021-06-02	379506	6381	678	4	3906	24	90858	1527	162	0.958	935	5.75			437
2021-06-03	380207	6388	701	7	3970	27	91026	1529	167	1.676	950	6.46			438
2021-06-04	381122	6389	915	1	4268	24	91245	1529	219	0.239	1021	5.75			439
2021-06-05	381949	6395	827	6	4521	26	91443	1531	197	1.436	1082	6.22			440
2021-06-06	382475	6402	526	7	4699	32	91569	1532	125	1.676	1125	7.66			441
2021-06-07	382851	6404	376	2	4754	33	91659	1533	90	0.479	1138	7.9			442
2021-06-08	383733	6408	882	4	4905	31	91870	1534	211	0.958	1174	7.42			443
2021-06-09	384512	6413	779	5	5006	32	92057	1535	186	1.197	1198	7.66			444
2021-06-10	385353	6419	841	6	5146	31	92258	1536	201	1.436	1232	7.42			445
2021-06-11	386269	6427	916	8	5147	38	92478	1538	219	1.915	1232	9.1			446
2021-06-12	387127	6439	858	12	5178	44	92683	1541	205	2.873	1239	10.53			447
2021-06-13	387842	6444	715	5	5367	42	92854	1542	171	1.197	1284	10.06			448
2021-06-14	388325	6451	483	7	5474	47	92970	1544	115	1.676	1310	11.25			449
2021-06-15	389173	6452	848	1	5440	44	93173	1544	203	0.239	1302	10.53			450
2021-06-16	390221	6457	1048	5	5709	44	93424	1545	250	1.197	1366	10.53			451
2021-06-17	391190	6458	969	1	5837	39	93656	1546	231	0.239	1397	9.34			452
2021-06-18	392166	6465	976	7	5897	38	93889	1547	233	1.676	1411	9.1			453
2021-06-19	393144	6468	978	3	6017	29	94124	1548	234	0.718	1440	6.94			454
2021-06-20	393727	6475	583	7	5885	31	94263	1550	139	1.676	1408	7.42			455
2021-06-21	394241	6477	514	2	5916	26	94386	1550	123	0.479	1416	6.22			456
2021-06-22	395449	6483	1208	6	6276	31	94675	1552	289	1.436	1502	7.42			457
2021-06-23	396526	6491	1077	8	6305	34	94933	1554	257	1.915	1509	8.14			458
2021-06-24	397727	6500	1201	9	6537	42	95221	1556	287	2.155	1565	10.06			459
2021-06-25	398820	6505	1093	5	6654	40	95482	1557	261	1.197	1593	9.58			460
2021-06-26	399877	6514	1057	9	6733	46	95735	1559	253	2.155	1611	11.01			461
2021-06-27	400666	6524	789	10	6939	49	95924	1561	188	2.394	1661	11.73			462
2021-06-28	401332	6529	666	5	7091	52	96084	1563	159	1.197	1697	12.45			463
2021-06-29	402581	6536	1249	7	7132	53	96383	1564	299	1.676	1707	12.69			464
2021-06-30	403778	6545	1197	9	7252	54	96669	1566	286	2.155	1736	12.93			465
2021-07-01	404983	6552	1205	7	7256	52	96958	1568	288	1.676	1737	12.45			466
2021-07-02	406013	6560	1030	8	7193	55	97205	1570	246	1.915	1722	13.17			467
2021-07-03	407330	6567	1317	7	7453	53	97520	1572	315	1.676	1784	12.69			468
2021-07-04	408123	6574	793	7	7457	50	97710	1573	189	1.676	1785	11.97			469
2021-07-05	408728	6583	605	9	7396	54	97855	1576	144	2.155	1770	12.93			470
2021-07-06	410004	6591	1276	8	7423	55	98160	1577	305	1.915	1777	13.17			471
2021-07-07	411226	6599	1222	8	7448	54	98453	1579	292	1.915	1783	12.93			472
2021-07-08	412466	6604	1240	5	7483	52	98749	1581	296	1.197	1791	12.45			473
2021-07-09	413626	6614	1160	10	7613	54	99027	1583	277	2.394	1822	12.93			474
2021-07-10	414647	6627	1021	13	7317	60	99272	1586	244	3.112	1751	14.36			475
2021-07-11	415480	6632	833	5	7357	58	99471	1587	199	1.197	1761	13.89			476
2021-07-12	416232	6646	752	14	7504	63	99651	1591	180	3.352	1796	15.08			477
2021-07-13	417087	6654	855	8	7083	63	99856	1593	204	1.915	1695	15.08			478
2021-07-14	418604	6661	1517	7	7378	62	100219	1594	363	1.676	1766	14.84			479
2021-07-15	419829	6674	1225	13	7363	70	100512	1597	293	3.112	1762	16.76			480
2021-07-16	420916	6688	1087	14	7290	74	100772	1601	260	3.352	1745	17.72			481
2021-07-17	421957	6697	1041	9	7310	70	101022	1603	249	2.155	1750	16.76			482
2021-07-18	422678	6703	721	6	7198	71	101194	1604	172	1.436	1723	17.0			483
2021-07-19	423366	6710	688	7	7134	64	101359	1606	164	1.676	1707	15.32			484
2021-07-20	424455	6716	1089	6	7368	62	101620	1607	260	1.436	1763	14.84			485
2021-07-21	425599	6723	1144	7	6995	62	101894	1609	273	1.676	1674	14.84			486
2021-07-22	426849	6730	1250	7	7020	56	102193	1611	299	1.676	1680	13.41			487
2021-07-23	427987	6743	1138	13	7071	55	102465	1614	272	3.112	1692	13.17			488
2021-07-24	429083	6750	1096	7	7126	53	102728	1616	262	1.676	1706	12.69			489
2021-07-25	429949	6759	866	9	7271	56	102935	1618	207	2.155	1740	13.41			490
2021-07-26	430444	6768	495	9	7078	58	103054	1620	118	2.155	1694	13.89			491
2021-07-27	431554	6781	1110	13	7099	65	103319	1623	265	3.112	1699	15.56			492
2021-07-28	432523	6791	969	10	6924	68	103551	1625	231	2.394	1657	16.28			493
2021-07-29	433545	6798	1022	7	6696	68	103796	1627	244	1.676	1603	16.28			494
2021-07-30	434460	6808	915	10	6473	65	104015	1629	219	2.394	1549	15.56			495
2021-07-31	435655	6823	1195	15	6572	73	104301	1633	286	3.591	1573	17.48			496
2021-08-01	436475	6833	820	10	6526	74	104498	1635	196	2.394	1562	17.72			497
2021-08-02	436812	6842	337	9	6368	74	104578	1638	80	2.155	1524	17.72			498
2021-08-03	437744	6851	932	9	6190	70	104801	1640	223	2.155	1481	16.76			499
2021-08-04	438781	6860	1037	9	6258	69	105050	1642	248	2.155	1498	16.52			500
2021-08-05	439599	6875	818	15	6054	77	105245	1645	195	3.591	1449	18.43			501
2021-08-06	439599	6875	0	0	5139	67	105245	1645	0	0.0	1230	16.04			502
2021-08-07	441316	6894	1717	19	5661	71	105657	1650	411	4.549	1355	17.0			503
2021-08-08	442295	6906	979	12	5820	73	105891	1653	234	2.873	1393	17.48			504
2021-08-09	442818	6912	523	6	6006	70	106016	1654	125	1.436	1437	16.76			505
2021-08-10	443718	6918	900	6	5974	67	106232	1656	215	1.436	1430	16.04			506
2021-08-11	444695	6924	977	6	5914	64	106466	1657	233	1.436	1415	15.32			507
