Date	Cases	Deaths	Cases_New	Deaths_New	Cases_Last_Week	Deaths_Last_Week	Cases_Per_Million	Deaths_Per_Million	Cases_New_Per_Million	Deaths_New_Per_Million	Cases_Last_Week_Per_Million	Deaths_Last_Week_Per_Million	DIVI_Intensivstationen_Covid_Prozent	DIVI_Intensivstationen_Betten_belegt_Prozent	Cases_Last_Week_Doubling_Time	Cases_Last_Week_7Day_Percent
2020-01-02	0	0	0	0	0	0	0	0	0	0.0	0	0.0				
2020-01-03	0	0	0	0	0	0	0	0	0	0.0	0	0.0				
2020-01-04	0	0	0	0	0	0	0	0	0	0.0	0	0.0				
2020-01-05	0	0	0	0	0	0	0	0	0	0.0	0	0.0				
2020-01-06	0	0	0	0	0	0	0	0	0	0.0	0	0.0				
2020-01-07	0	0	0	0	0	0	0	0	0	0.0	0	0.0				
2020-01-08	0	0	0	0	0	0	0	0	0	0.0	0	0.0				
2020-01-09	0	0	0	0	0	0	0	0	0	0.0	0	0.0				0
2020-01-10	0	0	0	0	0	0	0	0	0	0.0	0	0.0				0
2020-01-11	0	0	0	0	0	0	0	0	0	0.0	0	0.0				0
2020-01-12	0	0	0	0	0	0	0	0	0	0.0	0	0.0				0
2020-01-13	0	0	0	0	0	0	0	0	0	0.0	0	0.0				0
2020-01-14	0	0	0	0	0	0	0	0	0	0.0	0	0.0				0
2020-01-15	0	0	0	0	0	0	0	0	0	0.0	0	0.0				0
2020-01-16	0	0	0	0	0	0	0	0	0	0.0	0	0.0				0
2020-01-17	0	0	0	0	0	0	0	0	0	0.0	0	0.0				0
2020-01-18	0	0	0	0	0	0	0	0	0	0.0	0	0.0				0
2020-01-19	0	0	0	0	0	0	0	0	0	0.0	0	0.0				0
2020-01-20	0	0	0	0	0	0	0	0	0	0.0	0	0.0				0
2020-01-21	0	0	0	0	0	0	0	0	0	0.0	0	0.0				0
2020-01-22	0	0	0	0	0	0	0	0	0	0.0	0	0.0				0
2020-01-23	0	0	0	0	0	0	0	0	0	0.0	0	0.0				0
2020-01-24	0	0	0	0	0	0	0	0	0	0.0	0	0.0				0
2020-01-25	0	0	0	0	0	0	0	0	0	0.0	0	0.0				0
2020-01-26	0	0	0	0	0	0	0	0	0	0.0	0	0.0				0
2020-01-27	0	0	0	0	0	0	0	0	0	0.0	0	0.0				0
2020-01-28	0	0	0	0	0	0	0	0	0	0.0	0	0.0				0
2020-01-29	0	0	0	0	0	0	0	0	0	0.0	0	0.0				0
2020-01-30	0	0	0	0	0	0	0	0	0	0.0	0	0.0				0
2020-01-31	0	0	0	0	0	0	0	0	0	0.0	0	0.0				0
2020-02-01	0	0	0	0	0	0	0	0	0	0.0	0	0.0				0
2020-02-02	0	0	0	0	0	0	0	0	0	0.0	0	0.0				0
2020-02-03	0	0	0	0	0	0	0	0	0	0.0	0	0.0				0
2020-02-04	0	0	0	0	0	0	0	0	0	0.0	0	0.0				0
2020-02-05	0	0	0	0	0	0	0	0	0	0.0	0	0.0				0
2020-02-06	0	0	0	0	0	0	0	0	0	0.0	0	0.0				0
2020-02-07	0	0	0	0	0	0	0	0	0	0.0	0	0.0				0
2020-02-08	0	0	0	0	0	0	0	0	0	0.0	0	0.0				0
2020-02-09	0	0	0	0	0	0	0	0	0	0.0	0	0.0				0
2020-02-10	0	0	0	0	0	0	0	0	0	0.0	0	0.0				0
2020-02-11	0	0	0	0	0	0	0	0	0	0.0	0	0.0				0
2020-02-12	0	0	0	0	0	0	0	0	0	0.0	0	0.0				0
2020-02-13	0	0	0	0	0	0	0	0	0	0.0	0	0.0				0
2020-02-14	0	0	0	0	0	0	0	0	0	0.0	0	0.0				0
2020-02-15	0	0	0	0	0	0	0	0	0	0.0	0	0.0				0
2020-02-16	0	0	0	0	0	0	0	0	0	0.0	0	0.0				0
2020-02-17	0	0	0	0	0	0	0	0	0	0.0	0	0.0				0
2020-02-18	0	0	0	0	0	0	0	0	0	0.0	0	0.0				0
2020-02-19	0	0	0	0	0	0	0	0	0	0.0	0	0.0				0
2020-02-20	0	0	0	0	0	0	0	0	0	0.0	0	0.0				0
2020-02-21	0	0	0	0	0	0	0	0	0	0.0	0	0.0				0
2020-02-22	0	0	0	0	0	0	0	0	0	0.0	0	0.0				0
2020-02-23	0	0	0	0	0	0	0	0	0	0.0	0	0.0				0
2020-02-24	0	0	0	0	0	0	0	0	0	0.0	0	0.0				0
2020-02-25	0	0	0	0	0	0	0	0	0	0.0	0	0.0				0
2020-02-26	0	0	0	0	0	0	0	0	0	0.0	0	0.0				0
2020-02-27	0	0	0	0	0	0	0	0	0	0.0	0	0.0				0
2020-02-28	0	0	0	0	0	0	0	0	0	0.0	0	0.0				0
2020-02-29	1	0	1	0	1	0	0	0	0	0.0	0	0.0				0
2020-03-01	1	0	0	0	1	0	0	0	0	0.0	0	0.0				0
2020-03-02	1	0	0	0	1	0	0	0	0	0.0	0	0.0				0
2020-03-03	7	0	6	0	7	0	1	0	1	0.0	1	0.0				0
2020-03-04	10	0	3	0	10	0	2	0	0	0.0	2	0.0				0
2020-03-05	20	0	10	0	20	0	5	0	2	0.0	5	0.0				0
2020-03-06	25	0	5	0	25	0	6	0	1	0.0	6	0.0				0
2020-03-07	26	0	1	0	25	0	7	0	0	0.0	6	0.0				0
2020-03-08	37	0	11	0	36	0	10	0	3	0.0	9	0.0				0
2020-03-09	58	0	21	0	57	0	15	0	5	0.0	15	0.0				0
2020-03-10	91	0	33	0	84	0	24	0	9	0.0	23	0.0				1100.0
2020-03-11	132	0	41	0	122	0	36	0	11	0.0	33	0.0				1120.0
2020-03-12	179	0	47	0	159	0	49	0	12	0.0	43	0.0				695.0
2020-03-13	238	0	59	0	213	0	65	0	16	0.0	58	0.0				752.0
2020-03-14	267	0	29	0	241	0	73	0	7	0.0	66	0.0				864.0
2020-03-15	293	0	26	0	256	0	80	0	7	0.0	70	0.0				611.1
2020-03-16	356	0	63	0	298	0	97	0	17	0.0	81	0.0				422.8
2020-03-17	448	0	92	0	357	0	122	0	25	0.0	97	0.0				325.0
2020-03-18	593	2	145	2	461	2	162	0	39	0.549	126	0.55				277.9
2020-03-19	773	3	180	1	594	3	212	0	49	0.274	162	0.82				273.6
2020-03-20	942	5	169	2	704	5	258	1	46	0.549	193	1.37				230.5
2020-03-21	1069	7	127	2	802	7	293	1	34	0.549	220	1.92				232.8
2020-03-22	1137	8	68	1	844	8	311	2	18	0.274	231	2.19				229.7
2020-03-23	1296	12	159	4	940	12	355	3	43	1.097	257	3.29				215.4
2020-03-24	1495	17	199	5	1047	17	410	4	54	1.372	287	4.66				193.3
2020-03-25	1739	19	244	2	1146	17	477	5	66	0.549	314	4.66				148.6
2020-03-26	2025	23	286	4	1252	20	555	6	78	1.097	343	5.49				110.8
2020-03-27	2230	28	205	5	1288	23	611	7	56	1.372	353	6.31				83.0
2020-03-28	2430	31	200	3	1361	24	666	8	54	0.823	373	6.58				69.7
2020-03-29	2516	35	86	4	1379	27	690	9	23	1.097	378	7.41				63.4
2020-03-30	2683	40	167	5	1387	28	736	10	45	1.372	380	7.68				47.6
2020-03-31	2896	43	213	3	1401	26	794	11	58	0.823	384	7.13				33.8
2020-04-01	3083	51	187	8	1344	32	845	13	51	2.195	368	8.78				17.3
2020-04-02	3320	57	237	6	1295	34	910	15	65	1.646	355	9.33				3.4
2020-04-03	3558	74	238	17	1328	46	976	20	65	4.664	364	12.62				3.1
2020-04-04	3665	76	107	2	1235	45	1005	20	29	0.549	338	12.35				-9.3
2020-04-05	3743	81	78	5	1227	46	1026	22	21	1.372	336	12.62				-11.0
2020-04-06	3885	90	142	9	1202	50	1065	24	38	2.469	329	13.72				-13.3
2020-04-07	4087	105	202	15	1191	62	1121	28	55	4.115	326	17.01				-15.0
2020-04-08	4264	111	177	6	1181	60	1169	30	48	1.646	324	16.46				-12.1
2020-04-09	4441	121	177	10	1121	64	1218	33	48	2.744	307	17.56				-13.4
2020-04-10	4523	126	82	5	965	52	1240	34	22	1.372	264	14.27				-27.3
2020-04-11	4610	128	87	2	945	52	1264	35	23	0.549	259	14.27				-23.5
2020-04-12	4664	128	54	0	921	47	1279	35	14	0.0	252	12.9				-24.9
2020-04-13	4722	131	58	3	837	41	1295	35	15	0.823	229	11.25				-30.4
2020-04-14	4796	132	74	1	709	27	1315	36	20	0.274	194	7.41				-40.5
2020-04-15	4909	135	113	3	645	24	1346	37	31	0.823	176	6.58				-45.4
2020-04-16	5003	138	94	3	562	17	1372	37	25	0.823	154	4.66				-49.9
2020-04-17	5121	144	118	6	598	18	1405	39	32	1.646	164	4.94				-38.0
2020-04-18	5202	148	81	4	592	20	1427	40	22	1.097	162	5.49				-37.4
2020-04-19	5234	149	32	1	570	21	1436	40	8	0.274	156	5.76				-38.1
2020-04-20	5279	151	45	2	557	20	1448	41	12	0.549	152	5.49				-33.5
2020-04-21	5355	153	76	2	559	21	1469	41	20	0.549	153	5.76				-21.2
2020-04-22	5436	160	81	7	527	25	1491	43	22	1.921	144	6.86				-18.3
2020-04-23	5523	162	87	2	520	24	1515	44	23	0.549	142	6.58				-7.5
2020-04-24	5596	165	73	3	475	21	1535	45	20	0.823	130	5.76				-20.6
2020-04-25	5649	172	53	7	447	24	1549	47	14	1.921	122	6.58				-24.5
2020-04-26	5670	173	21	1	436	24	1555	47	5	0.274	119	6.58	9.4	67.3		-23.5
2020-04-27	5725	182	55	9	446	31	1570	49	15	2.469	122	8.51	10.1	68.6		-19.9
2020-04-28	5800	189	75	7	445	36	1591	51	20	1.921	122	9.88	9.6	68.5		-20.4
2020-04-29	5867	189	67	0	431	29	1609	51	18	0.0	118	7.96	8.6	69.0		-18.2
2020-04-30	5924	193	57	4	401	31	1625	52	15	1.097	110	8.51	8.2	69.2		-22.9
2020-05-01	5949	193	25	0	353	28	1632	52	6	0.0	96	7.68	8.2	70.3		-25.7
2020-05-02	5980	196	31	3	331	24	1640	53	8	0.823	90	6.58	8.0	70.9		-26.0
2020-05-03	6011	197	31	1	341	24	1649	54	8	0.274	93	6.58	8.5	69.1		-21.8
2020-05-04	6062	197	51	0	337	15	1663	54	13	0.0	92	4.12	8.3	69.0		-24.4
2020-05-05	6115	198	53	1	315	9	1677	54	14	0.274	86	2.47	8.5	70.5		-29.2
2020-05-06	6173	199	58	1	306	10	1693	54	15	0.274	83	2.74	7.9	71.1		-29.0
2020-05-07	6231	200	58	1	307	7	1709	54	15	0.274	84	1.92	8.3	73.0		-23.4
2020-05-08	6235	200	4	0	286	7	1710	54	1	0.0	78	1.92	8.3	72.3		-19.0
2020-05-09	6252	201	17	1	272	5	1715	55	4	0.274	74	1.37	7.8	71.8		-17.8
2020-05-10	6260	201	8	0	249	4	1717	55	2	0.0	68	1.1	7.3	70.0		-27.0
2020-05-11	6277	203	17	2	215	6	1722	55	4	0.549	58	1.65	6.8	71.0		-36.2
2020-05-12	6314	204	37	1	199	6	1732	55	10	0.274	54	1.65	6.7	70.8		-36.8
2020-05-13	6372	204	58	0	199	5	1748	55	15	0.0	54	1.37	6.2	67.5		-35.0
2020-05-14	6417	205	45	1	186	5	1760	56	12	0.274	51	1.37	5.7	71.0		-39.4
2020-05-15	6434	205	17	0	199	5	1765	56	4	0.0	54	1.37	5.6	72.1		-30.4
2020-05-16	6450	205	16	0	198	4	1769	56	4	0.0	54	1.1	4.8	70.9		-27.2
2020-05-17	6458	205	8	0	198	4	1771	56	2	0.0	54	1.1	4.9	70.4		-20.5
2020-05-18	6491	206	33	1	214	3	1780	56	9	0.274	58	0.82	4.7	68.9		-0.5
2020-05-19	6536	209	45	3	222	5	1793	57	12	0.823	60	1.37	5.1	68.8		11.6
2020-05-20	6581	210	45	1	209	6	1805	57	12	0.274	57	1.65	4.6	72.6		5.0
2020-05-21	6591	211	10	1	174	6	1808	57	2	0.274	47	1.65	4.1	72.7		-6.5
2020-05-22	6626	211	35	0	192	6	1817	57	9	0.0	52	1.65	4.0	70.8		-3.5
2020-05-23	6634	211	8	0	184	6	1820	57	2	0.0	50	1.65	4.1	70.1		-7.1
2020-05-24	6637	211	3	0	179	6	1820	57	0	0.0	49	1.65	3.9	70.4		-9.6
2020-05-25	6659	211	22	0	168	5	1826	57	6	0.0	46	1.37	4.1	69.7		-21.5
2020-05-26	6681	211	22	0	145	2	1833	57	6	0.0	39	0.55	4.3	71.0		-34.7
2020-05-27	6723	211	42	0	142	1	1844	57	11	0.0	38	0.27	3.3	72.9		-32.1
2020-05-28	6747	211	24	0	156	0	1851	57	6	0.0	42	0.0	3.4	72.3		-10.3
2020-05-29	6776	211	29	0	150	0	1859	57	7	0.0	41	0.0	3.9	74.5		-21.9
2020-05-30	6799	211	23	0	165	0	1865	57	6	0.0	45	0.0	4.0	74.6		-10.3
2020-05-31	6826	211	27	0	189	0	1872	57	7	0.0	51	0.0	3.8	73.5		5.6
2020-06-01	6828	211	2	0	169	0	1873	57	0	0.0	46	0.0	3.9	73.0		0.6
2020-06-02	6869	212	41	1	188	1	1884	58	11	0.274	51	0.27	4.2	73.2		29.7
2020-06-03	6924	213	55	1	201	2	1899	58	15	0.274	55	0.55	4.4	76.6		41.5
2020-06-04	6956	213	32	0	209	2	1908	58	8	0.0	57	0.55	4.8	77.1		34.0
2020-06-05	6991	214	35	1	215	3	1918	58	9	0.274	58	0.82	4.8	77.2		43.3
2020-06-06	7007	214	16	0	208	3	1922	58	4	0.0	57	0.82	4.5	77.5		26.1
2020-06-07	7015	214	8	0	189	3	1924	58	2	0.0	51	0.82	4.2	74.3		0.0
2020-06-08	7044	214	29	0	216	3	1932	58	7	0.0	59	0.82	4.2	73.1		27.8
2020-06-09	7101	214	57	0	232	2	1948	58	15	0.0	63	0.55	4.1	76.7		23.4
2020-06-10	7178	215	77	1	254	2	1969	58	21	0.274	69	0.55	3.5	76.6		26.4
2020-06-11	7230	215	52	0	274	2	1983	58	14	0.0	75	0.55	3.3	77.1		31.1
2020-06-12	7272	217	42	2	281	3	1995	59	11	0.549	77	0.82	3.6	75.9		30.7
2020-06-13	7340	217	68	0	333	3	2013	59	18	0.0	91	0.82	3.1	75.5		60.1
2020-06-14	7352	217	12	0	337	3	2017	59	3	0.0	92	0.82	3.3	72.8		78.3
2020-06-15	7383	217	31	0	339	3	2025	59	8	0.0	93	0.82	3.1	72.5		56.9
2020-06-16	7459	217	76	0	358	3	2046	59	20	0.0	98	0.82	3.2	75.0		54.3
2020-06-17	7544	217	85	0	366	2	2069	59	23	0.0	100	0.55	3.3	77.1		44.1
2020-06-18	7672	217	128	0	442	2	2104	59	35	0.0	121	0.55	3.4	75.8		61.3
2020-06-19	7808	219	136	2	536	2	2142	60	37	0.549	147	0.55	3.2	75.6		90.7
2020-06-20	7843	219	35	0	503	2	2151	60	9	0.0	138	0.55	3.7	78.3		51.1
2020-06-21	7863	219	20	0	511	2	2157	60	5	0.0	140	0.55	3.7	76.6		51.6
2020-06-22	7926	219	63	0	543	2	2174	60	17	0.0	148	0.55	3.7	75.6		60.2
2020-06-23	7997	219	71	0	538	2	2194	60	19	0.0	147	0.55	3.1	76.6		50.3
2020-06-24	8055	219	58	0	511	2	2209	60	15	0.0	140	0.55	2.6	75.8		39.6
2020-06-25	8117	220	62	1	445	3	2227	60	17	0.274	122	0.82	2.3	76.2		0.7
2020-06-26	8159	220	42	0	351	1	2238	60	11	0.0	96	0.27	2.5	75.4		-34.5
2020-06-27	8176	220	17	0	333	1	2243	60	4	0.0	91	0.27	2.3	74.7		-33.8
2020-06-28	8178	220	2	0	315	1	2243	60	0	0.0	86	0.27	2.3	74.9		-38.4
2020-06-29	8231	223	53	3	305	4	2258	61	14	0.823	83	1.1	2.4	73.9		-43.8
2020-06-30	8266	224	35	1	269	5	2267	61	9	0.274	73	1.37	2.6	74.5		-50.0
2020-07-01	8312	225	46	1	257	6	2280	61	12	0.274	70	1.65	2.7	75.5		-49.7
2020-07-02	8369	226	57	1	252	6	2296	62	15	0.274	69	1.65	2.2	75.6		-43.4
2020-07-03	8410	226	41	0	251	6	2307	62	11	0.0	68	1.65	2.4	74.9		-28.5
2020-07-04	8441	226	31	0	265	6	2315	62	8	0.0	72	1.65	2.3	75.9		-20.4
2020-07-05	8443	226	2	0	265	6	2316	62	0	0.0	72	1.65	2.2	74.3		-15.9
2020-07-06	8476	228	33	2	245	5	2325	62	9	0.549	67	1.37	2.8	74.0		-19.7
2020-07-07	8513	228	37	0	247	4	2335	62	10	0.0	67	1.1	2.3	74.7		-8.2
2020-07-08	8560	228	47	0	248	3	2348	62	12	0.0	68	0.82	2.2	75.3		-3.5
2020-07-09	8593	228	33	0	224	2	2357	62	9	0.0	61	0.55	2.5	76.9		-11.1
2020-07-10	8627	229	34	1	217	3	2366	62	9	0.274	59	0.82	2.2	76.0		-13.5
2020-07-11	8631	229	4	0	190	3	2368	62	1	0.0	52	0.82	1.9	75.7		-28.3
2020-07-12	8632	229	1	0	189	3	2368	62	0	0.0	51	0.82	1.8	73.9		-28.7
2020-07-13	8659	229	27	0	183	1	2375	62	7	0.0	50	0.27	1.5	72.6		-25.3
2020-07-14	8684	229	25	0	171	1	2382	62	6	0.0	46	0.27	1.6	75.6		-30.8
2020-07-15	8708	229	24	0	148	1	2389	62	6	0.0	40	0.27	1.5	75.9		-40.3
2020-07-16	8724	229	16	0	131	1	2393	62	4	0.0	35	0.27	1.6	75.7		-41.5
2020-07-17	8744	229	20	0	117	0	2399	62	5	0.0	32	0.0	1.4	75.5		-46.1
2020-07-18	8763	229	19	0	132	0	2404	62	5	0.0	36	0.0	1.3	75.3		-30.5
2020-07-19	8763	229	0	0	131	0	2404	62	0	0.0	35	0.0	1.7	73.5		-30.7
2020-07-20	8793	229	30	0	134	0	2412	62	8	0.0	36	0.0	1.4	73.7		-26.8
2020-07-21	8826	229	33	0	142	0	2421	62	9	0.0	38	0.0	1.5	74.2		-17.0
2020-07-22	8853	229	27	0	145	0	2428	62	7	0.0	39	0.0	1.3	76.4		-2.0
2020-07-23	8900	229	47	0	176	0	2441	62	12	0.0	48	0.0	1.6	74.6		34.4
2020-07-24	8961	229	61	0	217	0	2458	62	16	0.0	59	0.0	1.3	75.2		85.5
2020-07-25	8979	229	18	0	216	0	2463	62	4	0.0	59	0.0	1.3	74.0		63.6
2020-07-26	8982	229	3	0	219	0	2464	62	0	0.0	60	0.0	1.4	73.8		67.2
2020-07-27	9023	229	41	0	230	0	2475	62	11	0.0	63	0.0	1.3	74.1		71.6
2020-07-28	9087	229	64	0	261	0	2493	62	17	0.0	71	0.0	1.3	74.4		83.8
2020-07-29	9154	229	67	0	301	0	2511	62	18	0.0	82	0.0	1.1	76.1		107.6
2020-07-30	9203	229	49	0	303	0	2524	62	13	0.0	83	0.0	1.3	75.8		72.2
2020-07-31	9279	229	76	0	318	0	2545	62	20	0.0	87	0.0	1.1	75.7		46.5
2020-08-01	9313	229	34	0	334	0	2555	62	9	0.0	91	0.0	1.3	76.3		54.6
2020-08-02	9313	229	0	0	331	0	2555	62	0	0.0	90	0.0	1.4	73.9		51.1
2020-08-03	9360	229	47	0	337	0	2568	62	12	0.0	92	0.0	1.5	72.4		46.5
2020-08-04	9417	229	57	0	330	0	2583	62	15	0.0	90	0.0	1.4	77.2		26.4
2020-08-05	9484	229	67	0	330	0	2602	62	18	0.0	90	0.0	1.3	82.0		9.6
2020-08-06	9567	229	83	0	364	0	2624	62	22	0.0	99	0.0	1.2	82.2		20.1
2020-08-07	9670	229	103	0	391	0	2653	62	28	0.0	107	0.0	1.1	81.5		23.0
2020-08-08	9689	229	19	0	376	0	2658	62	5	0.0	103	0.0	1.1	79.9		12.6
2020-08-09	9695	229	6	0	382	0	2659	62	1	0.0	104	0.0	1.1	78.3		15.4
2020-08-10	9789	229	94	0	429	0	2685	62	25	0.0	117	0.0	1.1	77.7		27.3
2020-08-11	9893	229	104	0	476	0	2714	62	28	0.0	130	0.0	1.1	80.4		44.2
2020-08-12	10037	229	144	0	553	0	2753	62	39	0.0	151	0.0	1.3	82.4		67.6
2020-08-13	10126	229	89	0	559	0	2778	62	24	0.0	153	0.0	1.0	82.3		53.6
2020-08-14	10201	229	75	0	531	0	2798	62	20	0.0	145	0.0	1.0	82.3		35.8
2020-08-15	10234	229	33	0	545	0	2807	62	9	0.0	149	0.0	1.1	80.7		44.9
2020-08-16	10237	229	3	0	542	0	2808	62	0	0.0	148	0.0	1.1	80.4		41.9
2020-08-17	10336	230	99	1	547	1	2835	63	27	0.274	150	0.27	1.1	80.6		27.5
2020-08-18	10411	231	75	1	518	2	2856	63	20	0.274	142	0.55	1.0	82.4		8.8
2020-08-19	10483	231	72	0	446	2	2876	63	19	0.0	122	0.55	1.2	84.5		-19.3
2020-08-20	10593	232	110	1	467	3	2906	63	30	0.274	128	0.82	1.2	85.5		-16.5
2020-08-21	10670	232	77	0	469	3	2927	63	21	0.0	128	0.82	1.2	85.5		-11.7
2020-08-22	10702	232	32	0	468	3	2936	63	8	0.0	128	0.82	1.1	83.3		-14.1
2020-08-23	10703	232	1	0	466	3	2936	63	0	0.0	127	0.82	1.3	83.6		-14.0
2020-08-24	10798	232	95	0	462	2	2962	63	26	0.0	126	0.55	1.6	80.0		-15.5
2020-08-25	10867	232	69	0	456	1	2981	63	18	0.0	125	0.27	1.5	82.0		-12.0
2020-08-26	10966	232	99	0	483	1	3008	63	27	0.0	132	0.27	1.6	82.9		8.3
2020-08-27	11041	232	75	0	448	0	3029	63	20	0.0	122	0.0	1.7	84.7		-4.1
2020-08-28	11145	232	104	0	475	0	3057	63	28	0.0	130	0.0	1.6	83.6		1.3
2020-08-29	11180	232	35	0	478	0	3067	63	9	0.0	131	0.0	1.7	82.8		2.1
2020-08-30	11185	232	5	0	482	0	3068	63	1	0.0	132	0.0	1.4	82.2		3.4
2020-08-31	11310	232	125	0	512	0	3103	63	34	0.0	140	0.0	1.4	79.4		10.8
2020-09-01	11377	232	67	0	510	0	3121	63	18	0.0	139	0.0	1.2	82.4		11.8
2020-09-02	11465	233	88	1	499	1	3145	63	24	0.274	136	0.27	1.2	84.1		3.3
2020-09-03	11542	233	77	0	501	1	3166	63	21	0.0	137	0.27	1.1	83.4		11.8
2020-09-04	11662	233	120	0	517	1	3199	63	32	0.0	141	0.27	1.1	83.0		8.8
2020-09-05	11709	233	47	0	529	1	3212	63	12	0.0	145	0.27	1.1	83.9		10.7
2020-09-06	11712	233	3	0	527	1	3213	63	0	0.0	144	0.27	1.1	82.0		9.3
2020-09-07	11842	233	130	0	532	1	3249	63	35	0.0	145	0.27	1.3	81.7		3.9
2020-09-08	11901	233	59	0	524	1	3265	63	16	0.0	143	0.27	1.3	84.9		2.7
2020-09-09	12015	233	114	0	550	0	3296	63	31	0.0	150	0.0	1.3	83.7		10.2
2020-09-10	12156	233	141	0	614	0	3335	63	38	0.0	168	0.0	1.3	83.5		22.6
2020-09-11	12244	233	88	0	582	0	3359	63	24	0.0	159	0.0	1.2	84.4		12.6
2020-09-12	12287	233	43	0	578	0	3371	63	11	0.0	158	0.0	1.2	85.7		9.3
2020-09-13	12293	233	6	0	581	0	3372	63	1	0.0	159	0.0	1.2	84.8		10.2
2020-09-14	12390	233	97	0	548	0	3399	63	26	0.0	150	0.0	1.3	82.6		3.0
2020-09-15	12507	233	117	0	606	0	3431	63	32	0.0	166	0.0	1.1	84.8		15.6
2020-09-16	12681	233	174	0	666	0	3479	63	47	0.0	182	0.0	1.2	85.0		21.1
2020-09-17	12856	233	175	0	700	0	3527	63	48	0.0	192	0.0	1.1	84.7		14.0
2020-09-18	13048	233	192	0	804	0	3579	63	52	0.0	220	0.0	1.3	84.9		38.1
2020-09-19	13105	233	57	0	818	0	3595	63	15	0.0	224	0.0	1.3	85.5		41.5
2020-09-20	13133	233	28	0	840	0	3603	63	7	0.0	230	0.0	1.3	84.3		44.6
2020-09-21	13324	234	191	1	934	1	3655	64	52	0.274	256	0.27	1.6	82.1		70.4
2020-09-22	13493	235	169	1	986	2	3701	64	46	0.274	270	0.55	1.8	83.4		62.7
2020-09-23	13677	235	184	0	996	2	3752	64	50	0.0	273	0.55	1.9	84.6		49.5
2020-09-24	13905	235	228	0	1049	2	3815	64	62	0.0	287	0.55	1.9	85.0		49.9
2020-09-25	14111	236	206	1	1063	3	3871	64	56	0.274	291	0.82	2.1	85.3		32.2
2020-09-26	14194	236	83	0	1089	3	3894	64	22	0.0	298	0.82	2.0	85.7		33.1
2020-09-27	14221	236	27	0	1088	3	3901	64	7	0.0	298	0.82	1.9	81.9	14.3	29.5
2020-09-28	14424	239	203	3	1100	5	3957	65	55	0.823	301	1.37	2.4	80.9	16.5	17.8
2020-09-29	14640	241	216	2	1147	6	4016	66	59	0.549	314	1.65	2.5	85.0	18.7	16.3
2020-09-30	14914	242	274	1	1237	7	4091	66	75	0.274	339	1.92	2.8	84.8	19.8	24.2
2020-10-01	15225	242	311	0	1320	7	4177	66	85	0.0	362	1.92	2.9	84.7	20.3	25.8
2020-10-02	15566	243	341	1	1455	7	4270	66	93	0.274	399	1.92	3.0	82.6	18.5	36.9
2020-10-03	15662	243	96	0	1468	7	4297	66	26	0.0	402	1.92	3.2	81.9	18.1	34.8
2020-10-04	15772	243	110	0	1551	7	4327	66	30	0.0	425	1.92	3.1	80.3	17.6	42.6
2020-10-05	16085	244	313	1	1661	5	4413	66	85	0.274	455	1.37	3.2	80.9	16.2	51.0
2020-10-06	16405	245	320	1	1765	4	4500	67	87	0.274	484	1.1	3.6	81.6	14.8	53.9
2020-10-07	16899	246	494	1	1985	4	4636	67	135	0.274	544	1.1	3.4	84.0	13.1	60.5
2020-10-08	17354	247	455	1	2129	5	4761	67	124	0.274	584	1.37	3.2	84.3	11.8	61.3
2020-10-09	17860	249	506	2	2294	6	4900	68	138	0.549	629	1.65	3.1	84.1	10.9	57.7
2020-10-10	18031	250	171	1	2369	7	4947	68	46	0.274	649	1.92	3.6	84.7	10.6	61.4
2020-10-11	18177	252	146	2	2405	9	4987	69	40	0.549	659	2.47	4.0	82.1	10.8	55.1
2020-10-12	18768	253	591	1	2683	9	5149	69	162	0.274	736	2.47	4.1	82.8	10.7	61.5
2020-10-13	19274	254	506	1	2869	9	5288	69	138	0.274	787	2.47	4.6	84.7	10.7	62.5
2020-10-14	19861	255	587	1	2962	9	5449	69	161	0.274	812	2.47	4.6	86.6	10.9	49.2
2020-10-15	20542	256	681	1	3188	9	5635	70	186	0.274	874	2.47	5.5	84.1	11.0	49.7
2020-10-16	21168	260	626	4	3308	11	5807	71	171	1.097	907	3.02	5.1	84.6	11.2	44.2
2020-10-17	21335	260	167	0	3304	10	5853	71	45	0.0	906	2.74	5.9	82.9	12.0	39.5
2020-10-18	21527	261	192	1	3350	9	5906	71	52	0.274	919	2.47	5.7	81.6	13.2	39.3
2020-10-19	22306	269	779	8	3538	16	6119	73	213	2.195	970	4.39	6.8	81.9	14.2	31.9
2020-10-20	23204	278	898	9	3930	24	6366	76	246	2.469	1078	6.58	7.3	84.2	14.5	37.0
2020-10-21	24014	283	810	5	4153	28	6588	77	222	1.372	1139	7.68	7.6	85.2	14.4	40.2
2020-10-22	24914	293	900	10	4372	37	6835	80	246	2.744	1199	10.15	8.2	85.8	14.3	37.1
2020-10-23	25836	301	922	8	4668	41	7088	82	252	2.195	1280	11.25	8.9	86.8	13.8	41.1
2020-10-24	26121	303	285	2	4786	43	7166	83	78	0.549	1313	11.8	9.8	85.8	13.9	44.9
2020-10-25	26449	307	328	4	4922	46	7256	84	89	1.097	1350	12.62	10.1	83.6	14.4	46.9
2020-10-26	27468	322	1019	15	5162	53	7536	88	279	4.115	1416	14.54	10.1	84.5	14.5	45.9
2020-10-27	28589	333	1121	11	5385	55	7843	91	307	3.018	1477	15.09	11.2	85.9	14.6	37.0
2020-10-28	29881	350	1292	17	5867	67	8198	96	354	4.664	1609	18.38	12.7	86.3	14.2	41.3
2020-10-29	30928	365	1047	15	6014	72	8485	100	287	4.115	1650	19.75	12.6	87.1	14.0	37.6
2020-10-30	32001	384	1073	19	6165	83	8779	105	294	5.213	1691	22.77	14.1	87.9	14.2	32.1
2020-10-31	32351	390	350	6	6230	87	8875	107	96	1.646	1709	23.87	14.1	85.5	15.1	30.2
2020-11-01	32710	397	359	7	6261	90	8974	108	98	1.921	1717	24.69	15.6	85.1	16.6	27.2
2020-11-02	34126	418	1416	21	6658	96	9362	114	388	5.762	1826	26.34	16.9	86.1	17.9	29.0
2020-11-03	35457	437	1331	19	6868	104	9728	119	365	5.213	1884	28.53	18.1	89.3	18.7	27.5
2020-11-04	36690	452	1233	15	6809	102	10066	124	338	4.115	1868	27.99	18.3	87.8	20.3	16.1
2020-11-05	37991	472	1301	20	7063	107	10423	129	356	5.487	1937	29.36	19.4	86.6	21.7	17.4
2020-11-06	39156	480	1165	8	7155	96	10742	131	319	2.195	1963	26.34	17.9	79.2	23.2	16.1
2020-11-07	39564	487	408	7	7213	97	10854	133	111	1.921	1978	26.61	20.3	86.7	25.4	15.8
2020-11-08	39853	490	289	3	7143	93	10934	134	79	0.823	1959	25.52	20.6	84.2	29.4	14.1
2020-11-09	41318	517	1465	27	7192	99	11336	141	401	7.408	1973	27.16	21.2	83.8	34.4	8.0
2020-11-10	42625	535	1307	18	7168	98	11694	146	358	4.939	1966	26.89	21.5	86.6	41.9	4.4
2020-11-11	44303	556	1678	21	7613	104	12155	152	460	5.762	2088	28.53	21.7	88.0	43.1	11.8
2020-11-12	45861	572	1558	16	7870	100	12582	156	427	4.39	2159	27.44	21.7	87.3	42.4	11.4
2020-11-13	47255	591	1394	19	8099	111	12965	162	382	5.213	2222	30.45	22.5	86.9	40.7	13.2
2020-11-14	47710	602	455	11	8146	115	13089	165	124	3.018	2234	31.55	22.3	85.3	40.8	12.9
2020-11-15	48292	611	582	9	8439	121	13249	167	159	2.469	2315	33.2	22.9	84.9	40.5	18.1
2020-11-16	49907	644	1615	33	8589	127	13692	176	443	9.054	2356	34.84	23.1	87.2	38.1	19.4
2020-11-17	51587	664	1680	20	8962	129	14153	182	460	5.487	2458	35.39	24.2	88.2	34.0	25.0
2020-11-18	52926	679	1339	15	8623	123	14520	186	367	4.115	2365	33.75	23.8	86.9	35.1	13.3
2020-11-19	54369	702	1443	23	8508	130	14916	192	395	6.31	2334	35.67	23.8	88.1	37.1	8.1
2020-11-20	55842	728	1473	26	8587	137	15321	199	404	7.133	2355	37.59	24.1	87.8	39.4	6.0
2020-11-21	56301	732	459	4	8591	130	15446	200	125	1.097	2357	35.67	24.0	86.6	43.2	5.5
2020-11-22	56690	746	389	14	8398	135	15553	204	106	3.841	2304	37.04	24.4	85.1	53.5	-0.5
2020-11-23	58286	784	1596	38	8379	140	15991	215	437	10.426	2298	38.41	24.1	84.0	72.8	-2.4
2020-11-24	59773	822	1487	38	8186	158	16399	225	407	10.426	2245	43.35	24.0	84.6	142.7	-8.7
2020-11-25	61031	858	1258	36	8105	179	16744	235	345	9.877	2223	49.11	23.3	85.6	365.0	-6.0
2020-11-26	62348	894	1317	36	7979	192	17106	245	361	9.877	2189	52.68	23.3	85.4	-315.1	-6.2
2020-11-27	63655	928	1307	34	7813	200	17464	254	358	9.328	2143	54.87	25.1	88.7	-130.2	-9.0
2020-11-28	64142	939	487	11	7841	207	17598	257	133	3.018	2151	56.79	23.7	88.4	-85.5	-8.7
2020-11-29	64410	948	268	9	7720	202	17671	260	73	2.469	2118	55.42	24.0	87.9	-69.0	-8.1
2020-11-30	65591	979	1181	31	7305	195	17995	268	324	8.505	2004	53.5	24.4	86.4	-55.5	-12.8
2020-12-01	66675	1018	1084	39	6902	196	18293	279	297	10.7	1893	53.78	24.1	87.9	-48.9	-15.7
2020-12-02	67833	1058	1158	40	6802	200	18610	290	317	10.975	1866	54.87	24.7	89.4	-41.8	-16.1
2020-12-03	69228	1105	1395	47	6880	211	18993	303	382	12.895	1887	57.89	25.6	89.1	-37.7	-13.8
2020-12-04	70677	1147	1449	42	7022	219	19391	314	397	11.523	1926	60.09	26.1	87.0	-37.5	-10.1
2020-12-05	71107	1163	430	16	6965	224	19509	319	117	4.39	1910	61.46	27.4	88.7	-38.9	-11.2
2020-12-06	71436	1171	329	8	7026	223	19599	321	90	2.195	1927	61.18	26.7	86.1	-41.2	-9.0
2020-12-07	72758	1209	1322	38	7167	230	19962	331	362	10.426	1966	63.1	27.1	86.0	-48.0	-1.9
2020-12-08	73954	1242	1196	33	7279	224	20290	340	328	9.054	1997	61.46	27.6	87.6	-59.6	5.5
2020-12-09	75374	1279	1420	37	7541	221	20679	350	389	10.151	2068	60.63	27.9	87.3	-93.3	10.9
2020-12-10	76802	1317	1428	38	7574	212	21071	361	391	10.426	2078	58.17	28.1	88.2	-218.4	10.1
2020-12-11	78127	1365	1325	48	7450	218	21435	374	363	13.169	2044	59.81	28.5	88.9		6.1
2020-12-12	78594	1401	467	36	7487	238	21563	384	128	9.877	2054	65.3	28.2	87.0	180.9	7.5
2020-12-13	78899	1414	305	13	7463	243	21647	387	83	3.567	2047	66.67	28.5	85.9	98.5	6.2
2020-12-14	80422	1457	1523	43	7664	248	22064	399	417	11.798	2102	68.04	28.9	86.1	75.2	6.9
2020-12-15	81613	1497	1191	40	7659	255	22391	410	326	10.975	2101	69.96	29.4	88.3	74.5	5.2
2020-12-16	83175	1545	1562	48	7801	266	22820	423	428	13.169	2140	72.98	29.6	89.6	76.3	3.4
2020-12-17	84836	1603	1661	58	8034	286	23275	439	455	15.913	2204	78.47	30.4	87.5	72.9	6.1
2020-12-18	86369	1679	1533	76	8242	314	23696	460	420	20.852	2261	86.15	29.0	87.3	65.0	10.6
2020-12-19	86871	1696	502	17	8277	295	23834	465	137	4.664	2270	80.94	29.8	87.0	63.3	10.6
2020-12-20	87216	1713	345	17	8317	299	23928	469	94	4.664	2281	82.03	29.5	85.7	63.7	11.4
2020-12-21	88789	1768	1573	55	8367	311	24360	485	431	15.09	2295	85.33	30.3	86.5	63.8	9.2
2020-12-22	90232	1812	1443	44	8619	315	24756	497	395	12.072	2364	86.42	30.5	87.3	59.8	12.5
2020-12-23	91804	1870	1572	58	8629	325	25187	513	431	15.913	2367	89.17	30.3	86.9	55.0	10.6
2020-12-24	92391	1899	587	29	7555	296	25348	521	161	7.957	2072	81.21	31.6	86.8	74.9	-6.0
2020-12-25	92569	1908	178	9	6200	229	25397	523	48	2.469	1701	62.83	32.1	84.9	365.0	-24.8
2020-12-26	93259	1944	690	36	6388	248	25586	533	189	9.877	1752	68.04	32.3	86.3	-119.7	-22.8
2020-12-27	93741	1966	482	22	6525	253	25719	539	132	6.036	1790	69.41	32.7	86.8	-59.6	-21.5
2020-12-28	94897	2041	1156	75	6108	273	26036	559	317	20.577	1675	74.9	32.1	86.0	-38.9	-27.0
2020-12-29	96105	2088	1208	47	5873	276	26367	572	331	12.895	1611	75.72	34.4	89.8	-28.4	-31.9
2020-12-30	97150	2121	1045	33	5346	251	26654	581	286	9.054	1466	68.87	33.9	88.8	-21.7	-38.0
2020-12-31	97632	2139	482	18	5241	240	26786	586	132	4.939	1437	65.85	34.0	88.5	-18.2	-30.6
2021-01-01	97903	2145	271	6	5334	237	26861	588	74	1.646	1463	65.02	35.6	88.7	-16.5	-14.0
2021-01-02	98380	2164	477	19	5121	220	26991	593	130	5.213	1405	60.36	35.1	88.2	-15.3	-19.8
2021-01-03	98837	2196	457	32	5096	230	27117	602	125	8.78	1398	63.1	35.1	88.5	-14.8	-21.9
2021-01-04	99844	2241	1007	45	4947	200	27393	614	276	12.346	1357	54.87	35.6	87.9	-15.0	-19.0
2021-01-05	101013	2300	1169	59	4908	212	27714	631	320	16.187	1346	58.17	35.3	88.9	-17.0	-16.4
2021-01-06	102381	2346	1368	46	5231	225	28089	643	375	12.621	1435	61.73	35.2	88.4	-23.5	-2.2
2021-01-07	104010	2404	1629	58	6378	265	28536	659	446	15.913	1749	72.71	34.9	88.8	-44.8	21.7
2021-01-08	105269	2440	1259	36	7366	295	28881	669	345	9.877	2020	80.94	33.9	88.1	-261.9	38.1
2021-01-09	105685	2452	416	12	7305	288	28996	672	114	3.292	2004	79.02	32.9	88.7	65.0	42.6
2021-01-10	105892	2463	207	11	7055	267	29052	675	56	3.018	1935	73.26	32.7	88.1	31.4	38.4
2021-01-11	107238	2505	1346	42	7394	264	29422	687	369	11.523	2028	72.43	31.9	88.0	22.2	49.5
2021-01-12	108401	2561	1163	56	7388	261	29741	702	319	15.364	2026	71.61	31.4	88.9	18.8	50.5
2021-01-13	109577	2597	1176	36	7196	251	30063	712	322	9.877	1974	68.87	31.4	89.1	18.7	37.6
2021-01-14	110576	2638	999	41	6566	234	30338	723	274	11.249	1801	64.2	31.7	87.8	21.4	2.9
2021-01-15	111453	2679	877	41	6184	239	30578	735	240	11.249	1696	65.57	31.2	88.0	26.4	-16.0
2021-01-16	111745	2689	292	10	6060	237	30658	737	80	2.744	1662	65.02	30.6	86.4	36.8	-17.0
2021-01-17	111912	2697	167	8	6020	234	30704	739	45	2.195	1651	64.2	30.0	84.5	61.7	-14.7
2021-01-18	112560	2735	648	38	5322	230	30882	750	177	10.426	1460	63.1	29.6	85.2		-28.0
2021-01-19	113442	2771	882	36	5041	210	31124	760	241	9.877	1383	57.62	30.2	86.2	-53.0	-31.8
2021-01-20	114302	2805	860	34	4725	208	31360	769	235	9.328	1296	57.07	29.2	87.3	-25.9	-34.3
2021-01-21	114961	2822	659	17	4385	184	31541	774	180	4.664	1203	50.48	29.9	88.2	-18.7	-33.2
2021-01-22	115620	2846	659	24	4167	167	31721	780	180	6.585	1143	45.82	29.5	87.1	-16.3	-32.6
2021-01-23	115886	2855	266	9	4141	166	31794	783	72	2.469	1136	45.54	29.2	86.9	-14.7	-31.7
2021-01-24	115942	2859	56	4	4030	162	31810	784	15	1.097	1105	44.45	29.5	86.7	-13.3	-33.1
2021-01-25	116547	2882	605	23	3987	147	31976	790	165	6.31	1093	40.33	28.9	85.4	-13.0	-25.1
2021-01-26	117230	2894	683	12	3788	123	32163	794	187	3.292	1039	33.75	29.1	87.4	-13.3	-24.9
2021-01-27	117873	2913	643	19	3571	108	32340	799	176	5.213	979	29.63	29.3	88.4	-14.0	-24.4
2021-01-28	118360	2927	487	14	3399	105	32473	803	133	3.841	932	28.81	27.9	88.5	-14.2	-22.5
2021-01-29	118870	2940	510	13	3250	94	32613	806	139	3.567	891	25.79	27.3	88.3	-14.3	-22.0
2021-01-30	119046	2950	176	10	3160	95	32661	809	48	2.744	866	26.06	27.5	87.5	-14.9	-23.7
2021-01-31	119102	2953	56	3	3160	94	32677	810	15	0.823	866	25.79	27.2	85.8	-17.0	-21.6
2021-02-01	119720	2982	618	29	3173	100	32846	818	169	7.957	870	27.44	27.0	84.3	-18.6	-20.4
2021-02-02	120224	3000	504	18	2994	106	32985	823	138	4.939	821	29.08	26.0	87.0	-20.0	-21.0
2021-02-03	120709	3018	485	18	2836	105	33118	828	133	4.939	778	28.81	26.5	87.3	-20.8	-20.6
2021-02-04	121139	3038	430	20	2779	111	33236	833	117	5.487	762	30.45	26.6	87.9	-20.9	-18.2
2021-02-05	121526	3055	387	17	2656	115	33342	838	106	4.664	728	31.55	24.8	84.2	-20.2	-18.3
2021-02-06	121723	3061	197	6	2677	111	33396	839	54	1.646	734	30.45	24.1	83.2	-20.7	-15.3
2021-02-07	121748	3063	25	2	2646	110	33403	840	6	0.549	725	30.18	24.0	83.4	-21.8	-16.3
2021-02-08	122166	3079	418	16	2446	97	33517	844	114	4.39	671	26.61	24.0	85.3	-23.0	-22.9
2021-02-09	122627	3087	461	8	2403	87	33644	846	126	2.195	659	23.87	23.8	87.3	-24.2	-19.7
2021-02-10	123047	3095	420	8	2338	77	33759	849	115	2.195	641	21.13	23.1	86.2	-24.6	-17.6
2021-02-11	123427	3100	380	5	2288	62	33863	850	104	1.372	627	17.01	22.5	86.3	-24.5	-17.7
2021-02-12	123759	3117	332	17	2233	62	33954	855	91	4.664	612	17.01	21.6	87.0	-23.9	-15.9
2021-02-13	123856	3122	97	5	2133	61	33981	856	26	1.372	585	16.74	21.2	85.7	-22.8	-20.3
2021-02-14	123891	3124	35	2	2143	61	33991	857	9	0.549	587	16.74	21.1	83.2	-23.2	-19.0
2021-02-15	124262	3141	371	17	2096	62	34092	861	101	4.664	575	17.01	21.7	85.3	-25.0	-14.3
2021-02-16	124631	3148	369	7	2004	61	34194	863	101	1.921	549	16.74	21.2	87.1	-25.7	-16.6
2021-02-17	125078	3154	447	6	2031	59	34316	865	122	1.646	557	16.19	20.5	86.7	-26.4	-13.1
2021-02-18	125461	3161	383	7	2034	61	34421	867	105	1.921	558	16.74	20.2	86.4	-28.2	-11.1
2021-02-19	125831	3164	370	3	2072	47	34523	868	101	0.823	568	12.9	20.3	86.6	-30.3	-7.2
2021-02-20	126006	3166	175	2	2150	44	34571	868	48	0.549	589	12.07	19.3	86.1	-37.9	0.8
2021-02-21	126017	3167	11	1	2126	43	34574	868	3	0.274	583	11.8	18.8	84.6	-53.0	-0.8
2021-02-22	126438	3177	421	10	2176	36	34689	871	115	2.744	597	9.88	18.3	85.3	-77.0	3.8
2021-02-23	126911	3185	473	8	2280	37	34819	873	129	2.195	625	10.15	17.7	85.8	-196.9	13.8
2021-02-24	127392	3195	481	10	2314	41	34951	876	131	2.744	634	11.25	17.4	85.7		13.9
2021-02-25	127850	3203	458	8	2389	42	35077	878	125	2.195	655	11.52	17.1	86.9	96.1	17.5
2021-02-26	128325	3210	475	7	2494	46	35207	880	130	1.921	684	12.62	16.3	84.5	53.6	20.4
2021-02-27	128457	3212	132	2	2451	46	35243	881	36	0.549	672	12.62	16.2	85.3	44.0	14.0
2021-02-28	128486	3212	29	0	2469	45	35251	881	7	0.0	677	12.35	16.1	83.5	38.3	16.1
2021-03-01	128997	3226	511	14	2559	49	35392	885	140	3.841	702	13.44	16.9	85.4	34.3	17.6
2021-03-02	129496	3234	499	8	2585	49	35528	887	136	2.195	709	13.44	17.4	87.0	34.2	13.4
2021-03-03	130012	3242	516	8	2620	47	35670	889	141	2.195	718	12.9	17.4	88.7	34.5	13.2
2021-03-04	130453	3248	441	6	2603	45	35791	891	120	1.646	714	12.35	17.4	89.2	37.1	9.0
2021-03-05	130890	3253	437	5	2565	43	35911	892	119	1.372	703	11.8	16.2	87.6	42.4	2.8
2021-03-06	131057	3256	167	3	2600	44	35957	893	45	0.823	713	12.07	15.8	86.6	47.1	6.1
2021-03-07	131145	3259	88	3	2659	47	35981	894	24	0.823	729	12.9	16.5	85.6	54.2	7.7
2021-03-08	131219	3259	74	0	2222	33	36001	894	20	0.0	609	9.05	16.9	86.0	121.1	-13.2
2021-03-09	131694	3268	475	9	2198	34	36132	896	130	2.469	603	9.33	16.1	83.9		-15.0
2021-03-10	132295	3277	601	9	2283	35	36296	899	164	2.469	626	9.6	15.5	85.4	-154.8	-12.9
2021-03-11	132968	3287	673	10	2515	39	36481	901	184	2.744	690	10.7	15.0	85.9	-131.5	-3.4
2021-03-12	133647	3292	679	5	2757	39	36667	903	186	1.372	756	10.7	15.6	87.3	-317.9	7.5
2021-03-13	133913	3295	266	3	2856	39	36740	904	72	0.823	783	10.7	15.8	86.3		9.8
2021-03-14	133980	3295	67	0	2835	36	36759	904	18	0.0	777	9.88	16.2	87.1	188.3	6.6
2021-03-15	134660	3302	680	7	3441	43	36945	905	186	1.921	944	11.8	15.4	87.6	49.4	54.9
2021-03-16	135296	3310	636	8	3602	42	37120	908	174	2.195	988	11.52	15.6	86.3	28.0	63.9
2021-03-17	136044	3313	748	3	3749	36	37325	908	205	0.823	1028	9.88	15.8	87.0	19.9	64.2
2021-03-18	136803	3319	759	6	3835	32	37533	910	208	1.646	1052	8.78	15.5	88.9	16.3	52.5
2021-03-19	137431	3324	628	5	3784	32	37706	911	172	1.372	1038	8.78	15.9	87.9	15.2	37.3
2021-03-20	137685	3325	254	1	3772	30	37775	912	69	0.274	1034	8.23	15.2	87.1	14.8	32.1
2021-03-21	137766	3327	81	2	3786	32	37797	912	22	0.549	1038	8.78	15.9	85.0	14.9	33.5
2021-03-22	138649	3331	883	4	3989	29	38040	913	242	1.097	1094	7.96	16.5	85.0	16.2	15.9
2021-03-23	139682	3336	1033	5	4386	26	38323	915	283	1.372	1203	7.13	16.6	86.9	17.0	21.8
2021-03-24	140679	3344	997	8	4635	31	38597	917	273	2.195	1271	8.51	16.5	88.1	17.7	23.6
2021-03-25	141614	3350	935	6	4811	31	38853	919	256	1.646	1319	8.51	18.1	89.4	18.2	25.4
2021-03-26	142590	3354	976	4	5159	30	39121	920	267	1.097	1415	8.23	17.6	88.5	17.7	36.3
2021-03-27	143056	3356	466	2	5371	31	39249	920	127	0.549	1473	8.51	17.8	88.9	17.4	42.4
2021-03-28	143158	3356	102	0	5392	29	39277	920	27	0.0	1479	7.96	17.6	86.6	18.5	42.4
2021-03-29	143940	3361	782	5	5291	30	39491	922	214	1.372	1451	8.23	18.0	85.6	19.0	32.6
2021-03-30	144889	3371	949	10	5207	35	39752	924	260	2.744	1428	9.6	18.7	88.1	20.3	18.7
2021-03-31	145997	3380	1108	9	5318	36	40056	927	303	2.469	1459	9.88	19.2	89.8	21.5	14.7
2021-04-01	146912	3386	915	6	5298	36	40307	928	251	1.646	1453	9.88	19.0	88.4	23.3	10.1
2021-04-02	147264	3390	352	4	4674	36	40403	930	96	1.097	1282	9.88	19.3	89.0	31.3	-9.4
2021-04-03	147939	3398	675	8	4883	42	40589	932	185	2.195	1339	11.52	19.3	87.8	44.0	-9.1
2021-04-04	148115	3401	176	3	4957	45	40637	933	48	0.823	1360	12.35	20.1	87.3	74.9	-8.1
2021-04-05	148438	3403	323	2	4498	42	40725	933	88	0.549	1234	11.52	20.6	87.9		-15.0
2021-04-06	149061	3416	623	13	4172	45	40896	937	170	3.567	1144	12.35	22.2	88.6	-91.2	-19.9
2021-04-07	149799	3421	738	5	3802	41	41099	938	202	1.372	1043	11.25	22.4	90.3	-42.4	-28.5
2021-04-08	150743	3427	944	6	3831	41	41358	940	258	1.646	1051	11.25	22.3	89.7	-29.4	-27.7
2021-04-09	151817	3437	1074	10	4553	47	41653	942	294	2.744	1249	12.9	23.1	90.0	-28.7	-2.6
2021-04-10	152308	3441	491	4	4369	43	41787	944	134	1.097	1198	11.8	24.0	89.6	-29.4	-10.5
2021-04-11	152408	3441	100	0	4293	40	41815	944	27	0.0	1177	10.97	24.3	88.8	-31.1	-13.4
2021-04-12	153215	3450	807	9	4777	47	42036	946	221	2.469	1310	12.9	24.5	89.1	-39.6	6.2
2021-04-13	154303	3457	1088	7	5242	41	42335	948	298	1.921	1438	11.25	24.8	88.5	-74.5	25.6
2021-04-14	155547	3464	1244	7	5748	43	42676	950	341	1.921	1577	11.8	24.2	89.0	189.8	51.2
2021-04-15	156634	3472	1087	8	5891	45	42974	952	298	2.195	1616	12.35	24.7	89.2	41.0	53.8
2021-04-16	157571	3477	937	5	5754	40	43231	953	257	1.372	1578	10.97	24.6	90.0	29.8	26.4
2021-04-17	157956	3480	385	3	5648	39	43337	954	105	0.823	1549	10.7	25.0	88.6	24.3	29.3
2021-04-18	158066	3480	110	0	5658	39	43367	954	30	0.0	1552	10.7	25.0	87.7	21.0	31.8
2021-04-19	158906	3490	840	10	5691	40	43598	957	230	2.744	1561	10.97	24.5	88.0	20.7	19.1
2021-04-20	159935	3494	1029	4	5632	37	43880	958	282	1.097	1545	10.15	25.1	89.0	22.4	7.4
2021-04-21	161001	3500	1066	6	5454	36	44172	960	292	1.646	1496	9.88	25.4	90.7	28.5	-5.1
2021-04-22	161891	3505	890	5	5257	33	44416	961	244	1.372	1442	9.05	26.2	90.5	42.7	-10.8
2021-04-23	162705	3509	814	4	5134	32	44640	962	223	1.097	1408	8.78	26.5	89.6	63.3	-10.8
2021-04-24	163132	3510	427	1	5176	30	44757	963	117	0.274	1420	8.23	25.3	88.3	149.5	-8.4
2021-04-25	163229	3511	97	1	5163	31	44784	963	26	0.274	1416	8.51	25.3	88.4	-248.2	-8.7
2021-04-26	164153	3518	924	7	5247	28	45037	965	253	1.921	1439	7.68	26.3	89.4	-88.7	-7.8
2021-04-27	165127	3528	974	10	5192	34	45304	967	267	2.744	1424	9.33	26.1	88.9	-63.7	-7.8
2021-04-28	166010	3534	883	6	5009	34	45547	969	242	1.646	1374	9.33	25.2	88.8	-58.7	-8.2
2021-04-29	166788	3537	778	3	4897	32	45760	970	213	0.823	1343	8.78	24.9	90.2	-58.5	-6.8
2021-04-30	167464	3540	676	3	4759	31	45946	971	185	0.823	1305	8.51	24.5	89.8	-54.7	-7.3
2021-05-01	167680	3541	216	1	4548	31	46005	971	59	0.274	1247	8.51	24.9	88.4	-47.7	-12.1
2021-05-02	167707	3541	27	0	4478	30	46012	971	7	0.0	1228	8.23	24.6	86.9	-43.8	-13.3
2021-05-03	168408	3543	701	2	4255	25	46205	972	192	0.549	1167	6.86	24.8	86.4	-40.5	-18.9
2021-05-04	169195	3545	787	2	4068	17	46420	972	215	0.549	1116	4.66	24.0	87.4	-37.1	-21.6
2021-05-05	169945	3546	750	1	3935	12	46626	972	205	0.274	1079	3.29	23.4	86.8	-33.1	-21.4
2021-05-06	170546	3547	601	1	3758	10	46791	973	164	0.274	1031	2.74	23.1	86.5	-28.4	-23.3
2021-05-07	171154	3551	608	4	3690	11	46958	974	166	1.097	1012	3.02	23.4	88.9	-24.7	-22.5
2021-05-08	171348	3554	194	3	3668	13	47011	975	53	0.823	1006	3.57	23.0	87.0	-22.7	-19.3
2021-05-09	171373	3554	25	0	3666	13	47018	975	6	0.0	1005	3.57	22.8	87.5	-21.8	-18.1
2021-05-10	171927	3558	554	4	3519	15	47170	976	151	1.097	965	4.12	22.5	89.7	-21.8	-17.3
2021-05-11	172441	3561	514	3	3246	16	47311	977	141	0.823	890	4.39	21.2	89.5	-21.5	-20.2
2021-05-12	173116	3563	675	2	3171	17	47496	977	185	0.549	870	4.66	20.4	88.8	-21.3	-19.4
2021-05-13	173242	3564	126	1	2696	17	47531	977	34	0.274	739	4.66	19.2	87.2	-19.8	-28.3
2021-05-14	173675	3565	433	1	2521	14	47650	978	118	0.274	691	3.84	19.0	86.5	-18.4	-31.7
2021-05-15	173852	3565	177	0	2504	11	47698	978	48	0.0	687	3.02	18.6	85.7	-17.3	-31.7
2021-05-16	173886	3565	34	0	2513	11	47707	978	9	0.0	689	3.02	18.9	87.6	-17.0	-31.5
2021-05-17	174299	3567	413	2	2372	9	47821	978	113	0.549	650	2.47	19.0	86.5	-16.3	-32.6
2021-05-18	174784	3568	485	1	2343	7	47954	978	133	0.274	642	1.92	18.5	87.3	-15.8	-27.8
2021-05-19	175220	3568	436	0	2104	5	48073	978	119	0.0	577	1.37	17.3	88.3	-14.8	-33.6
2021-05-20	175469	3569	249	1	2227	5	48142	979	68	0.274	611	1.37	16.9	86.6	-14.4	-17.4
2021-05-21	175788	3572	319	3	2113	7	48229	980	87	0.823	579	1.92	15.6	85.6	-14.1	-16.2
2021-05-22	175892	3572	104	0	2040	7	48258	980	28	0.0	559	1.92	15.6	85.0	-14.4	-18.5
2021-05-23	175918	3572	26	0	2032	7	48265	980	7	0.0	557	1.92	15.3	83.4	-15.8	-19.1
2021-05-24	175997	3572	79	0	1698	5	48287	980	21	0.0	465	1.37	15.6	82.7	-16.7	-28.4
2021-05-25	176236	3572	239	0	1452	4	48352	980	65	0.0	398	1.1	15.0	84.3	-16.4	-38.0
2021-05-26	176532	3572	296	0	1312	4	48433	980	81	0.0	359	1.1	14.4	86.3	-16.4	-37.6
2021-05-27	176798	3572	266	0	1329	3	48506	980	72	0.0	364	0.82	13.1	86.6	-15.0	-40.3
2021-05-28	177039	3573	241	1	1251	1	48573	980	66	0.274	343	0.27	12.6	85.4	-13.4	-40.8
2021-05-29	177102	3573	63	0	1210	1	48590	980	17	0.0	331	0.27	12.3	83.9	-12.3	-40.7
2021-05-30	177110	3573	8	0	1192	1	48592	980	2	0.0	327	0.27	12.2	83.3	-11.8	-41.3
2021-05-31	177310	3574	200	1	1313	2	48647	980	54	0.274	360	0.55	11.9	82.3	-11.8	-22.7
2021-06-01	177484	3574	174	0	1248	2	48695	980	47	0.0	342	0.55	11.8	83.5	-12.1	-14.0
2021-06-02	177697	3575	213	1	1165	3	48753	980	58	0.274	319	0.82	11.5	85.7	-11.7	-11.2
2021-06-03	177921	3576	224	1	1123	4	48815	981	61	0.274	308	1.1	10.9	84.8	-12.6	-15.5
2021-06-04	178070	3577	149	1	1031	4	48855	981	40	0.274	282	1.1	10.7	85.2	-13.6	-17.6
2021-06-05	178097	3578	27	1	995	5	48863	981	7	0.274	272	1.37	10.3	84.8	-15.5	-17.8
2021-06-06	178103	3578	6	0	993	5	48864	981	1	0.0	272	1.37	10.3	85.1	-20.9	-16.7
2021-06-07	178220	3579	117	1	910	5	48897	981	32	0.274	249	1.37	9.7	85.1	-24.0	-30.7
2021-06-08	178334	3579	114	0	850	5	48928	981	31	0.0	233	1.37	9.2	85.9	-23.2	-31.9
2021-06-09	178451	3579	117	0	754	4	48960	981	32	0.0	206	1.1	9.0	86.0	-19.6	-35.3
2021-06-10	178557	3579	106	0	636	3	48989	981	29	0.0	174	0.82	8.1	85.5	-16.7	-43.4
2021-06-11	178645	3580	88	1	575	3	49013	982	24	0.274	157	0.82	7.6	85.9	-13.9	-44.2
2021-06-12	178657	3580	12	0	560	2	49016	982	3	0.0	153	0.55	7.2	85.2	-11.8	-43.7
2021-06-13	178662	3580	5	0	559	2	49018	982	1	0.0	153	0.55	6.5	83.6	-10.4	-43.7
2021-06-14	178724	3580	62	0	504	1	49035	982	17	0.0	138	0.27	6.4	84.8	-10.0	-44.6
2021-06-15	178784	3580	60	0	450	1	49051	982	16	0.0	123	0.27	6.3	83.6	-9.5	-47.1
2021-06-16	178849	3581	65	1	398	2	49069	982	17	0.274	109	0.55	6.7	85.3	-9.0	-47.2
2021-06-17	178876	3581	27	0	319	2	49077	982	7	0.0	87	0.55	6.3	86.4	-8.4	-49.8
2021-06-18	178925	3581	49	0	280	1	49090	982	13	0.0	76	0.27	6.2	84.9	-7.7	-51.3
2021-06-19	178942	3581	17	0	285	1	49095	982	4	0.0	78	0.27	6.3	84.5	-7.2	-49.1
2021-06-20	178943	3582	1	1	281	2	49095	982	0	0.274	77	0.55	5.9	83.6	-7.3	-49.7
2021-06-21	179001	3582	58	0	277	2	49111	982	15	0.0	75	0.55	5.5	82.2	-7.4	-45.0
2021-06-22	179046	3583	45	1	262	3	49123	983	12	0.274	71	0.82	5.4	87.0	-7.9	-41.8
2021-06-23	179098	3583	52	0	249	2	49137	983	14	0.0	68	0.55	5.2	87.4	-8.4	-37.4
2021-06-24	179145	3584	47	1	269	3	49150	983	12	0.274	73	0.82	5.0	88.3	-8.6	-15.7
2021-06-25	179186	3585	41	1	261	4	49162	983	11	0.274	71	1.1	4.7	86.9	-8.8	-6.8
2021-06-26	179194	3585	8	0	252	4	49164	983	2	0.0	69	1.1	4.8	87.0	-9.5	-11.6
2021-06-27	179194	3585	0	0	251	3	49164	983	0	0.0	68	0.82	4.8	85.1	-11.8	-10.7
2021-06-28	179233	3585	39	0	232	3	49174	983	10	0.0	63	0.82	4.7	84.9	-15.4	-16.2
2021-06-29	179278	3585	45	0	232	2	49187	983	12	0.0	63	0.55	4.4	86.8	-21.7	-11.5
2021-06-30	179314	3585	36	0	216	2	49197	983	9	0.0	59	0.55	4.1	86.6	-30.7	-13.3
2021-07-01	179349	3585	35	0	204	1	49206	983	9	0.0	55	0.27	4.0	85.6	-31.4	-24.2
2021-07-02	179387	3586	38	1	201	1	49217	983	10	0.274	55	0.27	4.0	86.1	-27.6	-23.0
2021-07-03	179390	3586	3	0	196	1	49218	983	0	0.0	53	0.27	3.8	85.4	-25.9	-22.2
2021-07-04	179394	3586	4	0	200	1	49219	983	1	0.0	54	0.27	3.7	86.1	-25.7	-20.3
2021-07-05	179461	3586	67	0	228	1	49237	983	18	0.0	62	0.27	3.5	85.1	-30.0	-1.7
2021-07-06	179520	3586	59	0	242	1	49253	983	16	0.0	66	0.27	3.6	85.9	-37.8	4.3
2021-07-07	179574	3586	54	0	260	1	49268	983	14	0.0	71	0.27	3.4	86.3		20.4
2021-07-08	179620	3586	46	0	271	1	49281	983	12	0.0	74	0.27	3.5	85.1		32.8
2021-07-09	179685	3586	65	0	298	0	49299	983	17	0.0	81	0.0	3.5	86.9		48.3
2021-07-10	179692	3586	7	0	302	0	49300	983	1	0.0	82	0.0	3.3	85.1	29.0	54.1
2021-07-11	179693	3586	1	0	299	0	49301	983	0	0.0	82	0.0	3.4	84.0	21.2	49.5
2021-07-12	179801	3586	108	0	340	0	49330	983	29	0.0	93	0.0	3.3	84.3	16.5	49.1
2021-07-13	179916	3587	115	1	396	1	49362	984	31	0.274	108	0.27	3.2	85.9	12.7	63.6
2021-07-14	180046	3588	130	1	472	2	49398	984	35	0.274	129	0.55	3.1	86.9	10.0	81.5
2021-07-15	180182	3588	136	0	562	2	49435	984	37	0.0	154	0.55	3.2	84.3	8.1	107.4
2021-07-16	180323	3588	141	0	638	2	49474	984	38	0.0	175	0.55	3.1	84.8	7.0	114.1
2021-07-17	180342	3588	19	0	650	2	49479	984	5	0.0	178	0.55	3.1	83.6	6.8	115.2
2021-07-18	180343	3588	1	0	650	2	49479	984	0	0.0	178	0.55	3.1	83.9	7.2	117.4
2021-07-19	180564	3588	221	0	763	2	49540	984	60	0.0	209	0.55	3.0	83.6	7.0	124.4
2021-07-20	180758	3588	194	0	842	1	49593	984	53	0.0	231	0.27	3.0	83.2	7.0	112.6
2021-07-21	180930	3588	172	0	884	0	49640	984	47	0.0	242	0.0	3.1	83.3	7.1	87.3
2021-07-22	181070	3588	140	0	888	0	49678	984	38	0.0	243	0.0	3.2	82.2	7.7	58.0
2021-07-23	181242	3588	172	0	919	0	49726	984	47	0.0	252	0.0	3.1	82.9	8.3	44.0
2021-07-24	181268	3588	26	0	926	0	49733	984	7	0.0	254	0.0	2.8	82.5	9.3	42.5
2021-07-25	181277	3588	9	0	934	0	49735	984	2	0.0	256	0.0	3.0	82.0	10.8	43.7
2021-07-26	181528	3588	251	0	964	0	49804	984	68	0.0	264	0.0	3.1	82.4	12.7	26.3
2021-07-27	181735	3588	207	0	977	0	49861	984	56	0.0	268	0.0	3.0	82.7	15.1	16.0
2021-07-28	181941	3588	206	0	1011	0	49917	984	56	0.0	277	0.0	3.0	84.0	17.6	14.4
2021-07-29	182148	3588	207	0	1078	0	49974	984	56	0.0	295	0.0	2.9	83.5	19.1	21.4
2021-07-30	182331	3588	183	0	1089	0	50024	984	50	0.0	298	0.0	2.9	84.3	20.5	18.5
2021-07-31	182357	3588	26	0	1089	0	50032	984	7	0.0	298	0.0	2.8	84.2	23.2	17.6
2021-08-01	182371	3588	14	0	1094	0	50035	984	3	0.0	300	0.0	3.0	83.7	28.2	17.1
2021-08-02	182655	3588	284	0	1127	0	50113	984	77	0.0	309	0.0	3.1	83.1	31.1	16.9
2021-08-03	182941	3588	286	0	1206	0	50192	984	78	0.0	330	0.0	3.2	82.9	29.8	23.4
2021-08-04	183269	3589	328	1	1328	1	50282	984	89	0.274	364	0.27	3.1	86.3	25.3	31.4
2021-08-05	183539	3590	270	1	1391	2	50356	984	74	0.274	381	0.55	3.2	86.5	22.2	29.0
2021-08-06	183767	3591	228	1	1436	3	50418	985	62	0.274	393	0.82	3.2	84.9	20.0	31.9
2021-08-07	183840	3591	73	0	1483	3	50438	985	20	0.0	406	0.82	3.0	85.9	18.7	36.2
2021-08-08	183885	3591	45	0	1514	3	50451	985	12	0.0	415	0.82	3.3	83.8	18.2	38.4
2021-08-09	184338	3592	453	1	1683	4	50575	985	124	0.274	461	1.1	3.5	83.1	16.7	49.3
2021-08-10	184786	3594	448	2	1845	6	50698	986	122	0.549	506	1.65	3.7	84.0	14.9	53.0
2021-08-11	185293	3594	507	0	2024	5	50837	986	139	0.0	555	1.37	4.2	86.8	13.3	52.4
2021-08-12	185752	3594	459	0	2213	4	50963	986	125	0.0	607	1.1	4.4	87.4	11.7	59.1
2021-08-13	186194	3595	442	1	2427	4	51084	986	121	0.274	665	1.1	4.6	86.5	10.5	69.0
2021-08-14	186304	3595	110	0	2464	4	51115	986	30	0.0	676	1.1	4.5	86.3	10.3	66.1
2021-08-15	186356	3596	52	1	2471	5	51129	986	14	0.274	677	1.37	4.8	85.5	10.6	63.2
2021-08-16	186994	3598	638	2	2656	6	51304	987	175	0.549	728	1.65	4.9	86.8	10.9	57.8
2021-08-17	187548	3598	554	0	2762	4	51456	987	151	0.0	757	1.1	4.5	89.4	11.3	49.7
2021-08-18	188056	3600	508	2	2763	6	51595	987	139	0.549	758	1.65	4.7	89.8	12.0	36.5
2021-08-19	188499	3600	443	0	2747	6	51717	987	121	0.0	753	1.65	5.0	89.4	13.2	24.1
2021-08-20	188962	3600	463	0	2768	5	51844	987	127	0.0	759	1.37	4.9	90.2	14.9	14.1
2021-08-21	189063	3601	101	1	2759	6	51871	987	27	0.274	756	1.65	4.8	86.8	17.6	12.0
2021-08-22	189102	3601	39	0	2746	5	51882	987	10	0.0	753	1.37	4.7	87.0	22.0	11.1
2021-08-23	189717	3601	615	0	2723	3	52051	987	168	0.0	747	0.82	4.4	86.6	28.8	2.5
2021-08-24	190334	3603	617	2	2786	5	52220	988	169	0.549	764	1.37	4.1	88.4	38.2	0.9
2021-08-25	190967	3603	633	0	2911	3	52394	988	173	0.0	798	0.82	4.1	88.9	48.1	5.4
2021-08-26	191475	3604	508	1	2976	4	52533	988	139	0.274	816	1.1	4.0	89.6	56.3	8.3
2021-08-27	191927	3606	452	2	2965	6	52657	989	124	0.549	813	1.65	4.3	88.9	60.8	7.1
2021-08-28	192040	3607	113	1	2977	6	52688	989	31	0.274	816	1.65	4.4	88.1	67.5	7.9
2021-08-29	192092	3607	52	0	2990	6	52703	989	14	0.0	820	1.65	4.3	86.9	80.9	8.9
2021-08-30	192753	3610	661	3	3036	9	52884	990	181	0.823	832	2.47	5.0	86.9	79.9	11.5
2021-08-31	193552	3611	799	1	3218	8	53103	990	219	0.274	882	2.19	5.0	87.9	61.7	15.5
2021-09-01	194227	3612	675	1	3260	9	53288	991	185	0.274	894	2.47	5.1	88.8	51.4	12.0
2021-09-02	194705	3613	478	1	3230	9	53419	991	131	0.274	886	2.47	5.2	89.4	48.2	8.5
2021-09-03	195195	3613	490	0	3268	7	53554	991	134	0.0	896	1.92	5.7	90.0	45.9	10.2
2021-09-04	195348	3613	153	0	3308	6	53596	991	41	0.0	907	1.65	5.8	90.1	45.2	11.1
2021-09-05	195389	3613	41	0	3297	6	53607	991	11	0.0	904	1.65	6.1	90.1	47.6	10.3
2021-09-06	196109	3613	720	0	3356	3	53805	991	197	0.0	920	0.82	6.7	86.9	51.8	10.5
2021-09-07	196771	3613	662	0	3219	2	53986	991	181	0.0	883	0.55	6.6	87.5	64.4	0.0
2021-09-08	197443	3613	672	0	3216	1	54171	991	184	0.0	882	0.27	6.7	87.2	78.0	-1.3
2021-09-09	198029	3613	586	0	3324	0	54331	991	160	0.0	911	0.0	6.9	88.9	83.9	2.9
2021-09-10	198578	3614	549	1	3383	1	54482	991	150	0.274	928	0.27	6.9	88.9	90.8	3.5
2021-09-11	198686	3614	108	0	3338	1	54512	991	29	0.0	915	0.27	6.9	89.5	112.5	0.9
2021-09-12	198702	3614	16	0	3313	1	54516	991	4	0.0	908	0.27	6.6	87.9	166.9	0.5
2021-09-13	199427	3618	725	4	3318	5	54715	992	198	1.097	910	1.37	7.0	88.6	309.6	-1.1
2021-09-14	200061	3620	634	2	3290	7	54889	993	173	0.549	902	1.92	6.9	89.6	365.0	2.2
2021-09-15	200702	3621	641	1	3259	8	55065	993	175	0.274	894	2.19	7.0	90.0		1.3
2021-09-16	201174	3622	472	1	3145	9	55194	993	129	0.274	862	2.47	6.9	91.0		-5.4
2021-09-17	201604	3623	430	1	3026	9	55312	994	117	0.274	830	2.47	7.0	91.5	-198.4	-10.6
2021-09-18	201705	3623	101	0	3019	9	55340	994	27	0.0	828	2.47	7.2	90.6	-130.7	-9.6
2021-09-19	201722	3623	17	0	3020	9	55345	994	4	0.0	828	2.47	7.4	90.6	-100.9	-8.8
2021-09-20	202315	3623	593	0	2888	5	55507	994	162	0.0	792	1.37	7.8	89.1	-80.3	-13.0
2021-09-21	202824	3624	509	1	2763	4	55647	994	139	0.274	758	1.1	7.4	91.0	-56.3	-16.0
2021-09-22	203388	3624	564	0	2686	3	55802	994	154	0.0	736	0.82	7.6	91.0	-42.6	-17.6
2021-09-23	203782	3624	394	0	2608	2	55910	994	108	0.0	715	0.55	7.3	90.0	-36.0	-17.1
2021-09-24	204169	3624	387	0	2565	1	56016	994	106	0.0	703	0.27	7.3	90.1	-32.8	-15.2
2021-09-25	204239	3624	70	0	2534	1	56035	994	19	0.0	695	0.27	7.6	89.5	-30.5	-16.1
2021-09-26	204256	3624	17	0	2534	1	56040	994	4	0.0	695	0.27	7.7	90.3	-29.4	-16.1
