Date	Cases	Deaths	Cases_New	Deaths_New	Cases_Last_Week	Deaths_Last_Week	Cases_Per_Million	Deaths_Per_Million	Cases_New_Per_Million	Deaths_New_Per_Million	Cases_Last_Week_Per_Million	Deaths_Last_Week_Per_Million	DIVI_Intensivstationen_Covid_Prozent	DIVI_Intensivstationen_Betten_belegt_Prozent	Cases_Last_Week_Doubling_Time	Cases_Last_Week_7Day_Percent
2020-01-02	0	0	0	0	0	0	0	0	0	0.0	0	0.0				
2020-01-03	0	0	0	0	0	0	0	0	0	0.0	0	0.0				
2020-01-04	0	0	0	0	0	0	0	0	0	0.0	0	0.0				
2020-01-05	0	0	0	0	0	0	0	0	0	0.0	0	0.0				
2020-01-06	0	0	0	0	0	0	0	0	0	0.0	0	0.0				
2020-01-07	0	0	0	0	0	0	0	0	0	0.0	0	0.0				
2020-01-08	0	0	0	0	0	0	0	0	0	0.0	0	0.0				
2020-01-09	0	0	0	0	0	0	0	0	0	0.0	0	0.0				0
2020-01-10	0	0	0	0	0	0	0	0	0	0.0	0	0.0				0
2020-01-11	0	0	0	0	0	0	0	0	0	0.0	0	0.0				0
2020-01-12	0	0	0	0	0	0	0	0	0	0.0	0	0.0				0
2020-01-13	0	0	0	0	0	0	0	0	0	0.0	0	0.0				0
2020-01-14	0	0	0	0	0	0	0	0	0	0.0	0	0.0				0
2020-01-15	0	0	0	0	0	0	0	0	0	0.0	0	0.0				0
2020-01-16	0	0	0	0	0	0	0	0	0	0.0	0	0.0				0
2020-01-17	0	0	0	0	0	0	0	0	0	0.0	0	0.0				0
2020-01-18	0	0	0	0	0	0	0	0	0	0.0	0	0.0				0
2020-01-19	0	0	0	0	0	0	0	0	0	0.0	0	0.0				0
2020-01-20	0	0	0	0	0	0	0	0	0	0.0	0	0.0				0
2020-01-21	0	0	0	0	0	0	0	0	0	0.0	0	0.0				0
2020-01-22	0	0	0	0	0	0	0	0	0	0.0	0	0.0				0
2020-01-23	0	0	0	0	0	0	0	0	0	0.0	0	0.0				0
2020-01-24	0	0	0	0	0	0	0	0	0	0.0	0	0.0				0
2020-01-25	0	0	0	0	0	0	0	0	0	0.0	0	0.0				0
2020-01-26	0	0	0	0	0	0	0	0	0	0.0	0	0.0				0
2020-01-27	0	0	0	0	0	0	0	0	0	0.0	0	0.0				0
2020-01-28	0	0	0	0	0	0	0	0	0	0.0	0	0.0				0
2020-01-29	0	0	0	0	0	0	0	0	0	0.0	0	0.0				0
2020-01-30	0	0	0	0	0	0	0	0	0	0.0	0	0.0				0
2020-01-31	0	0	0	0	0	0	0	0	0	0.0	0	0.0				0
2020-02-01	0	0	0	0	0	0	0	0	0	0.0	0	0.0				0
2020-02-02	0	0	0	0	0	0	0	0	0	0.0	0	0.0				0
2020-02-03	0	0	0	0	0	0	0	0	0	0.0	0	0.0				0
2020-02-04	0	0	0	0	0	0	0	0	0	0.0	0	0.0				0
2020-02-05	0	0	0	0	0	0	0	0	0	0.0	0	0.0				0
2020-02-06	0	0	0	0	0	0	0	0	0	0.0	0	0.0				0
2020-02-07	0	0	0	0	0	0	0	0	0	0.0	0	0.0				0
2020-02-08	0	0	0	0	0	0	0	0	0	0.0	0	0.0				0
2020-02-09	0	0	0	0	0	0	0	0	0	0.0	0	0.0				0
2020-02-10	0	0	0	0	0	0	0	0	0	0.0	0	0.0				0
2020-02-11	0	0	0	0	0	0	0	0	0	0.0	0	0.0				0
2020-02-12	0	0	0	0	0	0	0	0	0	0.0	0	0.0				0
2020-02-13	0	0	0	0	0	0	0	0	0	0.0	0	0.0				0
2020-02-14	0	0	0	0	0	0	0	0	0	0.0	0	0.0				0
2020-02-15	0	0	0	0	0	0	0	0	0	0.0	0	0.0				0
2020-02-16	0	0	0	0	0	0	0	0	0	0.0	0	0.0				0
2020-02-17	1	0	1	0	1	0	0	0	0	0.0	0	0.0				0
2020-02-18	2	0	1	0	2	0	0	0	0	0.0	0	0.0				0
2020-02-19	2	0	0	0	2	0	0	0	0	0.0	0	0.0				0
2020-02-20	2	0	0	0	2	0	0	0	0	0.0	0	0.0				0
2020-02-21	2	0	0	0	2	0	0	0	0	0.0	0	0.0				0
2020-02-22	2	0	0	0	2	0	0	0	0	0.0	0	0.0				0
2020-02-23	2	0	0	0	2	0	0	0	0	0.0	0	0.0				0
2020-02-24	2	0	0	0	1	0	0	0	0	0.0	0	0.0				0
2020-02-25	3	0	1	0	1	0	1	0	0	0.0	0	0.0				-50.0
2020-02-26	3	0	0	0	1	0	1	0	0	0.0	0	0.0				-50.0
2020-02-27	3	0	0	0	1	0	1	0	0	0.0	0	0.0				-50.0
2020-02-28	3	0	0	0	1	0	1	0	0	0.0	0	0.0				-50.0
2020-02-29	3	0	0	0	1	0	1	0	0	0.0	0	0.0				-50.0
2020-03-01	4	0	1	0	2	0	1	0	0	0.0	0	0.0				0.0
2020-03-02	4	0	0	0	2	0	1	0	0	0.0	0	0.0				0
2020-03-03	4	0	0	0	1	0	1	0	0	0.0	0	0.0				0
2020-03-04	4	0	0	0	1	0	1	0	0	0.0	0	0.0				0
2020-03-05	6	0	2	0	3	0	2	0	0	0.0	1	0.0				0
2020-03-06	6	0	0	0	3	0	2	0	0	0.0	1	0.0				0
2020-03-07	6	0	0	0	3	0	2	0	0	0.0	1	0.0				0
2020-03-08	10	0	4	0	6	0	3	0	1	0.0	2	0.0				200.0
2020-03-09	14	0	4	0	10	0	5	0	1	0.0	3	0.0				400.0
2020-03-10	23	0	9	0	19	0	9	0	3	0.0	7	0.0				0
2020-03-11	31	0	8	0	27	0	12	0	3	0.0	10	0.0				0
2020-03-12	56	0	25	0	50	0	22	0	9	0.0	19	0.0				1566.7
2020-03-13	76	0	20	0	70	0	30	0	7	0.0	27	0.0				2233.3
2020-03-14	89	0	13	0	83	0	35	0	5	0.0	33	0.0				2666.7
2020-03-15	109	0	20	0	99	0	43	0	7	0.0	39	0.0				1550.0
2020-03-16	128	0	19	0	114	0	50	0	7	0.0	45	0.0				1040.0
2020-03-17	191	0	63	0	168	0	76	0	25	0.0	66	0.0				784.2
2020-03-18	236	0	45	0	205	0	93	0	17	0.0	81	0.0				659.3
2020-03-19	293	1	57	1	237	1	116	0	22	0.398	94	0.4				374.0
2020-03-20	355	2	62	1	279	2	141	0	24	0.398	111	0.8				298.6
2020-03-21	379	2	24	0	290	2	150	0	9	0.0	115	0.8				249.4
2020-03-22	399	2	20	0	290	2	158	0	7	0.0	115	0.8				192.9
2020-03-23	451	2	52	0	323	2	179	0	20	0.0	128	0.8				183.3
2020-03-24	507	2	56	0	316	2	201	0	22	0.0	125	0.8				88.1
2020-03-25	603	6	96	4	367	6	240	2	38	1.592	146	2.39				79.0
2020-03-26	676	8	73	2	383	7	269	3	29	0.796	152	2.79				61.6
2020-03-27	755	14	79	6	400	12	300	5	31	2.389	159	4.78				43.4
2020-03-28	799	14	44	0	420	12	318	5	17	0.0	167	4.78				44.8
2020-03-29	826	14	27	0	427	12	328	5	10	0.0	169	4.78				47.2
2020-03-30	920	27	94	13	469	25	366	10	37	5.175	186	9.95				45.2
2020-03-31	1049	35	129	8	542	33	417	13	51	3.185	215	13.14				71.5
2020-04-01	1118	42	69	7	515	36	445	16	27	2.787	205	14.33				40.3
2020-04-02	1234	51	116	9	558	43	491	20	46	3.583	222	17.12				45.7
2020-04-03	1371	66	137	15	616	52	545	26	54	5.972	245	20.7				54.0
2020-04-04	1411	68	40	2	612	54	561	27	15	0.796	243	21.5				45.7
2020-04-05	1438	71	27	3	612	57	572	28	10	1.194	243	22.69				43.3
2020-04-06	1513	77	75	6	593	50	602	30	29	2.389	236	19.91				26.4
2020-04-07	1620	85	107	8	571	50	644	33	42	3.185	227	19.91				5.4
2020-04-08	1742	88	122	3	624	46	693	35	48	1.194	248	18.31				21.2
2020-04-09	1857	98	115	10	623	47	739	39	45	3.981	248	18.71				11.6
2020-04-10	1932	100	75	2	561	34	769	39	29	0.796	223	13.54				-8.9
2020-04-11	1981	105	49	5	570	37	788	41	19	1.991	226	14.73				-6.9
2020-04-12	2025	111	44	6	587	40	806	44	17	2.389	233	15.92				-4.1
2020-04-13	2037	111	12	0	524	34	810	44	4	0.0	208	13.54				-11.6
2020-04-14	2095	113	58	2	475	28	834	44	23	0.796	189	11.15				-16.8
2020-04-15	2165	122	70	9	423	34	861	48	27	3.583	168	13.54				-32.2
2020-04-16	2228	127	63	5	371	29	886	50	25	1.991	147	11.55				-40.4
2020-04-17	2340	127	112	0	408	27	931	50	44	0.0	162	10.75				-27.3
2020-04-18	2401	131	61	4	420	26	955	52	24	1.592	167	10.35				-26.3
2020-04-19	2430	133	29	2	405	22	967	52	11	0.796	161	8.76				-31.0
2020-04-20	2487	142	57	9	450	31	990	56	22	3.583	179	12.34				-14.1
2020-04-21	2550	146	63	4	455	33	1015	58	25	1.592	181	13.14				-4.2
2020-04-22	2601	147	51	1	436	25	1035	58	20	0.398	173	9.95				3.1
2020-04-23	2641	150	40	3	413	23	1051	59	15	1.194	164	9.16				11.3
2020-04-24	2726	152	85	2	386	25	1085	60	33	0.796	153	9.95				-5.4
2020-04-25	2750	153	24	1	349	22	1094	60	9	0.398	138	8.76				-16.9
2020-04-26	2757	153	7	0	327	20	1097	60	2	0.0	130	7.96	4.6	53.2		-19.3
2020-04-27	2796	156	39	3	309	14	1113	62	15	1.194	123	5.57	4.8	53.9		-31.3
2020-04-28	2863	158	67	2	313	12	1139	62	26	0.796	124	4.78	4.8	55.1		-31.2
2020-04-29	2900	159	37	1	299	12	1154	63	14	0.398	119	4.78	3.7	54.9		-31.4
2020-04-30	2934	161	34	2	293	11	1168	64	13	0.796	116	4.38	3.5	54.1		-29.1
2020-05-01	2967	163	33	2	241	11	1181	64	13	0.796	95	4.38	3.5	55.8		-37.6
2020-05-02	2982	163	15	0	232	10	1187	64	5	0.0	92	3.98	3.3	55.0		-33.5
2020-05-03	2988	163	6	0	231	10	1189	64	2	0.0	91	3.98	2.9	52.1		-29.4
2020-05-04	3008	165	20	2	212	9	1197	65	7	0.796	84	3.58	2.7	51.4		-31.4
2020-05-05	3051	165	43	0	188	7	1214	65	17	0.0	74	2.79	2.5	49.5		-39.9
2020-05-06	3077	165	26	0	177	6	1224	65	10	0.0	70	2.39	2.8	51.8		-40.8
2020-05-07	3088	166	11	1	154	5	1229	66	4	0.398	61	1.99	2.8	52.5		-47.4
2020-05-08	3104	166	16	0	137	3	1235	66	6	0.0	54	1.19	2.3	53.9		-43.2
2020-05-09	3109	166	5	0	127	3	1237	66	1	0.0	50	1.19	2.1	54.1		-45.3
2020-05-10	3112	166	3	0	124	3	1238	66	1	0.0	49	1.19	2.4	51.4		-46.3
2020-05-11	3121	166	9	0	113	1	1242	66	3	0.0	44	0.4	2.5	50.6		-46.7
2020-05-12	3127	166	6	0	76	1	1244	66	2	0.0	30	0.4	2.3	53.5		-59.6
2020-05-13	3137	167	10	1	60	2	1248	66	3	0.398	23	0.8	2.8	56.5		-66.1
2020-05-14	3153	167	16	0	65	1	1255	66	6	0.0	25	0.4	2.7	56.2		-57.8
2020-05-15	3160	167	7	0	56	1	1258	66	2	0.0	22	0.4	2.2	56.7		-59.1
2020-05-16	3173	167	13	0	64	1	1263	66	5	0.0	25	0.4	2.6	57.6		-49.6
2020-05-17	3174	167	1	0	62	1	1263	66	0	0.0	24	0.4	2.0	55.3		-50.0
2020-05-18	3181	167	7	0	60	1	1266	66	2	0.0	23	0.4	2.0	52.3		-46.9
2020-05-19	3185	167	4	0	58	1	1267	66	1	0.0	23	0.4	1.9	54.8		-23.7
2020-05-20	3198	167	13	0	61	0	1273	66	5	0.0	24	0.0	2.1	56.2		1.7
2020-05-21	3201	167	3	0	48	0	1274	66	1	0.0	19	0.0	2.1	57.4		-26.2
2020-05-22	3206	167	5	0	46	0	1276	66	1	0.0	18	0.0	1.8	54.2		-17.9
2020-05-23	3211	167	5	0	38	0	1278	66	1	0.0	15	0.0	1.5	54.2		-40.6
2020-05-24	3212	167	1	0	38	0	1278	66	0	0.0	15	0.0	1.4	53.1		-38.7
2020-05-25	3219	167	7	0	38	0	1281	66	2	0.0	15	0.0	1.6	53.9		-36.7
2020-05-26	3224	167	5	0	39	0	1283	66	1	0.0	15	0.0	1.6	54.9		-32.8
2020-05-27	3230	168	6	1	32	1	1285	66	2	0.398	12	0.4	1.2	55.9		-47.5
2020-05-28	3236	169	6	1	35	2	1288	67	2	0.398	13	0.8	1.1	56.3		-27.1
2020-05-29	3239	169	3	0	33	2	1289	67	1	0.0	13	0.8	1.0	56.2		-28.3
2020-05-30	3244	169	5	0	33	2	1291	67	1	0.0	13	0.8	1.1	53.0		-13.2
2020-05-31	3245	169	1	0	33	2	1291	67	0	0.0	13	0.8	1.0	50.5		-13.2
2020-06-01	3245	169	0	0	26	2	1291	67	0	0.0	10	0.8	0.9	50.8		-31.6
2020-06-02	3249	169	4	0	25	2	1293	67	1	0.0	9	0.8	0.9	50.2		-35.9
2020-06-03	3254	169	5	0	24	1	1295	67	1	0.0	9	0.4	0.6	52.5		-25.0
2020-06-04	3257	169	3	0	21	0	1296	67	1	0.0	8	0.0	0.6	55.7		-40.0
2020-06-05	3260	169	3	0	21	0	1297	67	1	0.0	8	0.0	0.8	55.8		-36.4
2020-06-06	3261	169	1	0	17	0	1298	67	0	0.0	6	0.0	0.8	54.1		-48.5
2020-06-07	3261	169	0	0	16	0	1298	67	0	0.0	6	0.0	0.5	54.8		-51.5
2020-06-08	3263	169	2	0	18	0	1299	67	0	0.0	7	0.0	0.5	54.2		-30.8
2020-06-09	3269	169	6	0	20	0	1301	67	2	0.0	7	0.0	0.4	56.8		-20.0
2020-06-10	3274	170	5	1	20	1	1303	67	1	0.398	7	0.4	0.4	57.8		-16.7
2020-06-11	3279	170	5	0	22	1	1305	67	1	0.0	8	0.4	0.3	59.9		4.8
2020-06-12	3287	170	8	0	27	1	1308	67	3	0.0	10	0.4	0.3	59.3		28.6
2020-06-13	3292	170	5	0	31	1	1310	67	1	0.0	12	0.4	0.3	57.3		82.4
2020-06-14	3293	170	1	0	32	1	1310	67	0	0.0	12	0.4	0.3	58.1		100.0
2020-06-15	3304	170	11	0	41	1	1315	67	4	0.0	16	0.4	0.4	58.3		127.8
2020-06-16	3316	170	12	0	47	1	1320	67	4	0.0	18	0.4	0.5	61.0		135.0
2020-06-17	3323	170	7	0	49	0	1322	67	2	0.0	19	0.0	0.4	60.0		145.0
2020-06-18	3335	170	12	0	56	0	1327	67	4	0.0	22	0.0	0.3	60.5		154.5
2020-06-19	3352	170	17	0	65	0	1334	67	6	0.0	25	0.0	0.2	61.5		140.7
2020-06-20	3366	170	14	0	74	0	1340	67	5	0.0	29	0.0	0.3	59.8		138.7
2020-06-21	3366	170	0	0	73	0	1340	67	0	0.0	29	0.0	0.2	56.8		128.1
2020-06-22	3370	170	4	0	66	0	1341	67	1	0.0	26	0.0	0.3	57.2		61.0
2020-06-23	3383	170	13	0	67	0	1346	67	5	0.0	26	0.0	0.5	64.1		42.6
2020-06-24	3393	170	10	0	70	0	1350	67	3	0.0	27	0.0	0.3	63.6		42.9
2020-06-25	3397	170	4	0	62	0	1352	67	1	0.0	24	0.0	0.5	60.7		10.7
2020-06-26	3403	170	6	0	51	0	1354	67	2	0.0	20	0.0	0.2	59.4		-21.5
2020-06-27	3404	170	1	0	38	0	1355	67	0	0.0	15	0.0	0.3	57.0		-48.6
2020-06-28	3406	170	2	0	40	0	1355	67	0	0.0	15	0.0	0.5	55.4		-45.2
2020-06-29	3411	170	5	0	41	0	1357	67	1	0.0	16	0.0	0.5	56.6		-37.9
2020-06-30	3415	170	4	0	32	0	1359	67	1	0.0	12	0.0	0.6	58.1		-52.2
2020-07-01	3424	170	9	0	31	0	1363	67	3	0.0	12	0.0	0.5	59.7		-55.7
2020-07-02	3432	171	8	1	35	1	1366	68	3	0.398	13	0.4	0.4	60.6		-43.5
2020-07-03	3442	171	10	0	39	1	1370	68	3	0.0	15	0.4	0.5	58.8		-23.5
2020-07-04	3448	171	6	0	44	1	1372	68	2	0.0	17	0.4	0.4	56.0		15.8
2020-07-05	3448	171	0	0	42	1	1372	68	0	0.0	16	0.4	0.4	56.2		5.0
2020-07-06	3453	171	5	0	42	1	1374	68	1	0.0	16	0.4	0.4	56.9		2.4
2020-07-07	3455	171	2	0	40	1	1375	68	0	0.0	15	0.4	0.3	58.0		25.0
2020-07-08	3455	171	0	0	31	1	1375	68	0	0.0	12	0.4	0.3	59.7		0.0
2020-07-09	3460	171	5	0	28	0	1377	68	1	0.0	11	0.0	0.4	59.1		-20.0
2020-07-10	3463	171	3	0	21	0	1378	68	1	0.0	8	0.0	0.5	58.3		-46.2
2020-07-11	3467	171	4	0	19	0	1380	68	1	0.0	7	0.0	0.5	56.6		-56.8
2020-07-12	3468	171	1	0	20	0	1380	68	0	0.0	7	0.0	0.5	54.2		-52.4
2020-07-13	3470	171	2	0	17	0	1381	68	0	0.0	6	0.0	0.5	54.7		-59.5
2020-07-14	3476	171	6	0	21	0	1383	68	2	0.0	8	0.0	0.5	58.9		-47.5
2020-07-15	3480	171	4	0	25	0	1385	68	1	0.0	9	0.0	0.3	58.8		-19.4
2020-07-16	3482	171	2	0	22	0	1386	68	0	0.0	8	0.0	0.3	57.5		-21.4
2020-07-17	3487	171	5	0	24	0	1388	68	1	0.0	9	0.0	0.2	60.1		14.3
2020-07-18	3494	171	7	0	27	0	1390	68	2	0.0	10	0.0	0.2	58.7		42.1
2020-07-19	3494	171	0	0	26	0	1390	68	0	0.0	10	0.0	0.2	55.3		30.0
2020-07-20	3521	171	27	0	51	0	1401	68	10	0.0	20	0.0	0.3	56.2		200.0
2020-07-21	3535	171	14	0	59	0	1407	68	5	0.0	23	0.0	0.3	57.5		181.0
2020-07-22	3546	171	11	0	66	0	1411	68	4	0.0	26	0.0	0.2	59.1		164.0
2020-07-23	3551	171	5	0	69	0	1413	68	1	0.0	27	0.0	0.2	60.2		213.6
2020-07-24	3552	171	1	0	65	0	1414	68	0	0.0	25	0.0	0.2	60.9		170.8
2020-07-25	3553	171	1	0	59	0	1414	68	0	0.0	23	0.0	0.1	58.6		118.5
2020-07-26	3555	171	2	0	61	0	1415	68	0	0.0	24	0.0	0.3	57.0		134.6
2020-07-27	3559	171	4	0	38	0	1416	68	1	0.0	15	0.0	0.2	56.9		-25.5
2020-07-28	3568	171	9	0	33	0	1420	68	3	0.0	13	0.0	0.2	57.3		-44.1
2020-07-29	3569	171	1	0	23	0	1420	68	0	0.0	9	0.0	0.1	59.6		-65.2
2020-07-30	3579	171	10	0	28	0	1424	68	3	0.0	11	0.0	0.1	61.4		-59.4
2020-07-31	3583	171	4	0	31	0	1426	68	1	0.0	12	0.0	0.1	57.9		-52.3
2020-08-01	3585	171	2	0	32	0	1427	68	0	0.0	12	0.0	0.1	55.4		-45.8
2020-08-02	3588	171	3	0	33	0	1428	68	1	0.0	13	0.0	0.1	55.0		-45.9
2020-08-03	3593	171	5	0	34	0	1430	68	1	0.0	13	0.0	0.1	56.3		-10.5
2020-08-04	3606	172	13	1	38	1	1435	68	5	0.398	15	0.4	0.5	63.9		15.2
2020-08-05	3614	172	8	0	45	1	1438	68	3	0.0	17	0.4	0.8	66.2		95.7
2020-08-06	3631	172	17	0	52	1	1445	68	6	0.0	20	0.4	0.6	66.7		85.7
2020-08-07	3650	172	19	0	67	1	1453	68	7	0.0	26	0.4	0.5	65.9		116.1
2020-08-08	3655	172	5	0	70	1	1455	68	1	0.0	27	0.4	0.4	63.9		118.8
2020-08-09	3656	172	1	0	68	1	1455	68	0	0.0	27	0.4	0.5	63.6		106.1
2020-08-10	3663	172	7	0	70	1	1458	68	2	0.0	27	0.4	0.5	65.3		105.9
2020-08-11	3671	172	8	0	65	0	1461	68	3	0.0	25	0.0	0.3	66.9		71.1
2020-08-12	3691	172	20	0	77	0	1469	68	7	0.0	30	0.0	0.4	65.1		71.1
2020-08-13	3701	172	10	0	70	0	1473	68	3	0.0	27	0.0	0.4	67.3	10.0	34.6
2020-08-14	3709	172	8	0	59	0	1476	68	3	0.0	23	0.0	0.2	66.0	12.8	-11.9
2020-08-15	3714	172	5	0	59	0	1478	68	1	0.0	23	0.0	0.1	65.7	17.1	-15.7
2020-08-16	3719	172	5	0	63	0	1480	68	1	0.0	25	0.0	0.2	64.0		-7.4
2020-08-17	3735	172	16	0	72	0	1486	68	6	0.0	28	0.0	0.1	64.0		2.9
2020-08-18	3753	172	18	0	82	0	1494	68	7	0.0	32	0.0	0.8	67.4		26.2
2020-08-19	3772	172	19	0	81	0	1501	68	7	0.0	32	0.0	0.1	68.2		5.2
2020-08-20	3790	172	18	0	89	0	1508	68	7	0.0	35	0.0	0.3	69.7		27.1
2020-08-21	3805	172	15	0	96	0	1514	68	5	0.0	38	0.0	0.2	70.3		62.7
2020-08-22	3817	172	12	0	103	0	1519	68	4	0.0	41	0.0	0.3	66.6		74.6
2020-08-23	3821	172	4	0	102	0	1521	68	1	0.0	40	0.0	0.2	63.4	16.3	61.9
2020-08-24	3834	172	13	0	99	0	1526	68	5	0.0	39	0.0	0.3	64.1	15.6	37.5
2020-08-25	3852	172	18	0	99	0	1533	68	7	0.0	39	0.0	0.1	66.2	16.4	20.7
2020-08-26	3870	172	18	0	98	0	1540	68	7	0.0	39	0.0	0.3	67.6	16.1	21.0
2020-08-27	3883	172	13	0	93	0	1545	68	5	0.0	37	0.0	0.1	67.7	18.0	4.5
2020-08-28	3887	172	4	0	82	0	1547	68	1	0.0	32	0.0	0.2	65.9		-14.6
2020-08-29	3888	172	1	0	71	0	1547	68	0	0.0	28	0.0	0.2	64.5		-31.1
2020-08-30	3889	172	1	0	68	0	1548	68	0	0.0	27	0.0	0.2	64.0		-33.3
2020-08-31	3894	172	5	0	60	0	1550	68	1	0.0	23	0.0	0.1	63.5		-39.4
2020-09-01	3902	172	8	0	50	0	1553	68	3	0.0	19	0.0	0.0	64.8	-22.1	-49.5
2020-09-02	3912	172	10	0	42	0	1557	68	3	0.0	16	0.0	0.0	66.8	-14.5	-57.1
2020-09-03	3923	172	11	0	40	0	1561	68	4	0.0	15	0.0	0.0	64.5	-11.0	-57.0
2020-09-04	3945	172	22	0	58	0	1570	68	8	0.0	23	0.0	0.1	67.6	-10.0	-29.3
2020-09-05	3949	172	4	0	61	0	1572	68	1	0.0	24	0.0	0.2	65.9	-10.0	-14.1
2020-09-06	3949	172	0	0	60	0	1572	68	0	0.0	23	0.0	0.1	63.6	-10.2	-11.8
2020-09-07	3962	172	13	0	68	0	1577	68	5	0.0	27	0.0	0.1	64.6	-11.8	13.3
2020-09-08	3977	173	15	1	75	1	1583	68	5	0.398	29	0.4	0.2	65.9		50.0
2020-09-09	3984	173	7	0	72	1	1586	68	2	0.0	28	0.4	0.0	66.0		71.4
2020-09-10	4010	173	26	0	87	1	1596	68	10	0.0	34	0.4	0.0	67.3		117.5
2020-09-11	4018	173	8	0	73	1	1599	68	3	0.0	29	0.4	0.0	67.1		25.9
2020-09-12	4027	173	9	0	78	1	1603	68	3	0.0	31	0.4	0.1	65.8		27.9
2020-09-13	4030	173	3	0	81	1	1604	68	1	0.0	32	0.4	0.1	64.9	14.7	35.0
2020-09-14	4041	173	11	0	79	1	1608	68	4	0.0	31	0.4	0.1	66.6	14.6	16.2
2020-09-15	4057	173	16	0	80	0	1615	68	6	0.0	31	0.0	0.0	68.5	16.4	6.7
2020-09-16	4074	173	17	0	90	0	1621	68	6	0.0	35	0.0	0.0	68.6	18.6	25.0
2020-09-17	4085	173	11	0	75	0	1626	68	4	0.0	29	0.0	0.0	69.3		-13.8
2020-09-18	4109	173	24	0	91	0	1635	68	9	0.0	36	0.0	0.0	68.7		24.7
2020-09-19	4116	173	7	0	89	0	1638	68	2	0.0	35	0.0	0.2	67.3		14.1
2020-09-20	4118	173	2	0	88	0	1639	68	0	0.0	35	0.0	0.2	64.6		8.6
2020-09-21	4135	173	17	0	94	0	1646	68	6	0.0	37	0.0	0.2	65.2		19.0
2020-09-22	4157	173	22	0	100	0	1654	68	8	0.0	39	0.0	0.1	65.1		25.0
2020-09-23	4183	173	26	0	109	0	1665	68	10	0.0	43	0.0	0.0	65.5		21.1
2020-09-24	4218	173	35	0	133	0	1679	68	13	0.0	52	0.0	0.1	69.9	18.7	77.3
2020-09-25	4244	174	26	1	135	1	1689	69	10	0.398	53	0.4	0.1	69.6	15.6	48.4
2020-09-26	4248	174	4	0	132	1	1691	69	1	0.0	52	0.4	0.2	67.1	14.3	48.3
2020-09-27	4251	174	3	0	133	1	1692	69	1	0.0	52	0.4	0.2	67.1	13.9	51.1
2020-09-28	4277	174	26	0	142	1	1702	69	10	0.0	56	0.4	0.2	65.9	13.6	51.1
2020-09-29	4317	174	40	0	160	1	1718	69	15	0.0	63	0.4	0.3	68.6	12.8	60.0
2020-09-30	4356	174	39	0	173	1	1734	69	15	0.0	68	0.4	0.4	69.2	11.7	58.7
2020-10-01	4400	175	44	1	182	2	1751	69	17	0.398	72	0.8	0.4	72.4	11.7	36.8
2020-10-02	4448	177	48	2	204	3	1770	70	19	0.796	81	1.19	0.5	72.3	10.7	51.1
2020-10-03	4477	177	29	0	229	3	1782	70	11	0.0	91	1.19	0.5	71.8	9.9	73.5
2020-10-04	4487	177	10	0	236	3	1786	70	3	0.0	93	1.19	0.6	70.7	9.8	77.4
2020-10-05	4522	177	35	0	245	3	1800	70	13	0.0	97	1.19	0.6	67.6	9.9	72.5
2020-10-06	4582	178	60	1	265	4	1824	70	23	0.398	105	1.59	0.5	69.6	10.0	65.6
2020-10-07	4643	180	61	2	287	6	1848	71	24	0.796	114	2.39	0.6	69.9	9.9	65.9
2020-10-08	4719	181	76	1	319	6	1878	72	30	0.398	126	2.39	0.6	69.8	9.4	75.3
2020-10-09	4833	182	114	1	385	5	1924	72	45	0.398	153	1.99	0.7	70.6	8.4	88.7
2020-10-10	4875	183	42	1	398	6	1940	72	16	0.398	158	2.39	0.7	70.3	8.1	73.8
2020-10-11	4899	184	24	1	412	7	1950	73	9	0.398	164	2.79	0.7	67.0	8.3	74.6
2020-10-12	5008	184	109	0	486	7	1993	73	43	0.0	193	2.79	0.9	68.0	8.0	98.4
2020-10-13	5123	187	115	3	541	9	2039	74	45	1.194	215	3.58	0.9	72.1	7.6	104.2
2020-10-14	5252	192	129	5	609	12	2090	76	51	1.991	242	4.78	1.0	69.6	7.3	112.2
2020-10-15	5376	193	124	1	657	12	2140	76	49	0.398	261	4.78	1.1	67.8	7.2	106.0
2020-10-16	5532	195	156	2	699	13	2202	77	62	0.796	278	5.18	1.7	71.0	7.2	81.6
2020-10-17	5605	198	73	3	730	15	2231	78	29	1.194	290	5.97	1.4	70.5	7.4	83.4
2020-10-18	5647	199	42	1	748	15	2248	79	16	0.398	297	5.97	2.3	67.3	7.9	81.6
2020-10-19	5769	204	122	5	761	20	2296	81	48	1.991	302	7.96	2.5	64.5	8.7	56.6
2020-10-20	5978	207	209	3	855	20	2379	82	83	1.194	340	7.96	2.5	66.7	9.2	58.0
2020-10-21	6176	213	198	6	924	21	2458	84	78	2.389	367	8.36	3.0	68.5	9.6	51.7
2020-10-22	6434	215	258	2	1058	22	2561	85	102	0.796	421	8.76	3.7	72.1	9.5	61.0
2020-10-23	6669	220	235	5	1137	25	2654	87	93	1.991	452	9.95	3.9	71.8	9.3	62.7
2020-10-24	6822	221	153	1	1217	23	2715	87	60	0.398	484	9.16	3.5	69.4	9.3	66.7
2020-10-25	6900	221	78	0	1253	22	2746	87	31	0.0	498	8.76	3.6	67.7	9.7	67.5
2020-10-26	7079	223	179	2	1310	19	2818	88	71	0.796	521	7.56	4.1	69.7	10.0	72.1
2020-10-27	7421	228	342	5	1443	21	2954	90	136	1.991	574	8.36	3.9	72.8	10.1	68.8
2020-10-28	7747	234	326	6	1571	21	3084	93	129	2.389	625	8.36	3.8	74.1	9.9	70.0
2020-10-29	8185	241	438	7	1751	26	3258	95	174	2.787	697	10.35	4.4	72.8	9.4	65.5
2020-10-30	8522	247	337	6	1853	27	3392	98	134	2.389	737	10.75	5.5	69.0	9.2	63.0
2020-10-31	8780	253	258	6	1958	32	3495	100	102	2.389	779	12.74	5.1	70.2	9.2	60.9
2020-11-01	8897	256	117	3	1997	35	3541	101	46	1.194	795	13.93	5.7	68.1	9.7	59.4
2020-11-02	9131	263	234	7	2052	40	3635	104	93	2.787	816	15.92	7.1	65.5	10.4	56.6
2020-11-03	9490	270	359	7	2069	42	3778	107	142	2.787	823	16.72	8.7	74.5	11.4	43.4
2020-11-04	9916	276	426	6	2169	42	3947	109	169	2.389	863	16.72	7.5	74.8	12.5	38.1
2020-11-05	10400	293	484	17	2215	52	4140	116	192	6.768	881	20.7	7.8	75.1	13.5	26.5
2020-11-06	10766	298	366	5	2244	51	4285	118	145	1.991	893	20.3	8.0	73.1	14.9	21.1
2020-11-07	11013	303	247	5	2233	50	4384	120	98	1.991	888	19.91	7.9	72.3	16.9	14.0
2020-11-08	11141	306	128	3	2244	50	4435	121	50	1.194	893	19.91	8.5	68.1	19.9	12.4
2020-11-09	11418	312	277	6	2287	49	4545	124	110	2.389	910	19.51	7.7	69.9	24.1	11.5
2020-11-10	11804	320	386	8	2314	50	4699	127	153	3.185	921	19.91	8.5	73.5	29.4	11.8
2020-11-11	12212	328	408	8	2296	52	4861	130	162	3.185	914	20.7	8.8	72.1	37.2	5.9
2020-11-12	12609	335	397	7	2209	42	5019	133	158	2.787	879	16.72	8.4	70.7	49.7	-0.3
2020-11-13	13056	348	447	13	2290	50	5197	138	177	5.175	911	19.91	8.1	74.0	62.4	2.0
2020-11-14	13357	359	301	11	2344	56	5317	142	119	4.379	933	22.29	9.1	73.8	71.2	5.0
2020-11-15	13459	361	102	2	2318	55	5358	143	40	0.796	922	21.9	9.0	70.9	87.9	3.3
2020-11-16	13820	372	361	11	2402	60	5501	148	143	4.379	956	23.89	9.3	70.7	94.9	5.0
2020-11-17	14322	379	502	7	2518	59	5701	150	199	2.787	1002	23.49	9.2	73.6	89.2	8.8
2020-11-18	14903	401	581	22	2691	73	5932	159	231	8.758	1071	29.06	9.7	76.0	63.0	17.2
2020-11-19	15491	415	588	14	2882	80	6167	165	234	5.573	1147	31.85	10.5	77.1	42.9	30.5
2020-11-20	16015	423	524	8	2959	75	6375	168	208	3.185	1177	29.86	9.8	75.5	32.7	29.2
2020-11-21	16370	428	355	5	3013	69	6516	170	141	1.991	1199	27.47	10.3	77.0	27.7	28.5
2020-11-22	16572	439	202	11	3113	78	6597	174	80	4.379	1239	31.05	10.4	74.2	24.4	34.3
2020-11-23	17127	455	555	16	3307	83	6818	181	220	6.37	1316	33.04	10.2	73.8	21.2	37.7
2020-11-24	17600	470	473	15	3278	91	7006	187	188	5.972	1304	36.23	10.3	76.1	20.0	30.2
2020-11-25	18204	482	604	12	3301	81	7247	191	240	4.777	1314	32.25	10.9	75.5	19.9	22.7
2020-11-26	18821	503	617	21	3330	88	7492	200	245	8.36	1325	35.03	11.0	77.3	21.1	15.5
2020-11-27	19311	524	490	21	3296	101	7687	208	195	8.36	1312	40.21	11.1	78.6	23.1	11.4
2020-11-28	19647	547	336	23	3277	119	7821	217	133	9.156	1304	47.37	11.6	76.2	26.3	8.8
2020-11-29	19758	558	111	11	3186	119	7865	222	44	4.379	1268	47.37	11.2	75.4	33.5	2.3
2020-11-30	20259	585	501	27	3132	130	8065	232	199	10.749	1246	51.75	11.4	76.4	47.4	-5.3
2020-12-01	20894	607	635	22	3294	137	8318	241	252	8.758	1311	54.54	11.1	77.1	66.1	0.5
2020-12-02	21598	632	704	25	3394	150	8598	251	280	9.953	1351	59.72	11.4	79.7	86.5	2.8
2020-12-03	22348	663	750	31	3527	160	8896	263	298	12.341	1404	63.7	12.2	79.7	89.8	5.9
2020-12-04	22956	680	608	17	3645	156	9138	270	242	6.768	1451	62.1	12.9	81.0	83.0	10.6
2020-12-05	23303	690	347	10	3656	143	9277	274	138	3.981	1455	56.93	12.0	79.8	79.9	11.6
2020-12-06	23408	695	105	5	3650	137	9318	276	41	1.991	1453	54.54	13.0	79.6	76.3	14.6
2020-12-07	23961	718	553	23	3702	133	9538	285	220	9.156	1473	52.95	13.3	77.3	62.7	18.2
2020-12-08	24695	741	734	23	3801	134	9831	294	292	9.156	1513	53.35	14.3	80.4	53.2	15.4
2020-12-09	25557	773	862	32	3959	141	10174	307	343	12.739	1576	56.13	14.2	78.9	43.9	16.6
2020-12-10	26513	815	956	42	4165	152	10554	324	380	16.72	1658	60.51	15.1	79.8	35.5	18.1
2020-12-11	27392	845	879	30	4436	165	10904	336	349	11.943	1765	65.69	16.6	78.3	29.0	21.7
2020-12-12	27895	863	503	18	4592	173	11105	343	200	7.166	1828	68.87	17.1	76.5	25.1	25.6
2020-12-13	28212	889	317	26	4804	194	11231	353	126	10.351	1912	77.23	17.2	76.1	22.9	31.6
2020-12-14	28829	934	617	45	4868	216	11476	371	245	17.915	1937	85.99	17.5	75.4	22.4	31.5
2020-12-15	29851	988	1022	54	5156	247	11883	393	406	21.498	2052	98.33	17.8	76.6	21.0	35.6
2020-12-16	31022	1043	1171	55	5465	270	12350	415	466	21.896	2175	107.49	17.8	79.2	19.4	38.0
2020-12-17	32231	1094	1209	51	5718	279	12831	435	481	20.303	2276	111.07	19.1	79.4	17.9	37.3
2020-12-18	33560	1167	1329	73	6168	322	13360	464	529	29.062	2455	128.19	20.4	79.2	16.2	39.0
2020-12-19	34324	1193	764	26	6429	330	13664	474	304	10.351	2559	131.37	22.8	80.5	15.2	40.0
2020-12-20	34790	1224	466	31	6578	335	13850	487	185	12.341	2618	133.37	23.2	81.3	15.0	36.9
2020-12-21	35719	1264	929	40	6890	330	14219	503	369	15.924	2742	131.37	25.3	82.2	14.9	41.5
2020-12-22	36995	1324	1276	60	7144	336	14727	527	507	23.886	2844	133.76	24.8	79.3	15.1	38.6
2020-12-23	38153	1376	1158	52	7131	333	15188	547	461	20.701	2838	132.57	25.5	80.3	16.0	30.5
2020-12-24	38757	1407	604	31	6526	313	15429	560	240	12.341	2598	124.61	27.6	80.7	18.8	14.1
2020-12-25	39386	1429	629	22	5826	262	15679	568	250	8.758	2319	104.3	29.0	78.0	25.0	-5.5
2020-12-26	39912	1465	526	36	5588	272	15889	583	209	14.332	2224	108.28	30.7	78.0	37.8	-13.1
2020-12-27	40279	1489	367	24	5489	265	16035	592	146	9.555	2185	105.5	32.2	80.0	71.8	-16.6
2020-12-28	41310	1540	1031	51	5591	276	16445	613	410	20.303	2225	109.88	32.6	80.9	365.0	-18.9
2020-12-29	42786	1613	1476	73	5791	289	17033	642	587	29.062	2305	115.05	31.0	80.9	-147.8	-18.9
2020-12-30	44349	1698	1563	85	6196	322	17655	675	622	33.839	2466	128.19	31.2	81.5	-84.0	-13.1
2020-12-31	45135	1748	786	50	6378	341	17968	695	312	19.905	2539	135.75	31.0	83.3	-66.8	-2.3
2021-01-01	45566	1777	431	29	6180	348	18140	707	171	11.545	2460	138.54	31.7	80.9	-60.1	6.1
2021-01-02	45857	1795	291	18	5945	330	18255	714	115	7.166	2366	131.37	31.8	83.7	-55.9	6.4
2021-01-03	46091	1819	234	24	5812	330	18349	724	93	9.555	2313	131.37	31.0	83.1	-54.5	5.9
2021-01-04	47023	1882	932	63	5713	342	18720	749	371	25.081	2274	136.15	31.4	85.0	-62.4	2.2
2021-01-05	48477	1948	1454	66	5691	335	19298	775	578	26.275	2265	133.37	30.8	85.8	-96.8	-1.7
2021-01-06	50055	2009	1578	61	5706	311	19927	799	628	24.284	2271	123.81	30.2	86.0	-328.8	-7.9
2021-01-07	51648	2055	1593	46	6513	307	20561	818	634	18.313	2592	122.22	30.5	86.0	155.3	2.1
2021-01-08	52880	2114	1232	59	7314	337	21051	841	490	23.488	2911	134.16	30.6	86.0	62.8	18.3
2021-01-09	53694	2151	814	37	7837	356	21375	856	324	14.73	3119	141.73	29.7	83.8	39.2	31.8
2021-01-10	54162	2199	468	48	8071	380	21562	875	186	19.109	3213	151.28	29.4	81.5	30.1	38.9
2021-01-11	54956	2250	794	51	7933	368	21878	895	316	20.303	3158	146.5	29.8	83.3	26.8	38.9
2021-01-12	56227	2322	1271	72	7750	374	22384	924	505	28.664	3085	148.89	29.7	86.2	25.7	36.2
2021-01-13	57563	2384	1336	62	7508	375	22916	949	531	24.683	2988	149.29	30.8	84.8	25.3	31.6
2021-01-14	58769	2437	1206	53	7121	382	23396	970	480	21.1	2834	152.08	30.3	86.1	26.7	9.3
2021-01-15	59813	2485	1044	48	6933	371	23811	989	415	19.109	2760	147.7	29.0	85.2	30.5	-5.2
2021-01-16	60397	2514	584	29	6703	363	24044	1000	232	11.545	2668	144.51	29.2	83.9	39.7	-14.5
2021-01-17	60822	2527	425	13	6660	328	24213	1006	169	5.175	2651	130.58	28.3	81.4	60.5	-17.5
2021-01-18	61607	2581	785	54	6651	331	24526	1027	312	21.498	2647	131.77	28.7	81.6	144.4	-16.2
2021-01-19	62548	2626	941	45	6321	304	24900	1045	374	17.915	2516	121.02	27.9	82.6	-188.3	-18.4
2021-01-20	63519	2665	971	39	5956	281	25287	1060	386	15.526	2371	111.87	28.2	83.3	-49.1	-20.7
2021-01-21	64328	2703	809	38	5559	266	25609	1076	322	15.128	2213	105.9	27.6	82.2	-29.9	-21.9
2021-01-22	65037	2756	709	53	5224	271	25891	1097	282	21.1	2079	107.89	27.3	82.3	-23.1	-24.7
2021-01-23	65621	2792	584	36	5224	278	26124	1111	232	14.332	2079	110.67	25.5	80.5	-20.8	-22.1
2021-01-24	65813	2798	192	6	4991	271	26200	1113	76	2.389	1986	107.89	25.8	78.0	-19.8	-25.1
2021-01-25	66097	2825	284	27	4490	244	26313	1124	113	10.749	1787	97.14	26.1	79.6	-18.5	-32.5
2021-01-26	66829	2860	732	35	4281	234	26604	1138	291	13.934	1704	93.16	25.4	80.2	-17.5	-32.3
2021-01-27	67493	2891	664	31	3974	226	26869	1150	264	12.341	1582	89.97	24.6	80.6	-16.4	-33.3
2021-01-28	68098	2918	605	27	3770	215	27110	1161	240	10.749	1500	85.59	23.9	81.6	-15.1	-32.2
2021-01-29	68641	2939	543	21	3604	183	27326	1170	216	8.36	1434	72.85	23.5	80.1	-14.0	-31.0
2021-01-30	68984	2950	343	11	3363	158	27462	1174	136	4.379	1338	62.9	22.6	77.3	-13.0	-35.6
2021-01-31	69123	2960	139	10	3310	162	27518	1178	55	3.981	1317	64.49	22.3	75.8	-12.5	-33.7
2021-02-01	69336	2973	213	13	3239	148	27603	1183	84	5.175	1289	58.92	22.8	76.2	-12.7	-27.9
2021-02-02	69816	2995	480	22	2987	135	27794	1192	191	8.758	1189	53.74	23.3	78.7	-12.8	-30.2
2021-02-03	70303	3014	487	19	2810	123	27987	1199	193	7.564	1118	48.97	21.5	80.2	-12.9	-29.3
2021-02-04	70689	3042	386	28	2591	124	28141	1211	153	11.147	1031	49.37	21.0	79.8	-12.7	-31.3
2021-02-05	71045	3055	356	13	2404	116	28283	1216	141	5.175	957	46.18	20.7	80.1	-12.2	-33.3
2021-02-06	71311	3068	266	13	2327	118	28389	1221	105	5.175	926	46.98	19.9	77.4	-12.4	-30.8
2021-02-07	71419	3074	108	6	2296	114	28432	1223	42	2.389	914	45.38	19.4	75.3	-13.1	-30.6
2021-02-08	71582	3084	163	10	2246	111	28497	1227	64	3.981	894	44.19	19.2	77.3	-13.4	-30.7
2021-02-09	71867	3099	285	15	2051	104	28610	1233	113	5.972	816	41.4	19.0	77.6	-13.6	-31.3
2021-02-10	72342	3116	475	17	2039	102	28799	1240	189	6.768	811	40.61	18.0	79.7	-13.7	-27.4
2021-02-11	72668	3129	326	13	1979	87	28929	1245	129	5.175	787	34.64	18.9	77.5	-14.0	-23.6
2021-02-12	72947	3134	279	5	1902	79	29040	1247	111	1.991	757	31.45	17.9	79.9	-14.3	-20.9
2021-02-13	73194	3153	247	19	1883	85	29138	1255	98	7.564	749	33.84	18.7	79.8	-14.6	-19.1
2021-02-14	73323	3156	129	3	1904	82	29190	1256	51	1.194	757	32.64	18.0	76.9	-15.8	-17.1
2021-02-15	73421	3160	98	4	1839	76	29229	1258	39	1.592	732	30.26	17.9	77.6	-18.1	-18.1
2021-02-16	73726	3172	305	12	1859	73	29350	1262	121	4.777	740	29.06	17.9	81.3	-21.2	-9.4
2021-02-17	74063	3181	337	9	1721	65	29484	1266	134	3.583	685	25.88	17.8	81.1	-23.9	-15.6
2021-02-18	74349	3198	286	17	1681	69	29598	1273	113	6.768	669	27.47	17.3	80.7	-25.9	-15.1
2021-02-19	74605	3214	256	16	1658	80	29700	1279	101	6.37	660	31.85	17.9	81.6	-26.8	-12.8
2021-02-20	74853	3226	248	12	1659	73	29799	1284	98	4.777	660	29.06	17.4	78.6	-28.2	-11.9
2021-02-21	74916	3231	63	5	1593	75	29824	1286	25	1.991	634	29.86	16.6	76.9	-30.1	-16.3
2021-02-22	75055	3236	139	5	1634	76	29879	1288	55	1.991	650	30.26	15.6	75.9	-34.8	-11.1
2021-02-23	75353	3242	298	6	1627	70	29998	1290	118	2.389	647	27.87	15.4	80.1	-36.5	-12.5
2021-02-24	75691	3246	338	4	1628	65	30132	1292	134	1.592	648	25.88	14.5	82.7	-40.5	-5.4
2021-02-25	76018	3256	327	10	1669	58	30263	1296	130	3.981	664	23.09	14.6	81.9	-47.5	-0.7
2021-02-26	76252	3263	234	7	1647	49	30356	1299	93	2.787	655	19.51	14.6	79.2	-53.5	-0.7
2021-02-27	76462	3265	210	2	1609	39	30439	1299	83	0.796	640	15.53	14.1	76.9	-59.7	-3.0
2021-02-28	76532	3271	70	6	1616	40	30467	1302	27	2.389	643	15.92	13.6	75.0	-77.8	1.4
2021-03-01	76712	3278	180	7	1657	42	30539	1304	71	2.787	659	16.72	12.5	75.1	-116.6	1.4
2021-03-02	77025	3280	313	2	1672	38	30664	1305	124	0.796	665	15.13	12.0	80.3	-365.0	2.8
2021-03-03	77312	3287	287	7	1621	41	30778	1308	114	2.787	645	16.32	10.6	79.8		-0.4
2021-03-04	77618	3292	306	5	1600	36	30900	1310	121	1.991	636	14.33	9.7	77.5		-4.1
2021-03-05	77842	3298	224	6	1590	35	30989	1312	89	2.389	632	13.93	9.4	79.8		-3.5
2021-03-06	78064	3304	222	6	1602	39	31077	1315	88	2.389	637	15.53	10.0	78.4		-0.4
2021-03-07	78133	3304	69	0	1601	33	31105	1315	27	0.0	637	13.14	10.5	76.5	-354.8	-0.9
2021-03-08	78280	3308	147	4	1568	30	31163	1316	58	1.592	624	11.94	11.9	78.5	-246.0	-5.4
2021-03-09	78570	3321	290	13	1545	41	31279	1322	115	5.175	615	16.32	11.7	81.2	-170.6	-7.6
2021-03-10	79013	3335	443	14	1701	48	31455	1327	176	5.573	677	19.11	11.6	81.8	-299.4	4.9
2021-03-11	79409	3345	396	10	1791	53	31613	1331	157	3.981	713	21.1	11.4	81.3	365.0	11.9
2021-03-12	79733	3353	324	8	1891	55	31742	1334	128	3.185	752	21.9	11.9	80.5	103.2	18.9
2021-03-13	80065	3361	332	8	2001	57	31874	1338	132	3.185	796	22.69	11.2	77.2	56.7	24.9
2021-03-14	80175	3363	110	2	2042	59	31918	1338	43	0.796	812	23.49	12.1	74.7	40.0	27.5
2021-03-15	80332	3368	157	5	2052	60	31980	1340	62	1.991	816	23.89	11.7	75.3	31.6	30.9
2021-03-16	80849	3380	517	12	2279	59	32186	1345	205	4.777	907	23.49	12.0	82.3	23.6	47.5
2021-03-17	81377	3393	528	13	2364	58	32396	1350	210	5.175	941	23.09	11.6	79.9	19.8	39.0
2021-03-18	81988	3402	611	9	2579	57	32639	1354	243	3.583	1026	22.69	12.5	80.0	16.9	44.0
2021-03-19	82433	3408	445	6	2700	55	32816	1356	177	2.389	1074	21.9	11.4	79.9	15.1	42.8
2021-03-20	82863	3414	430	6	2798	53	32988	1359	171	2.389	1113	21.1	11.2	78.0	14.2	39.8
2021-03-21	83017	3418	154	4	2842	55	33049	1360	61	1.592	1131	21.9	11.6	75.7	14.0	39.2
2021-03-22	83229	3425	212	7	2897	57	33133	1363	84	2.787	1153	22.69	11.5	76.8	14.5	41.2
2021-03-23	83886	3446	657	21	3037	66	33395	1371	261	8.36	1209	26.27	11.7	81.3	15.3	33.3
2021-03-24	84647	3455	761	9	3270	62	33698	1375	302	3.583	1301	24.68	13.8	83.7	15.3	38.3
2021-03-25	85258	3465	611	10	3270	63	33941	1379	243	3.981	1301	25.08	15.1	85.4	16.0	26.8
2021-03-26	85920	3478	662	13	3487	70	34205	1384	263	5.175	1388	27.87	15.8	84.3	16.2	29.1
2021-03-27	86366	3484	446	6	3503	70	34382	1386	177	2.389	1394	27.87	16.0	82.8	16.8	25.2
2021-03-28	86615	3493	249	9	3598	75	34481	1390	99	3.583	1432	29.86	16.5	82.0	17.8	26.6
2021-03-29	86923	3502	308	9	3694	77	34604	1394	122	3.583	1470	30.65	16.8	80.7	19.4	27.5
2021-03-30	87545	3512	622	10	3659	66	34852	1398	247	3.981	1456	26.27	17.1	80.9	21.3	20.5
2021-03-31	88398	3525	853	13	3751	70	35191	1403	339	5.175	1493	27.87	17.8	82.9	23.6	14.7
2021-04-01	89123	3541	725	16	3865	76	35480	1409	288	6.37	1538	30.26	17.8	81.3	25.0	18.2
2021-04-02	89607	3543	484	2	3687	65	35672	1410	192	0.796	1467	25.88	17.4	79.1	28.7	5.7
2021-04-03	89842	3549	235	6	3476	65	35766	1412	93	2.389	1383	25.88	17.8	77.1	36.9	-0.8
2021-04-04	90014	3556	172	7	3399	63	35835	1415	68	2.787	1353	25.08	17.8	74.6	54.1	-5.5
2021-04-05	90120	3559	106	3	3197	57	35877	1416	42	1.194	1272	22.69	18.9	77.3	129.0	-13.5
2021-04-06	90305	3564	185	5	2760	52	35950	1418	73	1.991	1098	20.7	17.1	77.4	-158.0	-24.6
2021-04-07	90892	3578	587	14	2494	53	36184	1424	233	5.573	992	21.1	18.2	79.0	-50.2	-33.5
2021-04-08	91753	3596	861	18	2630	55	36527	1431	342	7.166	1047	21.9	19.1	82.1	-31.9	-32.0
2021-04-09	92407	3605	654	9	2800	62	36787	1435	260	3.583	1114	24.68	18.6	83.1	-26.7	-24.1
2021-04-10	92842	3612	435	7	3000	63	36960	1437	173	2.787	1194	25.08	19.2	80.1	-24.7	-13.7
2021-04-11	93144	3619	302	7	3130	63	37081	1440	120	2.787	1246	25.08	18.7	78.1	-25.2	-7.9
2021-04-12	93355	3622	211	3	3235	63	37165	1441	84	1.194	1287	25.08	18.9	79.4	-28.7	1.2
2021-04-13	93966	3632	611	10	3661	68	37408	1445	243	3.981	1457	27.07	20.0	82.7	-43.3	32.6
2021-04-14	94818	3647	852	15	3926	69	37747	1451	339	5.972	1562	27.47	20.5	83.8	-211.6	57.4
2021-04-15	95458	3656	640	9	3705	60	38002	1455	254	3.583	1474	23.89	20.7	81.6	80.4	40.9
2021-04-16	96026	3669	568	13	3619	64	38228	1460	226	5.175	1440	25.48	20.5	81.6	40.0	29.2
2021-04-17	96468	3674	442	5	3626	62	38404	1462	175	1.991	1443	24.68	20.2	80.1	29.9	20.9
2021-04-18	96701	3682	233	8	3557	63	38497	1465	92	3.185	1416	25.08	20.1	79.9	25.9	13.6
2021-04-19	96963	3686	262	4	3608	64	38601	1467	104	1.592	1436	25.48	21.1	80.8	24.5	11.5
2021-04-20	97495	3691	532	5	3529	59	38813	1469	211	1.991	1404	23.49	20.3	82.9	28.1	-3.6
2021-04-21	98308	3700	813	9	3490	53	39136	1472	323	3.583	1389	21.1	19.8	83.5	38.8	-11.1
2021-04-22	98814	3709	506	9	3356	53	39338	1476	201	3.583	1336	21.1	19.7	83.8	66.3	-9.4
2021-04-23	99315	3716	501	7	3289	47	39537	1479	199	2.787	1309	18.71	19.2	82.8	205.8	-9.1
2021-04-24	99698	3722	383	6	3230	48	39690	1481	152	2.389	1285	19.11	19.4	82.6	-235.8	-10.9
2021-04-25	99910	3724	212	2	3209	42	39774	1482	84	0.796	1277	16.72	19.7	81.0	-80.4	-9.8
2021-04-26	100063	3728	153	4	3100	42	39835	1484	60	1.592	1234	16.72	19.1	80.1	-47.6	-14.1
2021-04-27	100578	3735	515	7	3083	44	40040	1486	205	2.787	1227	17.52	19.7	80.9	-41.7	-12.6
2021-04-28	101197	3741	619	6	2889	41	40287	1489	246	2.389	1150	16.32	18.8	82.3	-40.8	-17.2
2021-04-29	101688	3747	491	6	2874	38	40482	1491	195	2.389	1144	15.13	18.3	81.7	-37.8	-14.4
2021-04-30	102083	3751	395	4	2768	35	40639	1493	157	1.592	1101	13.93	18.2	82.1	-33.8	-15.8
2021-05-01	102397	3758	314	7	2699	36	40764	1496	125	2.787	1074	14.33	19.1	82.1	-31.3	-16.4
2021-05-02	102565	3760	168	2	2655	36	40831	1496	66	0.796	1056	14.33	19.4	79.8	-29.1	-17.3
2021-05-03	102691	3761	126	1	2628	33	40881	1497	50	0.398	1046	13.14	18.6	80.1	-29.0	-15.2
2021-05-04	103149	3765	458	4	2571	30	41064	1498	182	1.592	1023	11.94	18.0	82.7	-29.0	-16.6
2021-05-05	103682	3769	533	4	2485	28	41276	1500	212	1.592	989	11.15	17.3	83.9	-29.2	-14.0
2021-05-06	104049	3775	367	6	2361	28	41422	1502	146	2.389	939	11.15	16.8	85.2	-27.9	-17.8
2021-05-07	104380	3777	331	2	2297	26	41554	1503	131	0.796	914	10.35	15.8	85.3	-26.8	-17.0
2021-05-08	104632	3781	252	4	2235	23	41654	1505	100	1.592	889	9.16	15.3	80.6	-25.9	-17.2
2021-05-09	104769	3783	137	2	2204	23	41709	1506	54	0.796	877	9.16	15.0	78.5	-26.1	-17.0
2021-05-10	104853	3787	84	4	2162	26	41742	1507	33	1.592	860	10.35	14.8	81.3	-26.2	-17.7
2021-05-11	105213	3789	360	2	2064	24	41885	1508	143	0.796	821	9.55	14.2	81.7	-26.7	-19.7
2021-05-12	105616	3793	403	4	1934	24	42046	1510	160	1.592	769	9.55	14.0	81.6	-24.9	-22.2
2021-05-13	105861	3796	245	3	1812	21	42143	1511	97	1.194	721	8.36	12.4	73.1	-23.3	-23.3
2021-05-14	106021	3798	160	2	1641	21	42207	1512	63	0.796	653	8.36	12.2	71.0	-20.8	-28.6
2021-05-15	106196	3800	175	2	1564	19	42277	1512	69	0.796	622	7.56	11.0	68.9	-18.7	-30.0
2021-05-16	106282	3800	86	0	1513	17	42311	1512	34	0.0	602	6.77	12.3	77.3	-17.2	-31.4
2021-05-17	106377	3802	95	2	1524	15	42349	1513	37	0.796	606	5.97	12.0	78.0	-16.6	-29.5
2021-05-18	106626	3804	249	2	1413	15	42448	1514	99	0.796	562	5.97	10.7	81.8	-15.9	-31.5
2021-05-19	106914	3806	288	2	1298	13	42563	1515	114	0.796	516	5.18	9.4	78.8	-15.2	-32.9
2021-05-20	107106	3806	192	0	1245	10	42639	1515	76	0.0	495	3.98	9.2	78.5	-14.2	-31.3
2021-05-21	107278	3808	172	2	1257	10	42707	1515	68	0.796	500	3.98	9.3	80.8	-13.8	-23.4
2021-05-22	107403	3808	125	0	1207	8	42757	1515	49	0.0	480	3.18	9.4	82.2	-13.5	-22.8
2021-05-23	107455	3808	52	0	1173	8	42778	1515	20	0.0	466	3.18	8.6	76.8	-13.8	-22.5
2021-05-24	107477	3809	22	1	1100	7	42787	1516	8	0.398	437	2.79	8.8	77.4	-14.4	-27.8
2021-05-25	107529	3811	52	2	903	7	42807	1517	20	0.796	359	2.79	8.2	79.5	-14.4	-36.1
2021-05-26	107645	3811	116	0	731	5	42854	1517	46	0.0	291	1.99	7.3	81.6	-13.7	-43.7
2021-05-27	107809	3812	164	1	703	6	42919	1517	65	0.398	279	2.39	6.5	80.3	-12.9	-43.5
2021-05-28	107881	3813	72	1	603	5	42947	1517	28	0.398	240	1.99	5.7	81.3	-11.5	-52.0
2021-05-29	107927	3814	46	1	524	6	42966	1518	18	0.398	208	2.39	5.1	79.1	-10.1	-56.6
2021-05-30	107958	3815	31	1	503	7	42978	1518	12	0.398	200	2.79	5.2	77.5	-9.1	-57.1
2021-05-31	107978	3815	20	0	501	6	42986	1518	7	0.0	199	2.39	5.5	78.0	-8.7	-54.5
2021-06-01	108064	3815	86	0	535	4	43020	1518	34	0.0	212	1.59	5.0	82.0	-8.3	-40.8
2021-06-02	108143	3815	79	0	498	4	43052	1518	31	0.0	198	1.59	4.7	82.6	-7.8	-31.9
2021-06-03	108203	3815	60	0	394	3	43076	1518	23	0.0	156	1.19	4.1	82.1	-7.2	-44.0
2021-06-04	108244	3815	41	0	363	2	43092	1518	16	0.0	144	0.8	3.9	81.9	-6.9	-39.8
2021-06-05	108267	3816	23	1	340	2	43101	1519	9	0.398	135	0.8	4.1	78.8	-6.9	-35.1
2021-06-06	108292	3816	25	0	334	1	43111	1519	9	0.0	132	0.4	4.0	78.1	-7.4	-33.6
2021-06-07	108312	3816	20	0	334	1	43119	1519	7	0.0	132	0.4	3.9	81.1	-8.9	-33.3
2021-06-08	108348	3816	36	0	284	1	43133	1519	14	0.0	113	0.4	3.9	81.3	-10.0	-46.9
2021-06-09	108382	3816	34	0	239	1	43147	1519	13	0.0	95	0.4	3.8	83.6	-9.9	-52.0
2021-06-10	108403	3816	21	0	200	1	43155	1519	8	0.0	79	0.4	3.3	83.2	-10.0	-49.2
2021-06-11	108423	3816	20	0	179	1	43163	1519	7	0.0	71	0.4	3.2	81.6	-9.5	-50.7
2021-06-12	108453	3816	30	0	186	0	43175	1519	11	0.0	74	0.0	2.8	79.9	-8.6	-45.3
2021-06-13	108466	3816	13	0	174	0	43180	1519	5	0.0	69	0.0	2.8	78.0	-7.8	-47.9
2021-06-14	108474	3816	8	0	162	0	43184	1519	3	0.0	64	0.0	2.9	80.1	-7.2	-51.5
2021-06-15	108505	3816	31	0	157	0	43196	1519	12	0.0	62	0.0	2.6	81.1	-7.6	-44.7
2021-06-16	108521	3816	16	0	139	0	43202	1519	6	0.0	55	0.0	2.8	81.8	-8.2	-41.8
2021-06-17	108528	3816	7	0	125	0	43205	1519	2	0.0	49	0.0	2.2	82.3	-8.0	-37.5
2021-06-18	108543	3816	15	0	120	0	43211	1519	5	0.0	47	0.0	2.0	84.2	-7.7	-33.0
2021-06-19	108555	3816	12	0	102	0	43216	1519	4	0.0	40	0.0	2.0	82.5	-7.4	-45.2
2021-06-20	108558	3816	3	0	92	0	43217	1519	1	0.0	36	0.0	1.8	80.8	-7.4	-47.1
2021-06-21	108560	3816	2	0	86	0	43218	1519	0	0.0	34	0.0	1.3	81.5	-8.2	-46.9
2021-06-22	108569	3816	9	0	64	0	43221	1519	3	0.0	25	0.0	1.3	84.6	-8.6	-59.2
2021-06-23	108579	3816	10	0	58	0	43225	1519	3	0.0	23	0.0	0.9	85.3	-8.6	-58.3
2021-06-24	108597	3816	18	0	69	0	43233	1519	7	0.0	27	0.0	0.9	84.5	-8.2	-44.8
2021-06-25	108613	3816	16	0	70	0	43239	1519	6	0.0	27	0.0	1.2	84.7	-7.6	-41.7
2021-06-26	108619	3816	6	0	64	0	43241	1519	2	0.0	25	0.0	1.1	82.1	-7.5	-37.3
2021-06-27	108620	3816	1	0	62	0	43242	1519	0	0.0	24	0.0	1.1	78.8	-7.6	-32.6
2021-06-28	108624	3816	4	0	64	0	43243	1519	1	0.0	25	0.0	1.1	81.2	-7.9	-25.6
2021-06-29	108637	3816	13	0	68	0	43248	1519	5	0.0	27	0.0	0.9	84.4	-9.2	6.2
2021-06-30	108647	3816	10	0	68	0	43252	1519	3	0.0	27	0.0	0.8	84.6	-11.3	17.2
2021-07-01	108662	3816	15	0	65	0	43258	1519	5	0.0	25	0.0	0.8	82.8	-14.3	-5.8
2021-07-02	108673	3816	11	0	60	0	43263	1519	4	0.0	23	0.0	0.7	81.5		-14.3
2021-07-03	108677	3816	4	0	58	0	43264	1519	1	0.0	23	0.0	0.7	78.2		-9.4
2021-07-04	108677	3816	0	0	57	0	43264	1519	0	0.0	22	0.0	0.7	74.7		-8.1
2021-07-05	108687	3816	10	0	63	0	43268	1519	3	0.0	25	0.0	0.7	75.0		-1.6
2021-07-06	108709	3816	22	0	72	0	43277	1519	8	0.0	28	0.0	0.7	78.5		5.9
2021-07-07	108722	3816	13	0	75	0	43282	1519	5	0.0	29	0.0	0.7	79.5		10.3
2021-07-08	108740	3816	18	0	78	0	43289	1519	7	0.0	31	0.0	0.6	78.9		20.0
2021-07-09	108752	3817	12	1	79	1	43294	1519	4	0.398	31	0.4	0.4	77.8		31.7
2021-07-10	108769	3817	17	0	92	1	43301	1519	6	0.0	36	0.4	0.9	75.0		58.6
2021-07-11	108774	3817	5	0	97	1	43303	1519	1	0.0	38	0.4	0.9	75.7		70.2
2021-07-12	108793	3817	19	0	106	1	43311	1519	7	0.0	42	0.4	1.0	76.6	15.6	68.3
2021-07-13	108828	3817	35	0	119	1	43324	1519	13	0.0	47	0.4	0.6	80.4	12.0	65.3
2021-07-14	108852	3817	24	0	130	1	43334	1519	9	0.0	51	0.4	0.6	79.8	10.0	73.3
2021-07-15	108881	3817	29	0	141	1	43346	1519	11	0.0	56	0.4	0.6	79.8	8.9	80.8
2021-07-16	108909	3817	28	0	157	0	43357	1519	11	0.0	62	0.0	0.6	82.8	8.3	98.7
2021-07-17	108923	3817	14	0	154	0	43362	1519	5	0.0	61	0.0	0.7	80.0	8.6	67.4
2021-07-18	108932	3817	9	0	158	0	43366	1519	3	0.0	62	0.0	0.7	78.7	9.2	62.9
2021-07-19	108956	3817	24	0	163	0	43375	1519	9	0.0	64	0.0	0.7	77.7	10.0	53.8
2021-07-20	108985	3817	29	0	157	0	43387	1519	11	0.0	62	0.0	0.6	79.3	11.2	31.9
2021-07-21	109007	3818	22	1	155	1	43396	1519	8	0.398	61	0.4	0.6	83.3	13.0	19.2
2021-07-22	109022	3818	15	0	141	1	43402	1519	5	0.0	56	0.4	0.7	81.9	16.5	0.0
2021-07-23	109051	3818	29	0	142	1	43413	1519	11	0.0	56	0.4	0.6	79.8	22.8	-9.6
2021-07-24	109060	3818	9	0	137	1	43417	1519	3	0.0	54	0.4	0.6	79.6	34.7	-11.0
2021-07-25	109070	3818	10	0	138	1	43421	1519	3	0.0	54	0.4	0.6	77.1		-12.7
2021-07-26	109094	3818	24	0	138	1	43430	1519	9	0.0	54	0.4	0.8	76.9		-15.3
2021-07-27	109140	3818	46	0	155	1	43449	1519	18	0.0	61	0.4	0.8	82.1		-1.3
2021-07-28	109173	3818	33	0	166	0	43462	1519	13	0.0	66	0.0	0.9	81.1		7.1
2021-07-29	109213	3818	40	0	191	0	43478	1519	15	0.0	76	0.0	0.9	79.6		35.5
2021-07-30	109259	3818	46	0	208	0	43496	1519	18	0.0	82	0.0	1.0	81.3		46.5
2021-07-31	109286	3818	27	0	226	0	43507	1519	10	0.0	89	0.0	0.9	79.9	24.7	65.0
2021-08-01	109290	3818	4	0	220	0	43508	1519	1	0.0	87	0.0	0.7	78.2	18.8	59.4
2021-08-02	109320	3818	30	0	226	0	43520	1519	11	0.0	89	0.0	0.7	77.9	15.6	63.8
2021-08-03	109401	3818	81	0	261	0	43553	1519	32	0.0	103	0.0	0.6	81.3	12.8	68.4
2021-08-04	109455	3818	54	0	282	0	43574	1519	21	0.0	112	0.0	0.6	78.5	11.0	69.9
2021-08-05	109508	3818	53	0	295	0	43595	1519	21	0.0	117	0.0	0.6	81.2	10.4	54.5
2021-08-06	109557	3818	49	0	298	0	43615	1519	19	0.0	118	0.0	0.6	82.9	10.5	43.3
2021-08-07	109604	3818	47	0	318	0	43633	1519	18	0.0	126	0.0	0.6	82.1	10.7	40.7
2021-08-08	109620	3818	16	0	330	0	43640	1519	6	0.0	131	0.0	0.8	80.6	11.2	50.0
2021-08-09	109676	3818	56	0	356	0	43662	1519	22	0.0	141	0.0	0.9	82.0	11.8	57.5
2021-08-10	109776	3818	100	0	375	0	43702	1519	39	0.0	149	0.0	0.8	80.0	12.2	43.7
2021-08-11	109867	3818	91	0	412	0	43738	1519	36	0.0	164	0.0	0.6	80.7	12.2	46.1
2021-08-12	109961	3818	94	0	453	0	43776	1519	37	0.0	180	0.0	0.6	81.3	11.6	53.6
