Date	Cases	Deaths	Cases_New	Deaths_New	Cases_Last_Week	Deaths_Last_Week	Cases_Per_Million	Deaths_Per_Million	Cases_New_Per_Million	Deaths_New_Per_Million	Cases_Last_Week_Per_Million	Deaths_Last_Week_Per_Million	DIVI_Intensivstationen_Covid_Prozent	DIVI_Intensivstationen_Betten_belegt_Prozent	Cases_Last_Week_Doubling_Time	Cases_Last_Week_7Day_Percent	Days_Past
2020-01-02	1	0	1	0	0	0	0	0	0	0.0	0	0.0					-592
2020-01-03	1	0	0	0	0	0	0	0	0	0.0	0	0.0					-591
2020-01-04	1	0	0	0	0	0	0	0	0	0.0	0	0.0					-590
2020-01-05	1	0	0	0	0	0	0	0	0	0.0	0	0.0					-589
2020-01-06	1	0	0	0	0	0	0	0	0	0.0	0	0.0					-588
2020-01-07	1	0	0	0	0	0	0	0	0	0.0	0	0.0					-587
2020-01-08	1	0	0	0	0	0	0	0	0	0.0	0	0.0					-586
2020-01-09	1	0	0	0	0	0	0	0	0	0.0	0	0.0				0	-585
2020-01-10	1	0	0	0	0	0	0	0	0	0.0	0	0.0				0	-584
2020-01-11	1	0	0	0	0	0	0	0	0	0.0	0	0.0				0	-583
2020-01-12	1	0	0	0	0	0	0	0	0	0.0	0	0.0				0	-582
2020-01-13	1	0	0	0	0	0	0	0	0	0.0	0	0.0				0	-581
2020-01-14	1	0	0	0	0	0	0	0	0	0.0	0	0.0				0	-580
2020-01-15	1	0	0	0	0	0	0	0	0	0.0	0	0.0				0	-579
2020-01-16	1	0	0	0	0	0	0	0	0	0.0	0	0.0				0	-578
2020-01-17	1	0	0	0	0	0	0	0	0	0.0	0	0.0				0	-577
2020-01-18	1	0	0	0	0	0	0	0	0	0.0	0	0.0				0	-576
2020-01-19	1	0	0	0	0	0	0	0	0	0.0	0	0.0				0	-575
2020-01-20	1	0	0	0	0	0	0	0	0	0.0	0	0.0				0	-574
2020-01-21	1	0	0	0	0	0	0	0	0	0.0	0	0.0				0	-573
2020-01-22	1	0	0	0	0	0	0	0	0	0.0	0	0.0				0	-572
2020-01-23	3	0	2	0	2	0	0	0	0	0.0	0	0.0				0	-571
2020-01-24	3	0	0	0	2	0	0	0	0	0.0	0	0.0				0	-570
2020-01-25	3	0	0	0	2	0	0	0	0	0.0	0	0.0				0	-569
2020-01-26	3	0	0	0	2	0	0	0	0	0.0	0	0.0				0	-568
2020-01-27	3	0	0	0	2	0	0	0	0	0.0	0	0.0				0	-567
2020-01-28	5	0	2	0	4	0	0	0	0	0.0	0	0.0				0	-566
2020-01-29	7	0	2	0	6	0	0	0	0	0.0	0	0.0				0	-565
2020-01-30	7	0	0	0	4	0	0	0	0	0.0	0	0.0				100.0	-564
2020-01-31	11	0	4	0	8	0	0	0	0	0.0	0	0.0				300.0	-563
2020-02-01	12	0	1	0	9	0	0	0	0	0.0	0	0.0				350.0	-562
2020-02-02	12	0	0	0	9	0	0	0	0	0.0	0	0.0				350.0	-561
2020-02-03	13	0	1	0	10	0	0	0	0	0.0	0	0.0				400.0	-560
2020-02-04	17	0	4	0	12	0	0	0	0	0.0	0	0.0				200.0	-559
2020-02-05	17	0	0	0	10	0	0	0	0	0.0	0	0.0				66.7	-558
2020-02-06	18	0	1	0	11	0	0	0	0	0.0	0	0.0				175.0	-557
2020-02-07	19	0	1	0	8	0	0	0	0	0.0	0	0.0				0.0	-556
2020-02-08	19	0	0	0	7	0	0	0	0	0.0	0	0.0				-22.2	-555
2020-02-09	19	0	0	0	7	0	0	0	0	0.0	0	0.0				-22.2	-554
2020-02-10	19	0	0	0	6	0	0	0	0	0.0	0	0.0				-40.0	-553
2020-02-11	21	0	2	0	4	0	0	0	0	0.0	0	0.0				-66.7	-552
2020-02-12	21	0	0	0	4	0	0	0	0	0.0	0	0.0				-60.0	-551
2020-02-13	21	0	0	0	3	0	0	0	0	0.0	0	0.0				-72.7	-550
2020-02-14	21	0	0	0	2	0	0	0	0	0.0	0	0.0				-75.0	-549
2020-02-15	21	0	0	0	2	0	0	0	0	0.0	0	0.0				-71.4	-548
2020-02-16	21	0	0	0	2	0	0	0	0	0.0	0	0.0				-71.4	-547
2020-02-17	22	0	1	0	3	0	0	0	0	0.0	0	0.0				-50.0	-546
2020-02-18	23	0	1	0	2	0	0	0	0	0.0	0	0.0				-50.0	-545
2020-02-19	23	0	0	0	2	0	0	0	0	0.0	0	0.0				-50.0	-544
2020-02-20	25	1	2	1	4	1	0	0	0	0.012	0	0.01				33.3	-543
2020-02-21	25	1	0	0	4	1	0	0	0	0.0	0	0.01				100.0	-542
2020-02-22	25	1	0	0	4	1	0	0	0	0.0	0	0.01				100.0	-541
2020-02-23	25	1	0	0	4	1	0	0	0	0.0	0	0.01				100.0	-540
2020-02-24	26	1	1	0	4	1	0	0	0	0.0	0	0.01				33.3	-539
2020-02-25	29	1	3	0	6	1	0	0	0	0.0	0	0.01				200.0	-538
2020-02-26	36	1	7	0	13	1	0	0	0	0.0	0	0.01				550.0	-537
2020-02-27	59	1	23	0	34	0	0	0	0	0.0	0	0.0				750.0	-536
2020-02-28	106	1	47	0	81	0	1	0	0	0.0	0	0.0				1925.0	-535
2020-02-29	129	1	23	0	104	0	1	0	0	0.0	1	0.0				2500.0	-534
2020-03-01	164	1	35	0	139	0	1	0	0	0.0	1	0.0				3375.0	-533
2020-03-02	205	1	41	0	179	0	2	0	0	0.0	2	0.0				4375.0	-532
2020-03-03	289	1	84	0	260	0	3	0	1	0.0	3	0.0				4233.3	-531
2020-03-04	446	3	157	2	410	2	5	0	1	0.024	4	0.02				3053.8	-530
2020-03-05	632	4	186	1	573	3	7	0	2	0.012	6	0.04				1585.3	-529
2020-03-06	818	8	186	4	712	7	9	0	2	0.048	8	0.08				779.0	-528
2020-03-07	960	12	142	4	831	11	11	0	1	0.048	10	0.13				699.0	-527
2020-03-08	1062	13	102	1	898	12	12	0	1	0.012	10	0.14				546.0	-526
2020-03-09	1407	20	345	7	1202	19	16	0	4	0.084	14	0.23				571.5	-525
2020-03-10	2003	24	596	4	1714	23	24	0	7	0.048	20	0.28				559.2	-524
2020-03-11	2758	34	755	10	2312	31	33	0	9	0.12	27	0.37				463.9	-523
2020-03-12	3749	46	991	12	3117	42	45	0	11	0.145	37	0.51				444.0	-522
2020-03-13	5209	62	1460	16	4391	54	62	0	17	0.193	52	0.65				516.7	-521
2020-03-14	6513	82	1304	20	5553	70	78	0	15	0.241	66	0.84				568.2	-520
2020-03-15	7493	97	980	15	6431	84	90	1	11	0.181	77	1.01				616.1	-519
2020-03-16	9530	132	2037	35	8123	112	114	1	24	0.422	97	1.35				575.8	-518
2020-03-17	12557	176	3027	44	10554	152	151	2	36	0.53	127	1.83				515.8	-517
2020-03-18	16159	239	3602	63	13401	205	194	2	43	0.759	161	2.47				479.6	-516
2020-03-19	20218	303	4059	64	16469	257	243	3	48	0.771	198	3.1				428.4	-515
2020-03-20	24267	399	4049	96	19058	337	292	4	48	1.156	229	4.06				334.0	-514
2020-03-21	27622	494	3355	95	21109	412	332	5	40	1.144	254	4.96				280.1	-513
2020-03-22	29886	573	2264	79	22393	476	359	6	27	0.952	269	5.73				248.2	-512
2020-03-23	33616	704	3730	131	24086	572	404	8	44	1.578	290	6.89				196.5	-511
2020-03-24	38498	873	4882	169	25941	697	463	10	58	2.036	312	8.4				145.8	-510
2020-03-25	44174	1091	5676	218	28015	852	532	13	68	2.626	337	10.26				109.1	-509
2020-03-26	50078	1358	5904	267	29860	1055	603	16	71	3.216	359	12.71				81.3	-508
2020-03-27	56056	1622	5978	264	31789	1223	675	19	72	3.18	382	14.73				66.8	-507
2020-03-28	60779	1870	4723	248	33157	1376	732	22	56	2.987	399	16.57				57.1	-506
2020-03-29	63855	2036	3076	166	33969	1463	769	24	37	2.0	409	17.62				51.7	-505
2020-03-30	67974	2304	4119	268	34358	1600	818	27	49	3.228	413	19.27				42.6	-504
2020-03-31	74036	2686	6062	382	35538	1813	891	32	73	4.601	428	21.84				37.0	-503
2020-04-01	80292	3062	6256	376	36118	1971	967	36	75	4.529	435	23.74				28.9	-502
2020-04-02	86840	3479	6548	417	36762	2121	1046	41	78	5.023	442	25.55				23.1	-501
2020-04-03	93031	3875	6191	396	36975	2253	1120	46	74	4.77	445	27.14				16.3	-500
2020-04-04	97372	4119	4341	244	36593	2249	1172	49	52	2.939	440	27.09				10.4	-499
2020-04-05	99907	4303	2535	184	36052	2267	1203	51	30	2.216	434	27.31				6.1	-498
2020-04-06	103565	4594	3658	291	35591	2290	1247	55	44	3.505	428	27.58				3.6	-497
2020-04-07	108754	4934	5189	340	34718	2248	1309	59	62	4.095	418	27.08				-2.3	-496
2020-04-08	114030	5276	5276	342	33738	2214	1373	63	63	4.12	406	26.67				-6.6	-495
2020-04-09	118936	5602	4906	326	32096	2123	1432	67	59	3.927	386	25.57				-12.7	-494
2020-04-10	122293	5810	3357	208	29262	1935	1473	69	40	2.505	352	23.31				-20.9	-493
2020-04-11	125179	6011	2886	201	27807	1892	1507	72	34	2.421	334	22.79				-24.0	-492
2020-04-12	127043	6178	1864	167	27136	1875	1530	74	22	2.012	326	22.59				-24.7	-491
2020-04-13	128641	6340	1598	162	25076	1746	1549	76	19	1.951	302	21.03				-29.5	-490
2020-04-14	131107	6559	2466	219	22353	1625	1579	79	29	2.638	269	19.57				-35.6	-489
2020-04-15	134430	6790	3323	231	20400	1514	1619	81	40	2.782	245	18.24				-39.5	-488
2020-04-16	137849	6981	3419	191	18913	1379	1660	84	41	2.301	227	16.61				-41.1	-487
2020-04-17	140897	7156	3048	175	18604	1346	1697	86	36	2.108	224	16.21				-36.4	-486
2020-04-18	143003	7279	2106	123	17824	1268	1722	87	25	1.482	214	15.27				-35.9	-485
2020-04-19	144377	7398	1374	119	17334	1220	1739	89	16	1.433	208	14.7				-36.1	-484
2020-04-20	146085	7547	1708	149	17444	1207	1759	90	20	1.795	210	14.54				-30.4	-483
2020-04-21	148267	7686	2182	139	17160	1127	1785	92	26	1.674	206	13.58				-23.2	-482
2020-04-22	150757	7812	2490	126	16327	1022	1815	94	29	1.518	196	12.31				-20.0	-481
2020-04-23	152846	7929	2089	117	14997	948	1841	95	25	1.409	180	11.42				-20.7	-480
2020-04-24	154749	8013	1903	84	13852	857	1864	96	22	1.012	166	10.32				-25.5	-479
2020-04-25	156021	8093	1272	80	13018	814	1879	97	15	0.964	156	9.8				-27.0	-478
2020-04-26	156723	8123	702	30	12346	725	1887	97	8	0.361	148	8.73	7.8	58.6		-28.8	-477
2020-04-27	157839	8198	1116	75	11754	651	1901	98	13	0.903	141	7.84	7.5	59.1		-32.6	-476
2020-04-28	159306	8281	1467	83	11039	595	1918	99	17	1.0	132	7.17	7.5	59.4		-35.7	-475
2020-04-29	160736	8339	1430	58	9979	527	1936	100	17	0.699	120	6.35	7.2	60.5		-38.9	-474
2020-04-30	162194	8410	1458	71	9348	481	1953	101	17	0.855	112	5.79	6.8	60.6		-37.7	-473
2020-05-01	163112	8458	918	48	8363	445	1964	101	11	0.578	100	5.36	6.7	60.5		-39.6	-472
2020-05-02	163732	8494	620	36	7711	401	1972	102	7	0.434	92	4.83	6.4	59.8		-40.8	-471
2020-05-03	164157	8510	425	16	7434	387	1977	102	5	0.193	89	4.66	6.2	58.7		-39.8	-470
2020-05-04	164886	8551	729	41	7047	353	1986	103	8	0.494	84	4.25	6.1	59.1		-40.0	-469
2020-05-05	165976	8596	1090	45	6670	315	1999	103	13	0.542	80	3.79	5.9	59.7		-39.6	-468
2020-05-06	167197	8636	1221	40	6461	297	2013	104	14	0.482	77	3.58	5.8	61.2		-35.3	-467
2020-05-07	168395	8685	1198	49	6201	275	2028	104	14	0.59	74	3.31	5.6	61.5		-33.7	-466
2020-05-08	169374	8730	979	45	6262	272	2040	105	11	0.542	75	3.28	5.2	61.9		-25.1	-465
2020-05-09	170052	8753	678	23	6320	259	2048	105	8	0.277	76	3.12	5.1	61.6		-18.0	-464
2020-05-10	170394	8767	342	14	6237	257	2052	105	4	0.169	75	3.1	4.9	60.7		-16.1	-463
2020-05-11	171080	8793	686	26	6194	242	2060	105	8	0.313	74	2.91	4.9	60.0		-12.1	-462
2020-05-12	171935	8825	855	32	5959	229	2071	106	10	0.385	71	2.76	4.7	61.3		-10.7	-461
2020-05-13	172847	8852	912	27	5650	216	2082	106	10	0.325	68	2.6	4.4	62.2		-12.6	-460
2020-05-14	173656	8872	809	20	5261	187	2091	106	9	0.241	63	2.25	4.0	62.1		-15.2	-459
2020-05-15	174383	8903	727	31	5009	173	2100	107	8	0.373	60	2.08	3.9	62.5		-20.0	-458
2020-05-16	174842	8923	459	20	4790	170	2106	107	5	0.241	57	2.05	3.6	62.7		-24.2	-457
2020-05-17	175158	8931	316	8	4764	164	2109	107	3	0.096	57	1.98	3.5	61.5		-23.6	-456
2020-05-18	175701	8954	543	23	4621	161	2116	107	6	0.277	55	1.94	3.5	60.3		-25.4	-455
2020-05-19	176429	8981	728	27	4494	156	2125	108	8	0.325	54	1.88	3.4	61.7		-24.6	-454
2020-05-20	177258	9004	829	23	4411	152	2135	108	9	0.277	53	1.83	3.2	62.8		-21.9	-453
2020-05-21	177676	9011	418	7	4020	139	2140	108	5	0.084	48	1.67	3.0	62.9		-23.6	-452
2020-05-22	178201	9027	525	16	3818	124	2146	108	6	0.193	45	1.49	2.9	61.9		-23.8	-451
2020-05-23	178538	9038	337	11	3696	115	2150	108	4	0.132	44	1.39	2.8	61.6		-22.8	-450
2020-05-24	178756	9043	218	5	3598	112	2153	108	2	0.06	43	1.35	2.7	60.4		-24.5	-449
2020-05-25	179168	9056	412	13	3467	102	2158	109	4	0.157	41	1.23	2.7	60.3		-25.0	-448
2020-05-26	179785	9071	617	15	3356	90	2165	109	7	0.181	40	1.08	2.5	62.1		-25.3	-447
2020-05-27	180433	9083	648	12	3175	79	2173	109	7	0.145	38	0.95	2.3	63.1		-28.0	-446
2020-05-28	180962	9092	529	9	3286	81	2179	109	6	0.108	39	0.98	2.2	63.5		-18.3	-445
2020-05-29	181407	9100	445	8	3206	73	2185	109	5	0.096	38	0.88	2.2	63.4		-16.0	-444
2020-05-30	181781	9104	374	4	3243	66	2189	109	4	0.048	39	0.79	2.2	63.0		-12.3	-443
2020-05-31	181960	9107	179	3	3204	64	2191	109	2	0.036	38	0.77	2.1	61.4		-11.0	-442
2020-06-01	182097	9112	137	5	2929	56	2193	109	1	0.06	35	0.67	2.1	60.8		-15.5	-441
2020-06-02	182401	9120	304	8	2616	49	2197	109	3	0.096	31	0.59	2.1	61.1		-22.1	-440
2020-06-03	182897	9131	496	11	2464	48	2203	109	5	0.132	29	0.58	1.9	63.1		-22.4	-439
2020-06-04	183425	9138	528	7	2463	46	2209	110	6	0.084	29	0.55	1.8	64.3		-25.0	-438
2020-06-05	183862	9143	437	5	2455	43	2214	110	5	0.06	29	0.52	1.8	64.7		-23.4	-437
2020-06-06	184147	9148	285	5	2366	44	2218	110	3	0.06	28	0.53	1.7	63.8		-27.0	-436
2020-06-07	184311	9152	164	4	2351	45	2220	110	1	0.048	28	0.54	1.7	62.2		-26.6	-435
2020-06-08	184606	9155	295	3	2509	43	2223	110	3	0.036	30	0.52	1.7	61.4		-14.3	-434
2020-06-09	185031	9156	425	1	2630	36	2228	110	5	0.012	31	0.43	1.6	63.9		0.5	-433
2020-06-10	185549	9166	518	10	2652	35	2235	110	6	0.12	31	0.42	1.5	64.5		7.6	-432
2020-06-11	185829	9167	280	1	2404	29	2238	110	3	0.012	28	0.35	1.4	64.3		-2.4	-431
2020-06-12	186181	9178	352	11	2319	35	2242	110	4	0.132	27	0.42	1.4	63.3		-5.5	-430
2020-06-13	186480	9179	299	1	2333	31	2246	110	3	0.012	28	0.37	1.4	63.0		-1.4	-429
2020-06-14	186652	9185	172	6	2341	33	2248	110	2	0.072	28	0.4	1.3	62.0		-0.4	-428
2020-06-15	186911	9189	259	4	2305	34	2251	110	3	0.048	27	0.41	1.3	61.9		-8.1	-427
2020-06-16	187429	9200	518	11	2398	44	2257	110	6	0.132	28	0.53	1.3	64.0		-8.8	-426
2020-06-17	188291	9207	862	7	2742	41	2268	110	10	0.084	33	0.49	1.2	65.0		3.4	-425
2020-06-18	189054	9210	763	3	3225	43	2277	110	9	0.036	38	0.52	1.2	65.2		34.2	-424
2020-06-19	190050	9219	996	9	3869	41	2289	111	11	0.108	46	0.49	1.2	65.5		66.8	-423
2020-06-20	190620	9223	570	4	4140	44	2296	111	6	0.048	49	0.53	1.2	64.7		77.5	-422
2020-06-21	190842	9226	222	3	4190	41	2298	111	2	0.036	50	0.49	1.2	62.9		79.0	-421
2020-06-22	191285	9227	443	1	4374	38	2304	111	5	0.012	52	0.46	1.2	62.8		89.8	-420
2020-06-23	191826	9234	541	7	4397	34	2310	111	6	0.084	52	0.41	1.2	64.9		83.4	-419
2020-06-24	192332	9236	506	2	4041	29	2316	111	6	0.024	48	0.35	1.2	64.9		47.4	-418
2020-06-25	192896	9241	564	5	3842	31	2323	111	6	0.06	46	0.37	1.1	64.4		19.1	-417
2020-06-26	193470	9247	574	6	3420	28	2330	111	6	0.072	41	0.34	1.1	65.0		-11.6	-416
2020-06-27	193795	9249	325	2	3175	26	2334	111	3	0.024	38	0.31	1.0	64.5		-23.3	-415
2020-06-28	193995	9249	200	0	3153	23	2336	111	2	0.0	37	0.28	1.0	63.1		-24.7	-414
2020-06-29	194411	9253	416	4	3126	26	2341	111	5	0.048	37	0.31	1.0	62.7		-28.5	-413
2020-06-30	194868	9254	457	1	3042	20	2347	111	5	0.012	36	0.24	1.0	64.3		-30.8	-412
2020-07-01	195350	9259	482	5	3018	23	2353	111	5	0.06	36	0.28	1.0	65.3		-25.3	-411
2020-07-02	195823	9263	473	4	2927	22	2358	111	5	0.048	35	0.26	1.0	65.6		-23.8	-410
2020-07-03	196249	9269	426	6	2779	22	2363	111	5	0.072	33	0.26	1.0	65.6		-18.7	-409
2020-07-04	196541	9271	292	2	2746	22	2367	111	3	0.024	33	0.26	1.0	64.2		-13.5	-408
2020-07-05	196683	9275	142	4	2688	26	2369	111	1	0.048	32	0.31	0.9	62.5		-14.7	-407
2020-07-06	197010	9281	327	6	2599	28	2373	111	3	0.072	31	0.34	0.9	62.4		-16.9	-406
2020-07-07	197400	9285	390	4	2532	31	2377	111	4	0.048	30	0.37	0.9	64.0		-16.8	-405
2020-07-08	197851	9291	451	6	2501	32	2383	111	5	0.072	30	0.39	0.9	64.7		-17.1	-404
2020-07-09	198277	9296	426	5	2454	33	2388	111	5	0.06	29	0.4	0.8	65.0		-16.2	-403
2020-07-10	198703	9299	426	3	2454	30	2393	112	5	0.036	29	0.36	0.8	65.3		-11.7	-402
2020-07-11	198979	9299	276	0	2438	28	2396	112	3	0.0	29	0.34	0.8	64.6		-11.2	-401
2020-07-12	199110	9300	131	1	2427	25	2398	112	1	0.012	29	0.3	0.8	62.9		-9.7	-400
2020-07-13	199436	9305	326	5	2426	24	2402	112	3	0.06	29	0.29	0.8	62.4		-6.7	-399
2020-07-14	199901	9307	465	2	2501	22	2407	112	5	0.024	30	0.26	0.8	64.5		-1.2	-398
2020-07-15	200438	9313	537	6	2587	22	2414	112	6	0.072	31	0.26	0.7	65.7		3.4	-397
2020-07-16	200992	9320	554	7	2715	24	2421	112	6	0.084	32	0.29	0.8	65.8		10.6	-396
2020-07-17	201513	9326	521	6	2810	27	2427	112	6	0.072	33	0.33	0.7	65.8		14.5	-395
2020-07-18	201953	9326	440	0	2974	27	2432	112	5	0.0	35	0.33	0.7	64.8		22.0	-394
2020-07-19	202132	9330	179	4	3022	30	2434	112	2	0.048	36	0.36	0.8	63.4		24.5	-393
2020-07-20	202586	9334	454	4	3150	29	2440	112	5	0.048	37	0.35	0.7	63.5		29.8	-392
2020-07-21	203108	9338	522	4	3207	31	2446	112	6	0.048	38	0.37	0.8	64.7		28.2	-391
2020-07-22	203805	9347	697	9	3367	34	2454	112	8	0.108	40	0.41	0.7	65.2		30.2	-390
2020-07-23	204500	9350	695	3	3508	30	2463	112	8	0.036	42	0.36	0.7	65.1		29.2	-389
2020-07-24	205305	9360	805	10	3792	34	2472	112	9	0.12	45	0.41	0.7	65.5		34.9	-388
2020-07-25	205847	9363	542	3	3894	37	2479	112	6	0.036	46	0.45	0.7	64.7		30.9	-387
2020-07-26	206058	9363	211	0	3926	33	2482	112	2	0.0	47	0.4	0.8	63.1		29.9	-386
2020-07-27	206586	9370	528	7	4000	36	2488	112	6	0.084	48	0.43	0.8	62.8		27.0	-385
2020-07-28	207341	9374	755	4	4233	36	2497	112	9	0.048	50	0.43	0.8	64.5		32.0	-384
2020-07-29	208249	9379	908	5	4444	32	2508	112	10	0.06	53	0.39	0.8	65.1		32.0	-383
2020-07-30	209109	9384	860	5	4609	34	2518	113	10	0.06	55	0.41	0.8	64.7		31.4	-382
2020-07-31	210023	9397	914	13	4718	37	2529	113	11	0.157	56	0.45	0.8	64.7		24.4	-381
2020-08-01	210584	9398	561	1	4737	35	2536	113	6	0.012	57	0.42	0.8	64.0		21.6	-380
2020-08-02	210889	9399	305	1	4831	36	2540	113	3	0.012	58	0.43	0.8	62.8		23.1	-379
2020-08-03	211686	9407	797	8	5100	37	2549	113	9	0.096	61	0.45	0.8	62.6		27.5	-378
2020-08-04	212633	9413	947	6	5292	39	2561	113	11	0.072	63	0.47	0.8	69.2		25.0	-377
2020-08-05	213744	9416	1111	3	5495	37	2574	113	13	0.036	66	0.45	0.8	69.9		23.6	-376
2020-08-06	214911	9422	1167	6	5802	38	2588	113	14	0.072	69	0.46	0.8	69.9		25.9	-375
2020-08-07	215916	9427	1005	5	5893	30	2600	113	12	0.06	70	0.36	0.7	70.1		24.9	-374
2020-08-08	216627	9429	711	2	6043	31	2609	113	8	0.024	72	0.37	0.8	69.5		27.6	-373
2020-08-09	216947	9431	320	2	6058	32	2613	113	3	0.024	72	0.39	0.8	68.1		25.4	-372
2020-08-10	218050	9433	1103	2	6364	26	2626	113	13	0.024	76	0.31	0.8	68.4		24.8	-371
2020-08-11	219244	9435	1194	2	6611	22	2640	113	14	0.024	79	0.26	0.8	70.6		24.9	-370
2020-08-12	220787	9445	1543	10	7043	29	2659	113	18	0.12	84	0.35	0.7	71.0		28.2	-369
2020-08-13	222276	9447	1489	2	7365	25	2677	113	17	0.024	88	0.3	0.7	71.4		26.9	-368
2020-08-14	223651	9453	1375	6	7735	26	2693	113	16	0.072	93	0.31	0.7	71.7		31.3	-367
2020-08-15	224406	9457	755	4	7779	28	2703	113	9	0.048	93	0.34	0.7	70.9		28.7	-366
2020-08-16	224898	9462	492	5	7951	31	2708	113	5	0.06	95	0.37	0.7	69.2		31.2	-365
2020-08-17	226446	9470	1548	8	8396	37	2727	114	18	0.096	101	0.45	0.7	69.1	19.1	31.9	-364
2020-08-18	227981	9480	1535	10	8737	45	2746	114	18	0.12	105	0.54	0.7	70.7	18.8	32.2	-363
2020-08-19	229737	9481	1756	1	8950	36	2767	114	21	0.012	107	0.43	0.7	71.1	18.8	27.1	-362
2020-08-20	231359	9488	1622	7	9083	41	2786	114	19	0.084	109	0.49	0.7	71.5	19.0	23.3	-361
2020-08-21	233016	9491	1657	3	9365	38	2806	114	19	0.036	112	0.46	0.8	71.4	19.5	21.1	-360
2020-08-22	233933	9493	917	2	9527	36	2817	114	11	0.024	114	0.43	0.7	70.3	20.4	22.5	-359
2020-08-23	234498	9493	565	0	9600	31	2824	114	6	0.0	115	0.37	0.8	68.7	22.3	20.7	-358
2020-08-24	235925	9498	1427	5	9479	28	2841	114	17	0.06	114	0.34	0.8	68.0	25.2	12.9	-357
2020-08-25	237408	9500	1483	2	9427	20	2859	114	17	0.024	113	0.24	0.7	70.0	29.7	7.9	-356
2020-08-26	239022	9502	1614	2	9285	21	2879	114	19	0.024	111	0.25	0.7	70.6	36.3	3.7	-355
2020-08-27	240562	9503	1540	1	9203	15	2897	114	18	0.012	110	0.18	0.8	70.2	46.4	1.3	-354
2020-08-28	241950	9506	1388	3	8934	15	2914	114	16	0.036	107	0.18	0.8	70.3	64.3	-4.6	-353
2020-08-29	242783	9508	833	2	8850	15	2924	114	10	0.024	106	0.18	0.8	70.2		-7.1	-352
2020-08-30	243319	9511	536	3	8821	18	2930	114	6	0.036	106	0.22	0.8	68.6		-8.1	-351
2020-08-31	244507	9515	1188	4	8582	17	2945	114	14	0.048	103	0.2	0.8	68.4		-9.5	-350
2020-09-01	245824	9518	1317	3	8416	18	2961	114	15	0.036	101	0.22	0.7	70.2		-10.7	-349
2020-09-02	247239	9521	1415	3	8217	19	2978	114	17	0.036	98	0.23	0.7	70.5	-71.9	-11.5	-348
2020-09-03	248756	9528	1517	7	8194	25	2996	114	18	0.084	98	0.3	0.7	70.6	-56.0	-11.0	-347
2020-09-04	250249	9535	1493	7	8299	29	3014	114	17	0.084	99	0.35	0.7	70.5	-51.0	-7.1	-346
2020-09-05	251354	9543	1105	8	8571	35	3027	114	13	0.096	103	0.42	0.7	70.2	-54.9	-3.2	-345
2020-09-06	251936	9547	582	4	8617	36	3034	114	7	0.048	103	0.43	0.7	68.4	-64.3	-2.3	-344
2020-09-07	253344	9553	1408	6	8837	38	3051	115	16	0.072	106	0.46	0.7	68.6		3.0	-343
2020-09-08	254723	9572	1379	19	8899	54	3068	115	16	0.229	107	0.65	0.7	70.7		5.7	-342
2020-09-09	256471	9581	1748	9	9232	60	3089	115	21	0.108	111	0.72	0.7	71.0		12.4	-341
2020-09-10	258062	9587	1591	6	9306	59	3108	115	19	0.072	112	0.71	0.7	71.4		13.6	-340
2020-09-11	259714	9599	1652	12	9465	64	3128	115	19	0.145	114	0.77	0.7	71.6		14.0	-339
2020-09-12	260939	9607	1225	8	9585	64	3143	115	14	0.096	115	0.77	0.7	70.7	65.7	11.8	-338
2020-09-13	261699	9615	760	8	9763	68	3152	115	9	0.096	117	0.82	0.8	69.3	50.6	13.3	-337
2020-09-14	263182	9620	1483	5	9838	67	3170	115	17	0.06	118	0.81	0.8	68.5	44.4	11.3	-336
2020-09-15	265185	9636	2003	16	10462	64	3194	116	24	0.193	126	0.77	0.7	70.9	37.8	17.6	-335
2020-09-16	267382	9651	2197	15	10911	70	3220	116	26	0.181	131	0.84	0.7	71.7	34.0	18.2	-334
2020-09-17	269736	9659	2354	8	11674	72	3249	116	28	0.096	140	0.87	0.7	72.1	29.6	25.4	-333
2020-09-18	271905	9674	2169	15	12191	75	3275	116	26	0.181	146	0.9	0.8	71.6	26.3	28.8	-332
2020-09-19	273298	9686	1393	12	12359	79	3291	116	16	0.145	148	0.95	0.8	70.3	24.1	28.9	-331
2020-09-20	273989	9696	691	10	12290	81	3300	116	8	0.12	148	0.98	0.9	69.0	23.6	25.9	-330
2020-09-21	275646	9714	1657	18	12464	94	3320	117	19	0.217	150	1.13	0.8	68.7	23.5	26.7	-329
2020-09-22	277459	9729	1813	15	12274	93	3342	117	21	0.181	147	1.12	0.9	70.7	25.1	17.3	-328
2020-09-23	279668	9740	2209	11	12286	89	3368	117	26	0.132	147	1.07	0.9	71.2	27.1	12.6	-327
2020-09-24	282064	9758	2396	18	12328	99	3397	117	28	0.217	148	1.19	0.9	71.4	30.1	5.6	-326
2020-09-25	284392	9773	2328	15	12487	99	3425	117	28	0.181	150	1.19	1.0	71.6	33.9	2.4	-325
2020-09-26	286178	9798	1786	25	12880	112	3447	118	21	0.301	155	1.35	1.0	71.0	38.0	4.2	-324
2020-09-27	287051	9805	873	7	13062	109	3457	118	10	0.084	157	1.31	1.0	69.0	43.9	6.3	-323
2020-09-28	288878	9824	1827	19	13232	110	3479	118	22	0.229	159	1.32	1.1	68.6	53.7	6.2	-322
2020-09-29	291045	9839	2167	15	13586	110	3505	118	26	0.181	163	1.32	1.1	70.7	60.6	10.7	-321
2020-09-30	293774	9855	2729	16	14106	115	3538	118	32	0.193	169	1.39	1.1	71.3	62.2	14.8	-320
2020-10-01	296701	9881	2927	26	14637	123	3573	119	35	0.313	176	1.48	1.2	71.1	53.3	18.7	-319
2020-10-02	299622	9906	2921	25	15230	133	3609	119	35	0.301	183	1.6	1.2	71.1	42.4	22.0	-318
2020-10-03	301820	9918	2198	12	15642	120	3635	119	26	0.145	188	1.45	1.3	70.4	35.0	21.4	-317
2020-10-04	302975	9927	1155	9	15924	122	3649	119	13	0.108	191	1.47	1.4	68.9	31.0	21.9	-316
2020-10-05	305386	9961	2411	34	16508	137	3678	119	29	0.41	198	1.65	1.4	68.5	27.4	24.8	-315
2020-10-06	308972	9988	3586	27	17927	149	3721	120	43	0.325	215	1.79	1.5	70.4	23.9	32.0	-314
2020-10-07	313459	10023	4487	35	19685	168	3775	120	54	0.422	237	2.02	1.5	71.6	20.1	39.6	-313
2020-10-08	318127	10065	4668	42	21426	184	3831	121	56	0.506	258	2.22	1.6	71.6	17.0	46.4	-312
2020-10-09	323185	10109	5058	44	23563	203	3892	121	60	0.53	283	2.45	1.6	71.4	14.5	54.7	-311
2020-10-10	326814	10147	3629	38	24994	229	3936	122	43	0.458	301	2.76	1.7	70.4	12.7	59.8	-310
2020-10-11	329086	10172	2272	25	26111	245	3963	122	27	0.301	314	2.95	1.8	68.7	11.9	64.0	-309
2020-10-12	333278	10232	4192	60	27892	271	4014	123	50	0.723	335	3.26	1.9	68.7	11.3	69.0	-308
2020-10-13	338648	10288	5370	56	29676	300	4079	123	64	0.675	357	3.61	2.0	69.9	10.9	65.5	-307
2020-10-14	345897	10351	7249	63	32438	328	4166	124	87	0.759	390	3.95	1.9	70.7	10.4	64.8	-306
2020-10-15	353810	10432	7913	81	35683	367	4261	125	95	0.976	429	4.42	2.1	70.8	9.9	66.5	-305
2020-10-16	361778	10522	7968	90	38593	413	4357	126	95	1.084	464	4.97	2.2	71.0	9.5	63.8	-304
2020-10-17	367471	10582	5693	60	40657	435	4426	127	68	0.723	489	5.24	2.4	70.2	9.4	62.7	-303
2020-10-18	371150	10636	3679	54	42064	464	4470	128	44	0.65	506	5.59	2.5	68.4	9.7	61.1	-302
2020-10-19	377624	10724	6474	88	44346	492	4548	129	77	1.06	534	5.93	2.8	68.3	10.1	59.0	-301
2020-10-20	387069	10853	9445	129	48421	565	4662	130	113	1.554	583	6.81	2.8	70.2	10.3	63.2	-300
2020-10-21	399481	10996	12412	143	53584	645	4811	132	149	1.722	645	7.77	3.1	71.2	10.1	65.2	-299
2020-10-22	413422	11199	13941	203	59612	767	4979	134	167	2.445	718	9.24	3.4	72.0	9.7	67.1	-298
2020-10-23	427461	11398	14039	199	65683	876	5148	137	169	2.397	791	10.55	3.7	73.2	9.2	70.2	-297
2020-10-24	438563	11520	11102	122	71092	938	5282	138	133	1.47	856	11.3	4.0	72.5	8.9	74.9	-296
2020-10-25	446021	11646	7458	126	74871	1010	5372	140	89	1.518	901	12.17	4.3	70.9	8.8	78.0	-295
2020-10-26	458044	11886	12023	240	80420	1162	5517	143	144	2.891	968	14.0	4.5	71.0	8.9	81.3	-294
2020-10-27	473999	12124	15955	238	86930	1271	5709	146	192	2.867	1047	15.31	4.9	73.4	8.9	79.5	-293
2020-10-28	493240	12372	19241	248	93759	1376	5941	149	231	2.987	1129	16.57	5.2	73.8	8.9	75.0	-292
2020-10-29	513094	12641	19854	269	99672	1442	6180	152	239	3.24	1200	17.37	5.7	73.7	9.0	67.2	-291
2020-10-30	532513	12899	19419	258	105052	1501	6414	155	233	3.108	1265	18.08	6.2	73.6	9.1	59.9	-290
2020-10-31	546520	13095	14007	196	107957	1575	6583	157	168	2.361	1300	18.97	6.6	72.9	9.6	51.9	-289
2020-11-01	557048	13265	10528	170	111027	1619	6709	159	126	2.048	1337	19.5	7.0	71.9	10.3	48.3	-288
2020-11-02	572306	13542	15258	277	114262	1656	6893	163	183	3.337	1376	19.95	7.6	72.4	11.3	42.1	-287
2020-11-03	591649	13870	19343	328	117650	1746	7126	167	232	3.951	1417	21.03	8.2	74.6	12.4	35.3	-286
2020-11-04	612865	14183	21216	313	119625	1811	7382	170	255	3.77	1440	21.81	8.7	75.2	13.8	27.6	-285
2020-11-05	635145	14521	22280	338	122051	1880	7650	174	268	4.071	1470	22.65	9.1	75.7	15.5	22.5	-284
2020-11-06	656727	14771	21582	250	124214	1872	7910	177	259	3.011	1496	22.55	9.5	75.2	17.3	18.2	-283
2020-11-07	672666	14989	15939	218	126146	1894	8102	180	191	2.626	1519	22.81	9.8	74.7	19.5	16.8	-282
2020-11-08	682812	15152	10146	163	125764	1887	8224	182	122	1.963	1514	22.73	10.1	73.1	22.9	13.3	-281
2020-11-09	698787	15470	15975	318	126481	1928	8417	186	192	3.83	1523	23.22	10.0	71.2	27.3	10.7	-280
2020-11-10	718404	15813	19617	343	126755	1943	8653	190	236	4.132	1526	23.4	10.5	75.5	33.1	7.7	-279
2020-11-11	741107	16232	22703	419	128242	2049	8926	195	273	5.047	1544	24.68	10.7	76.3	39.6	7.2	-278
2020-11-12	764607	16660	23500	428	129462	2139	9210	200	283	5.155	1559	25.77	10.9	76.7	46.5	6.1	-277
2020-11-13	785957	17075	21350	415	129230	2304	9467	205	257	4.999	1556	27.75	11.4	77.2	54.6	4.0	-276
2020-11-14	801750	17448	15793	373	129084	2459	9657	210	190	4.493	1554	29.62	11.5	76.5	66.4	2.3	-275
2020-11-15	810605	17671	8855	223	127793	2519	9764	212	106	2.686	1539	30.34	11.8	75.2	86.3	1.6	-274
2020-11-16	825300	18119	14695	448	126513	2649	9941	218	177	5.396	1523	31.91	11.9	75.2	122.8	0.0	-273
2020-11-17	845646	18626	20346	507	127242	2813	10186	224	245	6.107	1532	33.88	12.1	76.8	176.6	0.4	-272
2020-11-18	869338	19157	23692	531	128231	2925	10471	230	285	6.396	1544	35.23	12.3	77.7	265.7	-0.0	-271
2020-11-19	893081	19721	23743	564	128474	3061	10757	237	285	6.794	1547	36.87	12.5	77.5	365.0	-0.8	-270
2020-11-20	915367	20249	22286	528	129410	3174	11025	243	268	6.36	1558	38.23	12.6	78.1	365.0	0.1	-269
2020-11-21	930148	20591	14781	342	128398	3143	11204	248	178	4.12	1546	37.86	12.7	77.5	365.0	-0.5	-268
2020-11-22	938983	20874	8835	283	128378	3203	11310	251	106	3.409	1546	38.58	13.0	75.9		0.5	-267
2020-11-23	954067	21345	15084	471	128767	3226	11492	257	181	5.673	1551	38.86	13.1	76.1		1.8	-266
2020-11-24	973488	21853	19421	508	127842	3227	11726	263	233	6.119	1539	38.87	13.2	78.3		0.5	-265
2020-11-25	995550	22441	22062	588	126212	3284	11991	270	265	7.083	1520	39.56	13.3	78.9	-365.0	-1.6	-264
2020-11-26	1018315	23096	22765	655	125234	3375	12266	278	274	7.89	1508	40.65	13.5	79.6	-365.0	-2.5	-263
2020-11-27	1038460	23722	20145	626	123093	3473	12508	285	242	7.54	1482	41.83	13.6	80.5	-365.0	-4.9	-262
2020-11-28	1053406	24124	14946	402	123258	3533	12688	290	180	4.842	1484	42.56	13.8	79.6	-302.3	-4.0	-261
2020-11-29	1062197	24450	8791	326	123214	3576	12794	294	105	3.927	1484	43.07	13.9	78.2	-234.4	-4.0	-260
2020-11-30	1075498	24987	13301	537	121431	3642	12954	300	160	6.468	1462	43.87	13.9	78.3	-164.0	-5.7	-259
2020-12-01	1094717	25640	19219	653	121229	3787	13186	308	231	7.866	1460	45.62	13.9	80.0	-133.7	-5.2	-258
2020-12-02	1117930	26372	23213	732	122380	3931	13465	317	279	8.817	1474	47.35	14.0	80.6	-127.8	-3.0	-257
2020-12-03	1142365	27220	24435	848	124050	4124	13760	327	294	10.215	1494	49.68	14.1	80.7	-138.1	-0.9	-256
2020-12-04	1164628	28028	22263	808	126168	4306	14028	337	268	9.733	1519	51.87	14.3	81.4	-185.9	2.5	-255
2020-12-05	1180351	28539	15723	511	126945	4415	14217	343	189	6.155	1529	53.18	14.6	80.8	-292.3	3.0	-254
2020-12-06	1190592	28898	10241	359	128395	4448	14341	348	123	4.324	1546	53.58	14.8	79.3		4.2	-253
2020-12-07	1207039	29590	16447	692	131541	4603	14539	356	198	8.335	1584	55.45	15.0	79.7	348.7	8.3	-252
2020-12-08	1229825	30448	22786	858	135108	4808	14813	366	274	10.335	1627	57.91	15.3	81.5	137.4	11.4	-251
2020-12-09	1257482	31295	27657	847	139552	4923	15146	376	333	10.202	1680	59.3	15.3	81.9	82.6	14.0	-250
2020-12-10	1286524	32370	29042	1075	144159	5150	15496	389	349	12.949	1736	62.03	15.5	82.3	57.8	16.2	-249
2020-12-11	1313779	33344	27255	974	149151	5316	15825	401	328	11.732	1796	64.03	16.0	82.6	45.1	18.2	-248
2020-12-12	1334394	34112	20615	768	154043	5573	16073	410	248	9.251	1855	67.13	16.2	81.7	36.8	21.3	-247
2020-12-13	1346899	34627	12505	515	156307	5729	16223	417	150	6.203	1882	69.01	16.5	80.5	32.2	21.7	-246
2020-12-14	1365961	35452	19062	825	158922	5862	16453	427	229	9.937	1914	70.61	16.8	81.0	30.1	20.8	-245
2020-12-15	1392894	36462	26933	1010	163069	6014	16777	439	324	12.166	1964	72.44	17.0	82.5	28.8	20.7	-244
2020-12-16	1424262	37526	31368	1064	166780	6231	17155	452	377	12.816	2008	75.05	17.4	82.9	28.0	19.5	-243
2020-12-17	1456249	38684	31987	1158	169725	6314	17541	465	385	13.949	2044	76.05	17.5	82.6	27.8	17.7	-242
2020-12-18	1486029	39724	29780	1040	172250	6380	17899	478	358	12.527	2074	76.85	17.7	82.7	28.0	15.5	-241
2020-12-19	1507726	40496	21697	772	173332	6384	18161	487	261	9.299	2087	76.9	18.0	82.0	29.3	12.5	-240
2020-12-20	1521627	41037	13901	541	174728	6410	18328	494	167	6.517	2104	77.21	18.4	80.8	31.7	11.8	-239
2020-12-21	1541935	41955	20308	918	175974	6503	18573	505	244	11.058	2119	78.33	18.8	81.6	35.0	10.7	-238
2020-12-22	1570929	43145	28994	1190	178035	6683	18922	519	349	14.334	2144	80.5	19.1	82.0	39.0	9.2	-237
2020-12-23	1604914	44391	33985	1246	180652	6865	19331	534	409	15.009	2176	82.69	19.2	81.6	43.2	8.3	-236
2020-12-24	1626086	45102	21172	711	169837	6418	19586	543	255	8.564	2045	77.31	19.8	80.7	56.1	0.1	-235
2020-12-25	1639261	45610	13175	508	153232	5886	19745	549	158	6.119	1845	70.9	20.0	79.6	109.0	-11.0	-234
2020-12-26	1650807	46186	11546	576	143081	5690	19884	556	139	6.938	1723	68.54	20.5	79.8		-17.5	-233
2020-12-27	1660619	46712	9812	526	138992	5675	20002	562	118	6.336	1674	68.36	20.6	80.3	-101.6	-20.5	-232
2020-12-28	1676358	47600	15739	888	134423	5645	20192	573	189	10.696	1619	68.0	20.6	80.9	-52.1	-23.6	-231
2020-12-29	1703938	48842	27580	1242	133009	5697	20524	588	332	14.96	1602	68.62	20.8	82.1	-36.7	-25.3	-230
2020-12-30	1735003	50121	31065	1279	130089	5730	20898	603	374	15.406	1566	69.02	20.8	82.1	-29.1	-28.0	-229
2020-12-31	1754606	50896	19603	775	128520	5794	21134	613	236	9.335	1548	69.79	20.9	81.9	-24.9	-24.3	-228
2021-01-01	1764880	51308	10274	412	125619	5698	21258	618	123	4.963	1513	68.63	20.8	81.5	-22.3	-18.0	-227
2021-01-02	1774883	51890	10003	582	124076	5704	21379	625	120	7.01	1494	68.71	21.2	81.8	-20.7	-13.3	-226
2021-01-03	1783702	52382	8819	492	123083	5670	21485	630	106	5.926	1482	68.3	21.4	82.2	-20.2	-11.4	-225
2021-01-04	1797996	53152	14294	770	121638	5552	21657	640	172	9.275	1465	66.88	21.2	82.2	-20.7	-9.5	-224
2021-01-05	1825408	54185	27412	1033	121470	5343	21987	652	330	12.443	1463	64.36	20.8	83.0	-23.2	-8.7	-223
2021-01-06	1853397	55098	27989	913	118394	4977	22324	663	337	10.997	1426	59.95	20.3	83.2	-29.1	-9.0	-222
2021-01-07	1879510	56124	26113	1026	124904	5228	22639	676	314	12.359	1504	62.97	20.1	83.1	-41.8	-2.8	-221
2021-01-08	1904041	57047	24531	923	139161	5739	22934	687	295	11.118	1676	69.13	20.0	83.5	-80.1	10.8	-220
2021-01-09	1920699	57643	16658	596	145816	5753	23135	694	200	7.179	1756	69.3	19.9	82.8	-365.0	17.5	-219
2021-01-10	1929166	58059	8467	416	145464	5677	23237	699	101	5.011	1752	68.38	19.6	81.3	131.6	18.2	-218
2021-01-11	1942655	58643	13489	584	144659	5491	23400	706	162	7.035	1742	66.14	19.4	81.8	70.0	18.9	-217
2021-01-12	1965246	59526	22591	883	139838	5341	23672	717	272	10.636	1684	64.33	19.1	82.8	55.4	15.1	-216
2021-01-13	1989352	60489	24106	963	135955	5391	23962	728	290	11.6	1637	64.94	18.9	83.4	52.8	14.8	-215
2021-01-14	2009758	61427	20406	938	130248	5303	24208	739	245	11.299	1568	63.88	18.7	83.5	58.4	4.3	-214
2021-01-15	2028058	62236	18300	809	124017	5189	24428	749	220	9.745	1493	62.5	18.6	83.5	80.2	-10.9	-213
2021-01-16	2041502	62771	13444	535	120803	5128	24590	756	161	6.444	1455	61.77	18.4	82.9	150.7	-17.2	-212
2021-01-17	2048098	63090	6596	319	118932	5031	24670	759	79	3.842	1432	60.6	18.3	81.3		-18.2	-211
2021-01-18	2057252	63624	9154	534	114597	4981	24780	766	110	6.432	1380	60.0	18.3	81.8	-129.0	-20.8	-210
2021-01-19	2075717	64384	18465	760	110471	4858	25002	775	222	9.155	1330	58.52	18.1	83.5	-59.3	-21.0	-209
2021-01-20	2095212	65148	19495	764	105860	4659	25237	784	234	9.203	1275	56.12	17.6	83.8	-35.1	-22.1	-208
2021-01-21	2112016	65848	16804	700	102258	4421	25440	793	202	8.432	1231	53.25	17.5	84.2	-25.5	-21.5	-207
2021-01-22	2127036	66470	15020	622	98978	4234	25621	800	180	7.492	1192	51.0	17.4	84.5	-22.1	-20.2	-206
2021-01-23	2138610	66913	11574	443	97108	4142	25760	805	139	5.336	1169	49.89	17.1	83.5	-21.0	-19.6	-205
2021-01-24	2143628	67124	5018	211	95530	4034	25820	808	60	2.542	1150	48.59	17.1	82.1	-20.8	-19.7	-204
2021-01-25	2150373	67548	6745	424	93121	3924	25902	813	81	5.107	1121	47.27	17.0	82.0	-21.3	-18.7	-203
2021-01-26	2165881	68122	15508	574	90164	3738	26088	820	186	6.914	1086	45.03	16.8	83.4	-21.9	-18.4	-202
2021-01-27	2181697	68739	15816	617	86485	3591	26279	827	190	7.432	1041	43.26	16.5	84.2	-22.5	-18.3	-201
2021-01-28	2195044	69215	13347	476	83028	3367	26440	833	160	5.734	1000	40.56	16.3	83.8	-22.7	-18.8	-200
2021-01-29	2207603	69688	12559	473	80567	3218	26591	839	151	5.697	970	38.76	16.1	83.9	-22.4	-18.6	-199
2021-01-30	2217543	69991	9940	303	78933	3078	26711	843	119	3.65	950	37.08	16.1	83.1	-22.4	-18.7	-198
2021-01-31	2221742	70178	4199	187	78114	3054	26761	845	50	2.252	940	36.79	16.1	81.8	-23.2	-18.2	-197
2021-02-01	2227604	70489	5862	311	77231	2941	26832	849	70	3.746	930	35.43	15.9	82.4	-24.3	-17.1	-196
2021-02-02	2239908	70881	12304	392	74027	2759	26980	853	148	4.722	891	33.23	15.7	83.3	-25.0	-17.9	-195
2021-02-03	2253321	71323	13413	442	71624	2584	27142	859	161	5.324	862	31.13	15.5	84.1	-25.1	-17.2	-194
2021-02-04	2264833	71760	11512	437	69789	2545	27280	864	138	5.264	840	30.66	15.4	83.9	-25.1	-15.9	-193
2021-02-05	2274832	72068	9999	308	67229	2380	27401	868	120	3.71	809	28.67	15.0	83.8	-24.6	-16.6	-192
2021-02-06	2283217	72304	8385	236	65674	2313	27502	870	101	2.843	791	27.86	14.7	82.7	-24.5	-16.8	-191
2021-02-07	2286309	72405	3092	101	64567	2227	27539	872	37	1.217	777	26.83	14.6	80.9	-25.0	-17.3	-190
2021-02-08	2290495	72646	4186	241	62891	2157	27589	875	50	2.903	757	25.98	14.6	81.6	-25.8	-18.6	-189
2021-02-09	2299592	72947	9097	301	59684	2066	27699	878	109	3.626	718	24.89	14.2	82.7	-26.0	-19.4	-188
2021-02-10	2309858	73252	10266	305	56537	1929	27823	882	123	3.674	681	23.24	13.8	83.1	-25.1	-21.1	-187
2021-02-11	2319218	73556	9360	304	54385	1796	27935	886	112	3.662	655	21.63	13.5	82.9	-23.8	-22.1	-186
2021-02-12	2327747	73806	8529	250	52915	1738	28038	889	102	3.011	637	20.93	13.1	82.7	-22.4	-21.3	-185
2021-02-13	2333350	73968	5603	162	50133	1664	28106	890	67	1.951	603	20.04	12.9	82.1	-21.0	-23.7	-184
2021-02-14	2337111	74074	3761	106	50802	1669	28151	892	45	1.277	611	20.1	12.8	80.8	-20.7	-21.3	-183
2021-02-15	2341489	74265	4378	191	50994	1619	28204	894	52	2.301	614	19.5	12.8	81.2	-21.5	-18.9	-182
2021-02-16	2350736	74556	9247	291	51144	1609	28315	898	111	3.505	616	19.38	12.4	82.8	-22.6	-14.3	-181
2021-02-17	2360732	74827	9996	271	50874	1575	28435	901	120	3.264	612	18.97	12.0	83.0	-24.1	-10.0	-180
2021-02-18	2369961	75066	9229	239	50743	1510	28547	904	111	2.879	611	18.19	11.7	83.0	-26.7	-6.7	-179
2021-02-19	2378690	75286	8729	220	50943	1480	28652	906	105	2.65	613	17.83	11.6	83.2	-30.3	-3.7	-178
2021-02-20	2386476	75441	7786	155	53126	1473	28746	908	93	1.867	639	17.74	11.5	82.4	-38.8	6.0	-177
2021-02-21	2389516	75539	3040	98	52405	1465	28782	909	36	1.18	631	17.65	11.4	81.2	-55.4	3.2	-176
2021-02-22	2393921	75717	4405	178	52432	1452	28835	912	53	2.144	631	17.49	11.4	81.4	-99.3	2.8	-175
2021-02-23	2404111	75934	10190	217	53375	1378	28958	914	122	2.614	642	16.6	11.2	82.9	-335.7	4.4	-174
2021-02-24	2415403	76163	11292	229	54671	1336	29094	917	136	2.758	658	16.09	10.9	83.4	322.6	7.5	-173
2021-02-25	2425319	76361	9916	198	55358	1295	29213	919	119	2.385	666	15.6	10.7	83.2	126.9	9.1	-172
2021-02-26	2434773	76543	9454	182	56083	1257	29327	921	113	2.192	675	15.14	10.6	83.0	85.6	10.1	-171
2021-02-27	2442425	76673	7652	130	55949	1232	29420	923	92	1.566	673	14.84	10.5	82.0	81.1	5.3	-170
2021-02-28	2445874	76743	3449	70	56358	1204	29461	924	41	0.843	678	14.5	10.6	80.5	75.9	7.5	-169
2021-03-01	2450556	76903	4682	160	56635	1186	29517	926	56	1.927	682	14.29	10.7	80.9	72.4	8.0	-168
2021-03-02	2461510	77097	10954	194	57399	1163	29649	928	131	2.337	691	14.01	10.5	82.6	69.1	7.5	-167
2021-03-03	2472811	77266	11301	169	57408	1103	29786	930	136	2.036	691	13.29	10.4	82.5	70.8	5.0	-166
2021-03-04	2482932	77430	10121	164	57613	1069	29907	932	121	1.975	693	12.88	10.4	82.6	76.4	4.1	-165
2021-03-05	2492587	77570	9655	140	57814	1027	30024	934	116	1.686	696	12.37	10.2	82.8	85.9	3.1	-164
2021-03-06	2500879	77702	8292	132	58454	1029	30124	935	99	1.59	704	12.39	10.2	81.5	85.2	4.5	-163
2021-03-07	2504243	77784	3364	82	58369	1041	30164	936	40	0.988	703	12.54	10.3	80.2	94.0	3.6	-162
2021-03-08	2509081	77919	4838	135	58525	1016	30222	938	58	1.626	704	12.24	10.6	80.5	111.6	3.3	-161
2021-03-09	2520576	78097	11495	178	59066	1000	30361	940	138	2.144	711	12.05	10.2	81.7	127.9	2.9	-160
2021-03-10	2534563	78303	13987	206	61752	1037	30529	943	168	2.481	743	12.49	10.0	82.6	110.2	7.6	-159
2021-03-11	2547705	78499	13142	196	64773	1069	30688	945	158	2.361	780	12.88	10.1	82.9	81.3	12.4	-158
2021-03-12	2560229	78671	12524	172	67642	1101	30838	947	150	2.072	814	13.26	10.1	83.2	58.7	17.0	-157
2021-03-13	2570707	78794	10478	123	69828	1092	30965	949	126	1.482	841	13.15	10.0	82.1	45.8	19.5	-156
2021-03-14	2575549	78869	4842	75	71306	1085	31023	950	58	0.903	858	13.07	10.3	80.8	38.2	22.2	-155
2021-03-15	2582366	79015	6817	146	73285	1096	31105	951	82	1.759	882	13.2	10.4	81.0	33.0	25.2	-154
2021-03-16	2598161	79245	15795	230	77585	1148	31295	954	190	2.77	934	13.83	10.5	82.7	27.8	31.4	-153
2021-03-17	2616527	79460	18366	215	81964	1157	31517	957	221	2.59	987	13.94	10.5	83.1	23.8	32.7	-152
2021-03-18	2633252	79693	16725	233	85547	1194	31718	959	201	2.807	1030	14.38	10.6	83.4	21.1	32.1	-151
2021-03-19	2648965	79886	15713	193	88736	1215	31907	962	189	2.325	1068	14.64	10.9	83.5	19.4	31.2	-150
2021-03-20	2662183	80026	13218	140	91476	1232	32067	963	159	1.686	1101	14.84	10.9	82.5	18.3	31.0	-149
2021-03-21	2668143	80129	5960	103	92594	1260	32138	965	71	1.241	1115	15.18	11.3	80.8	18.2	29.9	-148
2021-03-22	2677032	80289	8889	160	94666	1274	32245	967	107	1.927	1140	15.35	11.6	81.6	18.7	29.2	-147
2021-03-23	2696492	80558	19460	269	98331	1313	32480	970	234	3.24	1184	15.82	11.6	83.4	19.3	26.7	-146
2021-03-24	2719128	80813	22636	255	102601	1353	32753	973	272	3.072	1235	16.3	11.7	83.9	19.7	25.2	-145
2021-03-25	2741023	81065	21895	252	107771	1372	33016	976	263	3.035	1298	16.53	11.9	83.9	19.6	26.0	-144
2021-03-26	2761049	81320	20026	255	112084	1434	33257	979	241	3.072	1350	17.27	12.3	84.3	19.4	26.3	-143
2021-03-27	2776825	81515	15776	195	114642	1489	33447	981	190	2.349	1380	17.94	12.5	83.7	19.5	25.3	-142
2021-03-28	2784416	81625	7591	110	116273	1496	33539	983	91	1.325	1400	18.02	12.8	81.9	20.3	25.6	-141
2021-03-29	2795408	81857	10992	232	118376	1568	33671	986	132	2.795	1425	18.89	13.2	82.1	21.5	25.0	-140
2021-03-30	2815799	82142	20391	285	119307	1584	33917	989	245	3.433	1437	19.08	13.2	83.5	23.0	21.3	-139
2021-03-31	2839794	82441	23995	299	120666	1628	34206	993	289	3.602	1453	19.61	13.5	84.3	24.7	17.6	-138
2021-04-01	2861237	82687	21443	246	120214	1622	34464	995	258	2.963	1448	19.54	13.8	84.2	27.0	11.5	-137
2021-04-02	2876728	82883	15491	196	115679	1563	34651	998	186	2.361	1393	18.83	14.3	83.2	31.9	3.2	-136
2021-04-03	2887365	83057	10637	174	110540	1542	34779	1000	128	2.096	1331	18.57	14.6	81.7	41.8	-3.6	-135
2021-04-04	2894515	83181	7150	124	110099	1556	34865	1001	86	1.494	1326	18.74	15.1	81.7	61.4	-5.3	-134
2021-04-05	2901569	83344	7054	163	106161	1487	34950	1003	84	1.963	1278	17.91	15.5	82.2	134.1	-10.3	-133
2021-04-06	2913081	83603	11512	259	97282	1461	35089	1007	138	3.12	1171	17.6	16.1	83.4	-287.2	-18.5	-132
2021-04-07	2936810	83888	23729	285	97016	1447	35375	1010	285	3.433	1168	17.43	16.4	84.6	-78.0	-19.6	-131
2021-04-08	2962571	84164	25761	276	101334	1477	35685	1013	310	3.325	1220	17.79	16.5	85.2	-54.1	-15.7	-130
2021-04-09	2985849	84408	23278	244	109121	1525	35965	1016	280	2.939	1314	18.37	16.7	85.4	-51.4	-5.7	-129
2021-04-10	3003917	84620	18068	212	116552	1563	36183	1019	217	2.554	1403	18.83	16.8	84.4	-60.6	5.4	-128
2021-04-11	3012764	84731	8847	111	118249	1550	36289	1020	106	1.337	1424	18.67	17.0	83.2	-83.3	7.4	-127
2021-04-12	3024874	84929	12110	198	123305	1585	36435	1023	145	2.385	1485	19.09	17.2	83.8	-224.1	16.1	-126
2021-04-13	3051608	85217	26734	288	138527	1614	36757	1026	322	3.469	1668	19.44	17.2	85.5	105.9	42.4	-125
2021-04-14	3080174	85523	28566	306	143364	1635	37101	1030	344	3.686	1726	19.69	17.2	85.6	40.8	47.8	-124
2021-04-15	3105233	85783	25059	260	142662	1619	37403	1033	301	3.132	1718	19.5	17.2	85.4	27.2	40.8	-123
2021-04-16	3128279	86013	23046	230	142430	1605	37681	1036	277	2.77	1715	19.33	17.4	85.5	22.5	30.5	-122
2021-04-17	3145966	86204	17687	191	142049	1584	37894	1038	213	2.301	1711	19.08	17.7	84.6	21.0	21.9	-121
2021-04-18	3154785	86329	8819	125	142021	1598	38000	1039	106	1.506	1710	19.25	18.0	83.5	20.6	20.1	-120
2021-04-19	3167098	86541	12313	212	142224	1612	38148	1042	148	2.554	1713	19.42	18.2	83.8	21.6	15.3	-119
2021-04-20	3195061	86835	27963	294	143453	1618	38485	1045	336	3.541	1727	19.49	18.2	85.4	24.8	3.6	-118
2021-04-21	3224417	87117	29356	282	144243	1594	38839	1049	353	3.397	1737	19.2	18.3	85.9	30.2	0.6	-117
2021-04-22	3249880	87392	25463	275	144647	1609	39146	1052	306	3.312	1742	19.38	18.5	85.8	38.8	1.4	-116
2021-04-23	3272835	87631	22955	239	144556	1618	39422	1055	276	2.879	1741	19.49	18.6	85.9	51.5	1.5	-115
2021-04-24	3290862	87811	18027	180	144896	1607	39639	1057	217	2.168	1745	19.36	18.5	85.3	70.1	2.0	-114
2021-04-25	3299536	87906	8674	95	144751	1577	39744	1058	104	1.144	1743	19.0	18.7	84.3	117.0	1.9	-113
2021-04-26	3311761	88111	12225	205	144663	1570	39891	1061	147	2.469	1742	18.91	18.8	84.6	298.6	1.7	-112
2021-04-27	3337016	88345	25255	234	141955	1510	40195	1064	304	2.819	1709	18.19	18.6	85.7	365.0	-1.0	-111
2021-04-28	3362064	88564	25048	219	137647	1447	40497	1066	301	2.638	1658	17.43	18.5	86.2		-4.6	-110
2021-04-29	3383484	88765	21420	201	133604	1373	40755	1069	258	2.421	1609	16.54	18.4	86.1	-329.7	-7.6	-109
2021-04-30	3402656	88946	19172	181	129821	1315	40986	1071	230	2.18	1563	15.84	18.4	86.4	-151.3	-10.2	-108
2021-05-01	3417733	89078	15077	132	126871	1267	41167	1072	181	1.59	1528	15.26	18.5	85.5	-94.2	-12.4	-107
2021-05-02	3424375	89170	6642	92	124839	1264	41247	1074	80	1.108	1503	15.23	18.6	84.5	-68.2	-13.8	-106
2021-05-03	3433535	89307	9160	137	121774	1196	41358	1075	110	1.65	1466	14.41	18.5	84.4	-52.9	-15.8	-105
2021-05-04	3454529	89507	20994	200	117513	1162	41611	1078	252	2.409	1415	14.0	18.3	85.7	-43.0	-17.2	-104
2021-05-05	3475388	89690	20859	183	113324	1126	41862	1080	251	2.204	1365	13.56	17.8	86.2	-36.3	-17.7	-103
2021-05-06	3492556	89831	17168	141	109072	1066	42069	1082	206	1.698	1313	12.84	17.6	85.7	-31.4	-18.4	-102
2021-05-07	3508036	89983	15480	152	105380	1037	42255	1083	186	1.831	1269	12.49	17.3	86.1	-27.9	-18.8	-101
2021-05-08	3520060	90076	12024	93	102327	998	42400	1085	144	1.12	1232	12.02	17.2	84.8	-25.6	-19.3	-100
2021-05-09	3525384	90141	5324	65	101009	971	42464	1085	64	0.783	1216	11.7	17.1	83.8	-24.4	-19.1	-99
2021-05-10	3532813	90241	7429	100	99278	934	42554	1086	89	1.205	1195	11.25	17.1	84.7	-24.3	-18.5	-98
2021-05-11	3549589	90379	16776	138	95060	872	42756	1088	202	1.662	1145	10.5	16.6	85.7	-24.2	-19.1	-97
2021-05-12	3566073	90505	16484	126	90685	815	42954	1090	198	1.518	1092	9.82	16.2	85.9	-23.7	-20.0	-96
2021-05-13	3575740	90579	9667	74	83184	748	43071	1091	116	0.891	1001	9.01	15.9	84.8	-22.2	-23.7	-95
2021-05-14	3583362	90661	7622	82	75326	678	43163	1092	91	0.988	907	8.17	15.6	83.3	-20.1	-28.5	-94
2021-05-15	3591953	90738	8591	77	71893	662	43266	1092	103	0.927	865	7.97	15.3	83.3	-18.4	-29.7	-93
2021-05-16	3596234	90785	4281	47	70850	644	43318	1093	51	0.566	853	7.76	15.5	82.8	-17.4	-29.9	-92
2021-05-17	3601514	90864	5280	79	68701	623	43381	1094	63	0.952	827	7.5	15.0	83.4	-16.8	-30.8	-91
2021-05-18	3613856	90950	12342	86	64267	571	43530	1095	148	1.036	774	6.88	14.5	84.7	-16.0	-32.4	-90
2021-05-19	3625154	91020	11298	70	59081	515	43666	1096	136	0.843	711	6.2	13.9	85.3	-15.0	-34.9	-89
2021-05-20	3633587	91079	8433	59	57847	500	43768	1097	101	0.711	696	6.02	13.4	85.1	-14.2	-30.5	-88
2021-05-21	3641171	91145	7584	66	57809	484	43859	1097	91	0.795	696	5.83	13.0	84.8	-13.8	-23.3	-87
2021-05-22	3646982	91187	5811	42	55029	449	43929	1098	69	0.506	662	5.41	12.6	83.9	-13.4	-23.5	-86
2021-05-23	3648981	91210	1999	23	52747	425	43953	1098	24	0.277	635	5.12	12.5	82.1	-13.5	-25.6	-85
2021-05-24	3650785	91234	1804	24	49271	370	43975	1098	21	0.289	593	4.46	12.2	81.5	-13.9	-28.3	-84
2021-05-25	3654456	91283	3671	49	40600	333	44019	1099	44	0.59	489	4.01	12.0	81.9	-13.8	-36.8	-83
2021-05-26	3661603	91342	7147	59	36449	322	44105	1100	86	0.711	439	3.88	11.3	83.6	-13.7	-38.3	-82
2021-05-27	3668423	91384	6820	42	34836	305	44187	1100	82	0.506	419	3.67	10.7	83.4	-13.2	-39.8	-81
2021-05-28	3673585	91418	5162	34	32414	273	44249	1101	62	0.41	390	3.29	10.2	83.2	-12.2	-43.9	-80
2021-05-29	3677272	91445	3687	27	30290	258	44294	1101	44	0.325	364	3.11	9.8	82.1	-11.2	-45.0	-79
2021-05-30	3678875	91462	1603	17	29894	252	44313	1101	19	0.205	360	3.04	9.6	81.1	-10.7	-43.3	-78
2021-05-31	3681322	91486	2447	24	30537	252	44343	1101	29	0.289	367	3.04	9.3	81.6	-10.6	-38.0	-77
2021-06-01	3686440	91510	5118	24	31984	227	44404	1102	61	0.289	385	2.73	8.6	82.8	-10.8	-21.2	-76
2021-06-02	3690933	91539	4493	29	29330	197	44458	1102	54	0.349	353	2.37	8.1	83.2	-10.6	-19.5	-75
2021-06-03	3693875	91557	2942	18	25452	173	44494	1102	35	0.217	306	2.08	7.7	82.9	-10.3	-26.9	-74
2021-06-04	3696148	91571	2273	14	22563	153	44521	1103	27	0.169	271	1.84	7.4	82.3	-10.5	-30.4	-73
2021-06-05	3698454	91586	2306	15	21182	141	44549	1103	27	0.181	255	1.7	7.2	81.9	-11.0	-30.1	-72
2021-06-06	3699578	91596	1124	10	20703	134	44562	1103	13	0.12	249	1.61	7.1	80.9	-12.1	-30.7	-71
2021-06-07	3701283	91608	1705	12	19961	122	44583	1103	20	0.145	240	1.47	6.8	80.9	-14.0	-34.6	-70
2021-06-08	3704817	91620	3534	12	18377	110	44626	1103	42	0.145	221	1.32	6.4	82.8	-14.2	-42.5	-69
2021-06-09	3707681	91629	2864	9	16748	90	44660	1103	34	0.108	201	1.08	6.0	83.1	-13.5	-42.9	-68
2021-06-10	3709953	91638	2272	9	16078	81	44687	1103	27	0.108	193	0.98	5.7	83.1	-12.8	-36.8	-67
2021-06-11	3711798	91649	1845	11	15650	78	44710	1103	22	0.132	188	0.94	5.4	83.0	-12.1	-30.6	-66
2021-06-12	3713099	91653	1301	4	14645	67	44725	1103	15	0.048	176	0.81	5.1	82.5	-11.0	-30.9	-65
2021-06-13	3713609	91660	510	7	14031	64	44731	1104	6	0.084	169	0.77	5.1	81.2	-10.2	-32.2	-64
2021-06-14	3714542	91671	933	11	13259	63	44743	1104	11	0.132	159	0.76	4.9	81.6	-10.0	-33.6	-63
2021-06-15	3716242	91680	1700	9	11425	60	44763	1104	20	0.108	137	0.72	4.6	82.8	-10.7	-37.8	-62
2021-06-16	3717683	91688	1441	8	10002	59	44781	1104	17	0.096	120	0.71	4.3	83.1	-11.3	-40.3	-61
2021-06-17	3718831	91695	1148	7	8878	57	44794	1104	13	0.084	106	0.69	4.1	82.9	-11.1	-44.8	-60
2021-06-18	3719855	91699	1024	4	8057	50	44807	1104	12	0.048	97	0.6	3.8	83.2	-10.4	-48.5	-59
2021-06-19	3720594	91699	739	0	7495	46	44816	1104	8	0.0	90	0.55	3.7	82.4	-9.6	-48.8	-58
2021-06-20	3720866	91701	272	2	7257	41	44819	1104	3	0.024	87	0.49	3.6	81.0	-9.2	-48.3	-57
2021-06-21	3721466	91705	600	4	6924	34	44826	1104	7	0.048	83	0.41	3.4	81.7	-9.0	-47.8	-56
2021-06-22	3722518	91714	1052	9	6276	34	44839	1104	12	0.108	75	0.41	3.2	83.4	-8.7	-45.1	-55
2021-06-23	3723415	91717	897	3	5732	29	44850	1104	10	0.036	69	0.35	3.1	83.8	-8.2	-42.7	-54
2021-06-24	3724236	91721	821	4	5405	26	44859	1104	9	0.048	65	0.31	3.0	83.4	-7.8	-39.1	-53
2021-06-25	3724973	91727	737	6	5118	28	44868	1104	8	0.072	61	0.34	2.8	83.3	-7.7	-36.5	-52
2021-06-26	3725456	91727	483	0	4862	28	44874	1104	5	0.0	58	0.34	2.8	82.2	-7.8	-35.1	-51
2021-06-27	3725678	91729	222	2	4812	28	44877	1104	2	0.024	57	0.34	2.7	81.0	-8.3	-33.7	-50
2021-06-28	3726185	91732	507	3	4719	27	44883	1104	6	0.036	56	0.33	2.7	81.1	-9.5	-31.8	-49
2021-06-29	3727080	91736	895	4	4562	22	44894	1104	10	0.048	54	0.26	2.5	82.6	-10.6	-27.3	-48
2021-06-30	3727937	91737	857	1	4522	20	44904	1105	10	0.012	54	0.24	2.3	82.7	-11.9	-21.1	-47
2021-07-01	3728638	91742	701	5	4402	21	44912	1105	8	0.06	53	0.25	2.3	82.4	-13.1	-18.6	-46
2021-07-02	3729306	91745	668	3	4333	18	44921	1105	8	0.036	52	0.22	2.2	82.5	-14.3	-15.3	-45
2021-07-03	3729815	91747	509	2	4359	20	44927	1105	6	0.024	52	0.24	2.1	81.4	-15.9	-10.3	-44
2021-07-04	3730022	91749	207	2	4344	20	44929	1105	2	0.024	52	0.24	2.1	80.2	-19.0	-9.7	-43
2021-07-05	3730569	91751	547	2	4384	19	44936	1105	6	0.024	52	0.23	2.0	80.1	-24.9	-7.1	-42
2021-07-06	3731624	91756	1055	5	4544	20	44948	1105	12	0.06	54	0.24	2.0	81.9	-34.5	-0.4	-41
2021-07-07	3732584	91759	960	3	4647	22	44960	1105	11	0.036	55	0.26	1.9	82.3		2.8	-40
2021-07-08	3733539	91760	955	1	4901	18	44971	1105	11	0.012	59	0.22	1.8	81.9		11.3	-39
2021-07-09	3734483	91767	944	7	5177	22	44983	1105	11	0.084	62	0.26	1.7	82.4		19.5	-38
2021-07-10	3735269	91771	786	4	5454	24	44992	1105	9	0.048	65	0.29	1.7	81.1		25.1	-37
2021-07-11	3735578	91771	309	0	5556	22	44996	1105	3	0.0	66	0.26	1.7	79.9		27.9	-36
2021-07-12	3736364	91775	786	4	5795	24	45006	1105	9	0.048	69	0.29	1.7	79.8	31.2	32.2	-35
2021-07-13	3738132	91778	1768	3	6508	22	45027	1105	21	0.036	78	0.26	1.6	82.0	22.7	43.2	-34
2021-07-14	3739755	91781	1623	3	7171	22	45046	1105	19	0.036	86	0.26	1.5	82.5	17.2	54.3	-33
2021-07-15	3741262	91783	1507	2	7723	23	45065	1105	18	0.024	93	0.28	1.5	82.6	14.0	57.6	-32
2021-07-16	3742874	91784	1612	1	8391	17	45084	1105	19	0.012	101	0.2	1.5	82.7	12.1	62.1	-31
2021-07-17	3744147	91788	1273	4	8878	17	45099	1105	15	0.048	106	0.2	1.4	81.7	11.1	62.8	-30
2021-07-18	3744642	91791	495	3	9064	20	45105	1105	5	0.036	109	0.24	1.4	80.3	10.8	63.1	-29
2021-07-19	3746068	91794	1426	3	9704	19	45122	1105	17	0.036	116	0.23	1.4	80.4	10.7	67.5	-28
2021-07-20	3748400	91799	2332	5	10268	21	45151	1105	28	0.06	123	0.25	1.4	82.2	10.7	57.8	-27
2021-07-21	3750681	91803	2281	4	10926	22	45178	1105	27	0.048	131	0.26	1.4	82.6	10.8	52.4	-26
2021-07-22	3752900	91807	2219	4	11638	24	45205	1105	26	0.048	140	0.29	1.4	82.3	10.8	50.7	-25
2021-07-23	3755006	91810	2106	3	12132	26	45230	1105	25	0.036	146	0.31	1.4	82.6	11.0	44.6	-24
2021-07-24	3756596	91816	1590	6	12449	28	45249	1105	19	0.072	149	0.34	1.4	81.7	11.5	40.2	-23
2021-07-25	3757234	91817	638	1	12592	26	45257	1105	7	0.012	151	0.31	1.5	80.5	12.6	38.9	-22
2021-07-26	3758898	91820	1664	3	12830	26	45277	1106	20	0.036	154	0.31	1.4	80.7	14.0	32.2	-21
2021-07-27	3761990	91826	3092	6	13590	27	45314	1106	37	0.072	163	0.33	1.4	82.1	15.1	32.4	-20
2021-07-28	3764821	91839	2831	13	14140	36	45348	1106	34	0.157	170	0.43	1.4	83.2	15.9	29.4	-19
2021-07-29	3767448	91844	2627	5	14548	37	45380	1106	31	0.06	175	0.45	1.4	82.8	16.8	25.0	-18
2021-07-30	3769961	91851	2513	7	14955	41	45410	1106	30	0.084	180	0.49	1.4	82.7	17.6	23.3	-17
2021-07-31	3771919	91856	1958	5	15323	40	45434	1106	23	0.06	184	0.48	1.4	81.9	18.6	23.1	-16
2021-08-01	3772697	91858	778	2	15463	41	45443	1106	9	0.024	186	0.49	1.4	80.9	20.3	22.8	-15
2021-08-02	3774796	91862	2099	4	15898	42	45468	1106	25	0.048	191	0.51	1.5	80.5	22.0	23.9	-14
2021-08-03	3778533	91866	3737	4	16543	40	45513	1106	45	0.048	199	0.48	1.5	82.0	23.2	21.7	-13
2021-08-04	3782082	91870	3549	4	17261	31	45556	1106	42	0.048	207	0.37	1.5	82.1	23.6	22.1	-12
2021-08-05	3785601	91871	3519	1	18153	27	45599	1106	42	0.012	218	0.33	1.5	82.1	22.8	24.8	-11
2021-08-06	3789106	91875	3505	4	19145	24	45641	1106	42	0.048	230	0.29	1.5	82.7	21.4	28.0	-10
2021-08-07	3791884	91880	2778	5	19965	24	45674	1106	33	0.06	240	0.29	1.6	82.3	20.3	30.3	-9
2021-08-08	3793019	91882	1135	2	20322	24	45688	1106	13	0.024	244	0.29	1.7	81.1	20.0	31.4	-8
2021-08-09	3795941	91884	2922	2	21145	22	45723	1106	35	0.024	254	0.26	1.8	81.0	19.9	33.0	-7
2021-08-10	3801475	91889	5534	5	22942	23	45790	1106	66	0.06	276	0.28	1.7	81.8	18.5	38.7	-6
2021-08-11	3807099	91891	5624	2	25017	21	45858	1106	67	0.024	301	0.25	1.8	82.4	16.5	44.9	-5
2021-08-12	3812455	91895	5356	4	26854	24	45922	1106	64	0.048	323	0.29	1.8	82.2	14.9	47.9	-4
2021-08-13	3818078	91897	5623	2	28972	22	45990	1106	67	0.024	348	0.26	1.9	82.4	13.4	51.3	-3
2021-08-14	3822495	91899	4417	2	30611	19	46043	1106	53	0.024	368	0.23	1.9	81.6	12.5	53.3	-2
2021-08-15	3824404	91899	1909	0	31385	17	46066	1106	22	0.0	378	0.2	2.0	80.6	12.2	54.4	-1
2021-08-16	3827051	91899	2647	0	31110	15	46098	1106	31	0.0	374	0.18	2.2	81.0	12.7	47.1	0
