Day	2016	2017	2018	2019	2020	2021	2016_roll	2017_roll	2018_roll	2019_roll	2020_roll	2021_roll	2016_2019_mean	2016_2019_mean_roll	2016_2019_roll_max	2016_2019_roll_min	Deaths_Covid_2020	Deaths_Covid_2020_roll
01.01.	2558	2912	2665	2639	2685	3549.0	2558.0	2912.0	2665.0	2639.0	2685.0	3549.0	2693.5	2693.5	2912.0	2558.0	0	0.0
02.01.	2422	3085	2760	2642	2809	3530.0	2490.0	2998.5	2712.5	2640.5	2747.0	3539.5	2727.25	2710.4	2998.5	2490.0	0	0.0
03.01.	2522	2923	2870	2610	2761	3413.0	2500.7	2973.3	2765.0	2630.3	2751.7	3497.3	2731.25	2717.3	2973.3	2500.7	0	0.0
04.01.	2743	2973	2865	2782	2765	3710.0	2561.2	2973.2	2790.0	2668.2	2755.0	3550.5	2840.75	2748.2	2973.2	2561.2	0	0.0
05.01.	2633	3055	2875	2818	2536	3554.0	2575.6	2989.6	2807.0	2698.2	2711.2	3551.2	2845.25	2767.6	2989.6	2575.6	0	0.0
06.01.	2578	2979	2763	2616	2685	3631.0	2576.0	2987.8	2799.7	2684.5	2706.8	3564.5	2734.0	2762.0	2987.8	2576.0	0	0.0
07.01.	2584	2949	2544	2749	2802	3571.0	2577.1	2982.3	2763.1	2693.7	2720.4	3565.4	2706.5	2754.1	2982.3	2577.1	0	0.0
08.01.	2765	2954	2659	2823	2832	3561.0	2606.7	2988.3	2762.3	2720.0	2741.4	3567.1	2800.25	2769.3	2988.3	2606.7	0	0.0
09.01.	2579	3088	2589	2758	2911	3448.0	2629.1	2988.7	2737.9	2736.6	2756.0	3555.4	2753.5	2773.1	2988.7	2629.1	0	0.0
10.01.	2585	3256	2805	2750	2886	3336.0	2638.1	3036.3	2728.6	2756.6	2773.9	3544.4	2849.0	2789.9	3036.3	2638.1	0	0.0
11.01.	2751	3213	2705	2796	2679	3554.0	2639.3	3070.6	2705.7	2758.6	2761.6	3522.1	2866.25	2793.5	3070.6	2639.3	0	0.0
12.01.	2627	3145	2731	2681	2613	3598.0	2638.4	3083.4	2685.1	2739.0	2772.6	3528.4	2796.0	2786.5	3083.4	2638.4	0	0.0
13.01.	2698	3240	2679	2613	2753	3517.0	2655.6	3120.7	2673.1	2738.6	2782.3	3512.1	2807.5	2797.0	3120.7	2655.6	0	0.0
14.01.	2581	3079	2602	2787	2826	3579.0	2655.1	3139.3	2681.4	2744.0	2785.7	3513.3	2762.25	2805.0	3139.3	2655.1	0	0.0
15.01.	2657	3049	2754	2800	2673	3604.0	2639.7	3152.9	2695.0	2740.7	2763.0	3519.4	2815.0	2807.1	3152.9	2639.7	0	0.0
16.01.	2627	3036	2849	2790	2832	3369.0	2646.6	3145.4	2732.1	2745.3	2751.7	3508.1	2825.5	2817.4	3145.4	2646.6	0	0.0
17.01.	2498	3011	2731	2786	2654	3247.0	2634.1	3110.4	2721.6	2750.4	2718.6	3495.4	2756.5	2804.1	3110.4	2634.1	0	0.0
18.01.	2624	2956	2831	2776	2656	3474.0	2616.0	3073.7	2739.6	2747.6	2715.3	3484.0	2796.75	2794.2	3073.7	2616.0	0	0.0
19.01.	2641	3077	2803	2610	2559	3516.0	2618.0	3064.0	2749.9	2737.4	2707.6	3472.3	2782.75	2792.3	3064.0	2618.0	0	0.0
20.01.	2640	3073	2645	2614	2603	3492.0	2609.7	3040.1	2745.0	2737.6	2686.1	3468.7	2743.0	2783.1	3040.1	2609.7	0	0.0
21.01.	2685	3120	2574	2693	2688	3545.0	2624.6	3046.0	2741.0	2724.1	2666.4	3463.9	2768.0	2783.9	3046.0	2624.6	0	0.0
22.01.	2668	2963	2763	2742	2684	3566.0	2626.1	3033.7	2742.3	2715.9	2668.0	3458.4	2784.0	2779.5	3033.7	2626.1	0	0.0
23.01.	2688	3151	2761	2865	2723	3304.0	2634.9	3050.1	2729.7	2726.6	2652.4	3449.1	2866.25	2785.3	3050.1	2634.9	0	0.0
24.01.	2681	3226	2816	2835	2836	3157.0	2661.0	3080.9	2741.9	2733.6	2678.4	3436.3	2889.5	2804.3	3080.9	2661.0	0	0.0
25.01.	2777	3155	2796	2833	2654	3352.0	2682.9	3109.3	2736.9	2741.7	2678.1	3418.9	2890.25	2817.7	3109.3	2682.9	0	0.0
26.01.	2679	3196	2804	2797	2639	3300.0	2688.3	3126.3	2737.0	2768.4	2689.6	3388.0	2869.0	2830.0	3126.3	2688.3	0	0.0
27.01.	2691	3167	2640	2740	2810	3307.0	2695.6	3139.7	2736.3	2786.4	2719.1	3361.6	2809.5	2839.5	3139.7	2695.6	0	0.0
28.01.	2639	3114	2591	2904	2898	3287.0	2689.0	3138.9	2738.7	2816.6	2749.1	3324.7	2812.0	2845.8	3138.9	2689.0	0	0.0
29.01.	2755	3074	2897	2748	2844	3316.0	2701.4	3154.7	2757.9	2817.4	2772.0	3289.0	2868.5	2857.9	3154.7	2701.4	0	0.0
30.01.	2650	3404	2728	2729	2769	3077.0	2696.0	3190.9	2753.1	2798.0	2778.6	3256.6	2877.75	2859.5	3190.9	2696.0	0	0.0
31.01.	2516	3410	2878	2779	2915	2978.0	2672.4	3217.1	2762.0	2790.0	2789.9	3231.0	2895.75	2860.4	3217.1	2672.4	0	0.0
01.02.	2683	3290	2826	3012	2802	3195.0	2659.0	3236.4	2766.3	2815.6	2811.0	3208.6	2952.75	2869.3	3236.4	2659.0	0	0.0
02.02.	2745	3316	2811	2875	2736	3158.0	2668.4	3253.6	2767.3	2826.7	2824.9	3188.3	2936.75	2879.0	3253.6	2668.4	0	0.0
03.02.	2518	3535	2764	2765	2739	3261.0	2643.7	3306.1	2785.0	2830.3	2814.7	3181.7	2895.5	2891.3	3306.1	2643.7	0	0.0
04.02.	2579	3427	2654	2812	2895	3073.0	2635.1	3350.9	2794.0	2817.1	2814.3	3151.1	2868.0	2899.3	3350.9	2635.1	0	0.0
05.02.	2649	3258	2835	2890	2695	3037.0	2620.0	3377.1	2785.1	2837.4	2793.0	3111.3	2908.0	2904.9	3377.1	2620.0	0	0.0
06.02.	2700	3286	2784	2898	2597	3115.0	2627.1	3360.3	2793.1	2861.6	2768.4	3116.7	2917.0	2910.5	3360.3	2627.1	0	0.0
07.02.	2619	3337	2983	2882	2753	2867.0	2641.9	3349.9	2808.1	2876.3	2745.3	3100.9	2955.25	2919.0	3349.9	2641.9	0	0.0
08.02.	2663	3232	2887	2847	2721	3059.0	2639.0	3341.6	2816.9	2852.7	2733.7	3081.4	2907.25	2912.5	3341.6	2639.0	0	0.0
09.02.	2640	3217	2871	2847	2638	3059.0	2624.0	3327.4	2825.4	2848.7	2719.7	3067.3	2893.75	2906.4	3327.4	2624.0	0	0.0
10.02.	2751	3360	2872	2805	2857	2980.0	2657.3	3302.4	2840.9	2854.4	2736.6	3027.1	2947.0	2913.8	3302.4	2657.3	0	0.0
11.02.	2594	3168	2854	2853	2836	2989.0	2659.4	3265.4	2869.4	2860.3	2728.1	3015.1	2867.25	2913.6	3265.4	2659.4	0	0.0
12.02.	2620	3144	3012	2860	2790	3133.0	2655.3	3249.1	2894.7	2856.0	2741.7	3028.9	2909.0	2913.8	3249.1	2655.3	0	0.0
13.02.	2701	3298	3041	2890	2802	2955.0	2655.4	3250.9	2931.4	2854.9	2771.0	3006.0	2982.5	2923.1	3250.9	2655.4	0	0.0
14.02.	2572	3222	2965	2910	2793	2722.0	2648.7	3234.4	2928.9	2858.9	2776.7	2985.3	2917.25	2917.7	3234.4	2648.7	0	0.0
15.02.	2643	3292	3031	2977	2809	2988.0	2645.9	3243.0	2949.4	2877.4	2789.3	2975.1	2985.75	2928.9	3243.0	2645.9	0	0.0
16.02.	2506	3342	3105	2844	2761	3126.0	2626.7	3260.9	2982.9	2877.0	2806.9	2984.7	2949.25	2936.9	3260.9	2626.7	0	0.0
17.02.	2671	3268	3000	2816	2817	2984.0	2615.3	3247.7	3001.1	2878.6	2801.1	2985.3	2938.75	2935.7	3247.7	2615.3	0	0.0
18.02.	2673	3209	3100	2990	2662	2912.0	2626.6	3253.6	3036.3	2898.1	2776.3	2974.3	2993.0	2953.6	3253.6	2626.6	0	0.0
19.02.	2730	3052	3201	2876	2738	2901.0	2642.3	3240.4	3063.3	2900.4	2768.9	2941.1	2964.75	2961.6	3240.4	2642.3	0	0.0
20.02.	2661	3314	3237	3000	2728	2789.0	2636.6	3242.7	3091.3	2916.1	2758.3	2917.4	3053.0	2971.7	3242.7	2636.6	1	0.1
21.02.	2599	3221	3284	2963	2676	2738.0	2640.4	3242.6	3136.9	2923.7	2741.6	2919.7	3016.75	2985.9	3242.6	2640.4	0	0.1
22.02.	2706	3307	3291	2986	2677	2796.0	2649.4	3244.7	3174.0	2925.0	2722.7	2892.3	3072.5	2998.3	3244.7	2649.4	0	0.1
23.02.	2684	3350	3378	2792	2655	2754.0	2674.9	3245.9	3213.0	2917.6	2707.6	2839.1	3051.0	3012.8	3245.9	2674.9	0	0.1
24.02.	2618	3104	3269	2742	2775	2769.0	2667.3	3222.4	3251.4	2907.0	2701.6	2808.4	2933.25	3012.0	3251.4	2667.3	0	0.1
25.02.	2658	3025	3228	2970	2805	2780.0	2665.1	3196.1	3269.7	2904.1	2722.0	2789.6	2970.25	3008.8	3269.7	2665.1	0	0.1
26.02.	2703	2945	3457	2977	2792	2677.0	2661.3	3180.9	3306.3	2918.6	2729.7	2757.6	3020.5	3016.8	3306.3	2661.3	0	0.1
27.02.	2585	3131	3469	2939	2741	2640.0	2650.4	3154.7	3339.4	2909.9	2731.6	2736.3	3031.0	3013.6	3339.4	2650.4	0	0.0
28.02.	2521	2999	3590	2991	2911	2499.0	2639.3	3123.0	3383.1	2913.9	2765.1	2702.1	3025.25	3014.8	3383.1	2639.3	0	0.0
01.03.	2693	3121	3713	3100	2652	2707.0	2637.4	3096.4	3443.4	2930.1	2761.6	2689.4	3156.75	3026.9	3443.4	2637.4	0	0.0
02.03.	2794	2990	3703	2955	2854	2665.0	2653.1	3045.0	3489.9	2953.4	2790.0	2676.7	3110.5	3035.4	3489.9	2653.1	0	0.0
03.03.	2730	2944	3863	2858	2898	2665.0	2669.1	3022.1	3574.7	2970.0	2807.6	2661.9	3098.75	3059.0	3574.7	2669.1	0	0.0
04.03.	2803	2960	3740	2909	2797	2732.0	2689.9	3012.9	3647.9	2961.3	2806.4	2655.0	3103.0	3078.0	3647.9	2689.9	0	0.0
05.03.	2654	2785	3932	2978	2786	2685.0	2682.9	2990.0	3715.7	2961.4	2805.6	2656.1	3087.25	3087.5	3715.7	2682.9	2	0.3
06.03.	2625	2907	3881	3006	2910	2480.0	2688.6	2958.0	3774.6	2971.0	2829.7	2633.3	3104.75	3098.0	3774.6	2688.6	1	0.4
07.03.	2690	2724	3881	3046	2707	2479.0	2712.7	2918.7	3816.1	2978.9	2800.6	2630.4	3085.25	3106.6	3816.1	2712.7	4	1.0
08.03.	2754	2695	3722	2981	2715	2739.0	2721.4	2857.9	3817.4	2961.9	2809.6	2635.0	3038.0	3089.6	3817.4	2721.4	4	1.6
09.03.	2769	2758	3876	2810	2880	2733.0	2717.9	2824.7	3842.1	2941.1	2813.3	2644.7	3053.25	3081.5	3842.1	2717.9	1	1.7
10.03.	2682	2789	3749	2723	2878	2601.0	2711.0	2802.6	3825.9	2921.9	2810.4	2635.6	2985.75	3065.3	3825.9	2711.0	7	2.7
11.03.	2714	2659	3736	2743	2885	2673.0	2698.3	2759.6	3825.3	2898.1	2823.0	2627.1	2963.0	3045.3	3825.3	2698.3	4	3.3
12.03.	2613	2570	3741	2857	2846	2653.0	2692.4	2728.9	3798.0	2880.9	2831.6	2622.6	2945.25	3025.0	3798.0	2692.4	10	4.4
13.03.	2666	2680	3585	2878	2822	2674.0	2698.3	2696.4	3755.7	2862.6	2819.0	2650.3	2952.25	3003.2	3755.7	2696.4	12	6.0
14.03.	2727	2685	3522	2864	2795	2503.0	2703.6	2690.9	3704.4	2836.6	2831.6	2653.7	2949.5	2983.9	3704.4	2690.9	16	7.7
15.03.	2715	2662	3494	2882	2743	2744.0	2698.0	2686.1	3671.9	2822.4	2835.6	2654.4	2938.25	2969.6	3671.9	2686.1	20	10.0
16.03.	2686	2654	3524	2859	2918	2608.0	2686.1	2671.3	3621.6	2829.4	2841.0	2636.6	2930.75	2952.1	3621.6	2671.3	15	12.0
17.03.	2813	2667	3295	2712	2860	2622.0	2704.9	2653.9	3556.7	2827.9	2838.4	2639.6	2871.75	2935.8	3556.7	2653.9	35	16.0
18.03.	2711	2671	3224	2701	2937	2648.0	2704.4	2655.6	3483.6	2821.9	2845.9	2636.0	2826.75	2916.4	3483.6	2655.6	44	21.7
19.03.	2691	2646	3305	2651	2808	2693.0	2715.6	2666.4	3421.3	2792.4	2840.4	2641.7	2823.25	2898.9	3421.3	2666.4	63	29.3
20.03.	2628	2627	3309	2749	2866	2485.0	2710.1	2658.9	3381.9	2774.0	2846.7	2614.7	2828.25	2881.2	3381.9	2658.9	64	36.7
21.03.	2788	2604	3320	2768	2756	2497.0	2718.9	2647.3	3353.0	2760.3	2841.1	2613.9	2870.0	2869.9	3353.0	2647.3	96	48.1
22.03.	2748	2557	3269	2806	2577	2691.0	2723.6	2632.3	3320.9	2749.4	2817.4	2606.3	2845.0	2856.5	3320.9	2632.3	95	58.9
23.03.	2811	2572	3388	2730	2678	2574.0	2741.4	2620.6	3301.4	2731.0	2783.1	2601.4	2875.25	2848.6	3301.4	2620.6	79	68.0
24.03.	2660	2617	3249	2611	2731	2734.0	2719.6	2613.4	3294.9	2716.6	2764.7	2617.4	2784.25	2836.1	3294.9	2613.4	131	81.7
25.03.	2676	2501	2937	2614	2921	2744.0	2714.6	2589.1	3253.9	2704.1	2762.4	2631.1	2682.0	2815.4	3253.9	2589.1	168	99.4
26.03.	2656	2162	3086	2654	2832	2756.0	2709.6	2520.0	3222.6	2704.6	2765.9	2640.1	2639.5	2789.2	3222.6	2520.0	217	121.4
27.03.	2487	2548	3059	2683	2954	2526.0	2689.4	2508.7	3186.9	2695.1	2778.4	2646.0	2694.25	2770.0	3186.9	2508.7	267	150.4
28.03.	2551	2514	3192	2670	2934	2326.0	2655.6	2495.9	3168.6	2681.1	2803.9	2621.6	2731.75	2750.3	3168.6	2495.9	264	174.4
29.03.	2757	2573	2990	2809	2628	2592.0	2656.9	2498.1	3128.7	2681.6	2811.1	2607.4	2782.25	2741.3	3128.7	2498.1	248	196.3
30.03.	2668	2505	2902	2670	2876	2717.0	2636.4	2488.6	3059.3	2673.0	2839.4	2627.9	2686.25	2714.3	3059.3	2488.6	166	208.7
31.03.	2708	2587	2917	2462	2952	2694.0	2643.3	2484.3	3011.9	2651.7	2871.0	2622.1	2668.5	2697.8	3011.9	2484.3	267	228.1
01.04.	2675	2527	2760	2653	2975	2798.0	2643.1	2488.0	2986.6	2657.3	2878.7	2629.9	2653.75	2693.8	2986.6	2488.0	382	258.7
02.04.	2637	2477	2759	2695	3070	2603.0	2640.4	2533.0	2939.9	2663.1	2912.7	2608.0	2642.0	2694.1	2939.9	2533.0	376	281.4
03.04.	2621	2498	3002	2754	2981	2498.0	2659.6	2525.9	2931.7	2673.3	2916.6	2604.0	2718.75	2697.6	2931.7	2525.9	417	302.9
04.04.	2695	2418	2997	2790	2946	2559.0	2680.1	2512.1	2903.9	2690.4	2918.3	2637.3	2725.0	2696.6	2903.9	2512.1	396	321.7
05.04.	2707	2519	2909	2682	2862	2643.0	2673.0	2504.4	2892.3	2672.3	2951.7	2644.6	2704.25	2685.5	2892.3	2504.4	244	321.1
06.04.	2650	2370	2784	2645	3041	2709.0	2670.4	2485.1	2875.4	2668.7	2975.3	2643.4	2612.25	2674.9	2875.4	2485.1	184	323.7
07.04.	2584	2465	2787	2452	3048	2697.0	2652.7	2467.7	2856.9	2667.3	2989.0	2643.9	2572.0	2661.1	2856.9	2467.7	291	327.1
08.04.	2653	2417	2800	2670	3163	2669.0	2649.6	2452.0	2862.6	2669.7	3015.9	2625.4	2635.0	2658.5	2862.6	2452.0	340	321.1
09.04.	2532	2341	2810	2542	2967	2772.0	2634.6	2432.6	2869.9	2647.9	3001.1	2649.6	2556.25	2646.2	2869.9	2432.6	342	316.3
10.04.	2423	2483	2918	2628	2747	2705.0	2606.3	2430.4	2857.9	2629.9	2967.7	2679.1	2613.0	2631.1	2857.9	2430.4	326	303.3
11.04.	2546	2398	2780	2543	2790	2575.0	2585.0	2427.6	2826.9	2594.6	2945.4	2681.4	2566.75	2608.5	2826.9	2427.6	208	276.4
12.04.	2618	2474	2799	2513	2746	2785.0	2572.3	2421.1	2811.1	2570.4	2928.9	2701.7	2601.0	2593.8	2811.1	2421.1	201	270.3
13.04.	2621	2486	2736	2537	2678	2754.0	2568.1	2437.7	2804.3	2555.0	2877.0	2708.1	2595.0	2591.3	2804.3	2437.7	167	267.9
14.04.	2518	2375	2578	2419	2727	2686.0	2558.7	2424.9	2774.4	2550.3	2831.1	2706.6	2472.5	2577.1	2774.4	2424.9	162	249.4
15.04.	2544	2411	2544	2671	2735	2753.0	2543.1	2424.0	2737.9	2550.4	2770.0	2718.6	2542.5	2563.9	2737.9	2424.0	219	232.1
16.04.	2471	2274	2600	2580	2820	2774.0	2534.4	2414.4	2707.9	2555.9	2749.0	2718.9	2481.25	2553.1	2707.9	2414.4	231	216.3
17.04.	2394	2290	2624	2629	2917	2678.0	2530.3	2386.9	2665.9	2556.0	2773.3	2715.0	2484.25	2534.8	2665.9	2386.9	191	197.0
18.04.	2370	2431	2542	2623	2718	2587.0	2505.1	2391.6	2631.9	2567.4	2763.0	2716.7	2491.5	2524.0	2631.9	2391.6	175	192.3
19.04.	2351	2304	2547	2594	2666	2860.0	2467.0	2367.3	2595.9	2579.0	2751.6	2727.4	2449.0	2502.3	2595.9	2367.3	123	181.1
20.04.	2425	2387	2696	2504	2650	2794.0	2439.0	2353.1	2590.1	2574.3	2747.6	2733.1	2503.0	2489.1	2590.1	2353.1	119	174.3
21.04.	2422	2404	2479	2488	2735	2803.0	2425.3	2357.3	2576.0	2584.1	2748.7	2749.9	2448.25	2485.7	2584.1	2357.3	150	172.6
22.04.	2466	2428	2504	2435	2699	2680.0	2414.1	2359.7	2570.3	2550.4	2743.6	2739.4	2458.25	2473.6	2570.3	2359.7	139	161.1
23.04.	2428	2393	2512	2714	2745	2819.0	2408.0	2376.7	2557.7	2569.6	2732.9	2745.9	2511.75	2478.0	2569.6	2376.7	126	146.1
24.04.	2313	2499	2510	2704	2734	2713.0	2396.4	2406.6	2541.4	2580.3	2706.7	2750.9	2506.5	2481.2	2580.3	2396.4	117	135.6
25.04.	2423	2523	2508	2675	2542	2517.0	2404.0	2419.7	2536.6	2587.7	2681.6	2740.9	2532.25	2487.0	2587.7	2404.0	84	122.6
26.04.	2437	2544	2369	2594	2452	2713.0	2416.3	2454.0	2511.1	2587.7	2651.0	2719.9	2486.0	2492.3	2587.7	2416.3	80	116.4
27.04.	2502	2558	2380	2439	2624	2866.0	2427.3	2478.4	2466.0	2578.4	2647.3	2730.1	2469.75	2487.5	2578.4	2427.3	30	103.7
28.04.	2413	2606	2486	2333	2577	2804.0	2426.0	2507.3	2467.0	2556.3	2624.7	2730.3	2459.5	2489.1	2556.3	2426.0	75	93.0
29.04.	2379	2475	2328	2393	2767	2818.0	2413.6	2514.0	2441.9	2550.3	2634.4	2750.0	2393.75	2479.9	2550.3	2413.6	83	85.0
30.04.	2497	2429	2491	2511	2708	2834.0	2423.4	2519.1	2438.9	2521.3	2629.1	2752.1	2482.0	2475.7	2521.3	2423.4	58	75.3
01.05.	2402	2391	2459	2456	2496	2796.0	2436.1	2503.7	2431.6	2485.9	2595.1	2764.0	2427.0	2464.3	2503.7	2431.6	71	68.7
02.05.	2491	2508	2399	2445	2434	2608.0	2445.9	2501.6	2416.0	2453.0	2579.7	2777.0	2460.75	2454.1	2501.6	2416.0	48	63.6
03.05.	2396	2459	2392	2536	2314	2721.0	2440.0	2489.4	2419.3	2444.7	2560.0	2778.1	2445.75	2448.4	2489.4	2419.3	36	57.3
04.05.	2413	2496	2397	2464	2511	2741.0	2427.3	2480.6	2421.7	2448.3	2543.9	2760.3	2442.5	2444.5	2480.6	2421.7	16	55.3
05.05.	2226	2472	2454	2285	2509	2877.0	2400.6	2461.4	2417.1	2441.4	2534.1	2770.7	2359.25	2430.1	2461.4	2400.6	41	50.4
06.05.	2505	2431	2197	2428	2556	2707.0	2418.6	2455.1	2398.4	2446.4	2504.0	2754.9	2390.25	2429.6	2455.1	2398.4	45	45.0
07.05.	2503	2372	2422	2369	2534	2758.0	2419.4	2447.0	2388.6	2426.1	2479.1	2744.0	2416.5	2420.3	2447.0	2388.6	40	42.4
08.05.	2367	2460	2574	2519	2568	2646.0	2414.4	2456.9	2405.0	2435.1	2489.4	2722.6	2480.0	2427.9	2456.9	2405.0	49	39.3
09.05.	2552	2324	2646	2563	2556	2806.0	2423.1	2430.6	2440.3	2452.0	2506.9	2750.9	2521.25	2436.5	2452.0	2423.1	45	38.9
10.05.	2648	2455	2466	2561	2417	2904.0	2459.1	2430.0	2450.9	2455.6	2521.6	2777.0	2532.5	2448.9	2459.1	2430.0	23	37.0
11.05.	2600	2510	2387	2431	2461	2952.0	2485.9	2432.0	2449.4	2450.9	2514.4	2807.1	2482.0	2454.5	2485.9	2432.0	14	36.7
12.05.	2573	2588	2406	2247	2453	2597.0	2535.4	2448.6	2442.6	2445.4	2506.4	2767.1	2453.5	2468.0	2535.4	2442.6	26	34.6
13.05.	2562	2515	2325	2431	2515	2495.0	2543.6	2460.6	2460.9	2445.9	2500.6	2736.9	2458.25	2477.7	2543.6	2445.9	32	32.7
14.05.	2399	2491	2483	2459	2420	2678.0	2528.7	2477.6	2469.6	2458.7	2484.3	2725.4	2458.0	2483.6	2528.7	2458.7	27	30.9
15.05.	2295	2353	2483	2374	2465	2518.0	2518.4	2462.3	2456.6	2438.0	2469.6	2707.1	2376.25	2468.8	2518.4	2438.0	20	26.7
16.05.	2278	2475	2345	2508	2333	2394.0	2479.3	2483.9	2413.6	2430.1	2437.7	2648.3	2401.5	2451.7	2483.9	2413.6	31	24.7
17.05.	2340	2625	2362	2575	2354	2585.0	2435.3	2508.1	2398.7	2432.1	2428.7	2602.7	2475.5	2443.6	2508.1	2398.7	20	24.3
18.05.	2332	2593	2272	2559	2493	2506.0	2397.0	2520.0	2382.3	2450.4	2433.3	2539.0	2439.0	2437.4	2520.0	2382.3	8	23.4
19.05.	2442	2515	2363	2409	2527	2536.0	2378.3	2509.6	2376.1	2473.6	2443.9	2530.3	2432.25	2434.4	2509.6	2376.1	23	23.0
20.05.	2410	2342	2180	2533	2602	2550.0	2356.6	2484.9	2355.4	2488.1	2456.3	2538.1	2366.25	2421.2	2488.1	2355.4	27	22.3
21.05.	2401	2176	2184	2561	2410	2639.0	2356.9	2439.9	2312.7	2502.7	2454.9	2532.6	2330.5	2403.0	2502.7	2312.7	23	21.7
22.05.	2398	2346	2370	2425	2473	2525.0	2371.6	2438.9	2296.6	2510.0	2456.0	2533.6	2384.75	2404.2	2510.0	2296.6	7	19.9
23.05.	2407	2399	2462	2414	2381	2384.0	2390.0	2428.0	2313.3	2496.6	2462.9	2532.1	2420.5	2407.0	2496.6	2313.3	16	17.7
24.05.	2344	2392	2346	2538	2277	2390.0	2390.6	2394.7	2311.0	2491.3	2451.9	2504.3	2405.0	2396.9	2491.3	2311.0	11	16.4
25.05.	2402	2231	2478	2335	2428	2537.0	2400.6	2343.0	2340.4	2459.3	2442.6	2508.7	2361.5	2385.8	2459.3	2340.4	5	16.0
26.05.	2194	2442	2361	2274	2421	2451.0	2365.1	2332.6	2340.1	2440.0	2427.4	2496.6	2317.75	2369.5	2440.0	2332.6	13	14.6
27.05.	2346	2304	2312	2471	2427	2531.0	2356.0	2327.1	2359.0	2431.1	2402.4	2493.9	2358.25	2368.3	2431.1	2327.1	15	12.9
28.05.	2309	2337	2577	2356	2478	2431.0	2342.9	2350.1	2415.1	2401.9	2412.1	2464.1	2394.75	2377.5	2415.1	2342.9	12	11.3
29.05.	2284	2655	2600	2410	2411	2391.0	2326.6	2394.3	2448.0	2399.7	2403.3	2445.0	2487.25	2392.1	2448.0	2326.6	9	11.6
30.05.	2361	2534	2547	2290	2383	2349.0	2320.0	2413.6	2460.1	2382.0	2403.6	2440.0	2433.0	2393.9	2460.1	2320.0	8	10.4
31.05.	2345	2492	2399	2443	2228	2521.0	2320.1	2427.9	2467.7	2368.4	2396.6	2458.7	2419.75	2396.0	2467.7	2320.1	4	9.4
01.06.	2369	2326	2452	2460	2316	2553.0	2315.4	2441.4	2464.0	2386.3	2380.6	2461.0	2401.75	2401.8	2464.0	2315.4	3	9.1
02.06.	2416	2368	2296	2491	2537	2622.0	2347.1	2430.9	2454.7	2417.3	2397.1	2485.4	2392.75	2412.5	2454.7	2347.1	5	8.0
03.06.	2349	2306	2168	2574	2591	2632.0	2347.6	2431.1	2434.1	2432.0	2420.6	2499.9	2349.25	2411.2	2434.1	2347.6	8	7.0
04.06.	2338	2221	2356	2685	2694	2788.0	2351.7	2414.6	2402.6	2479.0	2451.4	2550.9	2400.0	2412.0	2479.0	2351.7	11	6.9
05.06.	2168	2137	2431	2754	2492	2644.0	2335.1	2340.6	2378.4	2528.1	2463.0	2587.0	2372.5	2395.6	2528.1	2335.1	7	6.6
06.06.	2378	2324	2358	2512	2372	2317.0	2337.6	2310.6	2351.4	2559.9	2461.4	2582.4	2393.0	2389.9	2559.9	2310.6	5	6.1
07.06.	2334	2273	2401	2331	2260	2518.0	2336.0	2279.3	2351.7	2543.9	2466.0	2582.0	2334.75	2377.7	2543.9	2279.3	5	6.3
08.06.	2355	2260	2481	2375	2311	2462.0	2334.0	2269.9	2355.9	2531.7	2465.3	2569.0	2367.75	2372.9	2531.7	2269.9	4	6.4
09.06.	2177	2385	2373	2260	2321	2562.0	2299.9	2272.3	2366.9	2498.7	2434.4	2560.4	2298.75	2359.4	2498.7	2272.3	3	6.1
10.06.	2265	2261	2314	2259	2382	2521.0	2287.9	2265.9	2387.7	2453.7	2404.6	2544.6	2274.75	2348.8	2453.7	2265.9	1	5.1
11.06.	2121	2206	2317	2394	2318	2532.0	2256.9	2263.7	2382.1	2412.1	2350.9	2508.0	2259.5	2328.7	2412.1	2256.9	10	5.0
12.06.	2169	2407	2196	2403	2521	2518.0	2257.0	2302.3	2348.6	2362.0	2355.0	2490.0	2293.75	2317.5	2362.0	2257.0	1	4.1
13.06.	2293	2302	2178	2317	2445	2200.0	2244.9	2299.1	2322.9	2334.1	2365.4	2473.3	2272.5	2300.2	2334.1	2244.9	11	5.0
14.06.	2288	2247	2212	2454	2303	2381.0	2238.3	2295.4	2295.9	2351.7	2371.6	2453.7	2300.25	2295.3	2351.7	2238.3	1	4.4
15.06.	2259	2394	2265	2405	2311	2520.0	2224.6	2314.6	2265.0	2356.0	2371.6	2462.0	2330.75	2290.0	2356.0	2224.6	6	4.7
16.06.	2370	2302	2307	2252	2401	2561.0	2252.1	2302.7	2255.6	2354.9	2383.0	2461.9	2307.75	2291.3	2354.9	2252.1	4	4.9
17.06.	2208	2171	2107	2288	2394	2747.0	2244.0	2289.9	2226.0	2359.0	2384.7	2494.1	2193.5	2279.7	2359.0	2226.0	11	6.3
18.06.	2186	2264	2273	2510	2384	2966.0	2253.3	2298.1	2219.7	2375.6	2394.1	2556.1	2308.25	2286.7	2375.6	2219.7	7	5.9
19.06.	2113	2335	2333	2656	2369	2941.0	2245.3	2287.9	2239.3	2411.7	2372.4	2616.6	2359.25	2296.0	2411.7	2239.3	3	6.1
20.06.	2314	2470	2348	2417	2350	2821.0	2248.3	2311.9	2263.6	2426.0	2358.9	2705.3	2387.25	2312.4	2426.0	2248.3	9	5.9
21.06.	2346	2342	2410	2332	2192	2746.0	2256.6	2325.4	2291.9	2408.6	2343.0	2757.4	2357.5	2320.6	2408.6	2256.6	4	6.3
22.06.	2506	2545	2191	2222	2474	2483.0	2291.9	2347.0	2281.3	2382.4	2366.3	2752.1	2366.0	2325.6	2382.4	2281.3	3	5.9
23.06.	2475	2551	2118	2214	2453	2411.0	2306.9	2382.6	2254.3	2377.0	2373.7	2730.7	2339.5	2330.2	2382.6	2254.3	1	5.4
24.06.	2712	2316	2170	2476	2379	2411.0	2378.9	2403.3	2263.3	2403.9	2371.6	2682.7	2418.5	2362.3	2403.9	2263.3	7	4.9
25.06.	2492	2260	2319	2648	2456	2334.0	2422.6	2402.7	2269.9	2423.6	2381.9	2592.4	2429.75	2379.7	2423.6	2269.9	2	4.1
26.06.	2065	2361	2356	2871	2552	2388.0	2415.7	2406.4	2273.1	2454.3	2408.0	2513.4	2413.25	2387.4	2454.3	2273.1	5	4.4
27.06.	2191	2281	2277	2680	2599	2292.0	2398.1	2379.4	2263.0	2491.9	2443.6	2437.9	2357.25	2383.1	2491.9	2263.0	7	4.1
28.06.	2302	2392	2442	2383	2380	2540.0	2391.9	2386.6	2267.6	2499.1	2470.4	2408.4	2379.75	2386.3	2499.1	2267.6	2	3.9
29.06.	2348	2355	2480	2359	2305	2446.0	2369.3	2359.4	2308.9	2518.7	2446.3	2403.1	2385.5	2389.1	2518.7	2308.9	0	3.4
30.06.	2279	2282	2399	2501	2297	2401.0	2341.3	2321.0	2349.0	2559.7	2424.0	2401.7	2365.25	2392.8	2559.7	2321.0	4	3.9
01.07.	2431	2218	2296	2616	2457	2319.0	2301.1	2307.0	2367.0	2579.7	2435.1	2388.6	2390.25	2388.7	2579.7	2301.1	1	3.0
02.07.	2145	2187	2229	2325	2424	2422.0	2251.6	2296.6	2354.1	2533.6	2430.6	2401.1	2221.5	2359.0	2533.6	2251.6	5	3.4
03.07.	2003	2309	2437	2305	2356	2396.0	2242.7	2289.1	2365.7	2452.7	2402.6	2402.3	2263.5	2337.6	2452.7	2242.7	4	3.3
04.07.	2298	2223	2423	2347	2275	2317.0	2258.0	2280.9	2386.6	2405.1	2356.3	2405.9	2322.75	2332.6	2405.1	2258.0	6	3.1
05.07.	2368	2366	2575	2438	2343	2381.0	2267.4	2277.1	2405.6	2413.0	2351.0	2383.1	2436.75	2340.8	2413.0	2267.4	2	3.1
06.07.	2231	2345	2428	2338	2399	2439.0	2250.7	2275.7	2398.1	2410.0	2364.4	2382.1	2335.5	2333.6	2410.0	2250.7	4	3.7
07.07.	2261	2523	2259	2183	2321	2424.0	2248.1	2310.1	2378.1	2364.6	2367.9	2385.4	2306.5	2325.2	2378.1	2248.1	6	4.0
08.07.	2455	2395	2271	2183	2253	2484.0	2251.6	2335.4	2374.6	2302.7	2338.7	2409.0	2326.0	2316.1	2374.6	2251.6	4	4.4
09.07.	2284	2263	2381	2284	2391	2360.0	2271.4	2346.3	2396.3	2296.9	2334.0	2400.1	2303.0	2327.7	2396.3	2271.4	6	4.6
10.07.	2332	2342	2317	2325	2430	2402.0	2318.4	2351.0	2379.1	2299.7	2344.6	2401.0	2329.0	2337.1	2379.1	2299.7	5	4.7
11.07.	2559	2373	2270	2423	2200	2304.0	2355.7	2372.4	2357.3	2310.6	2333.9	2399.1	2406.25	2349.0	2372.4	2310.6	3	4.3
12.07.	2435	2311	2404	2471	2148	2502.0	2365.3	2364.6	2332.9	2315.3	2306.0	2416.4	2405.25	2344.5	2365.3	2315.3	0	4.0
13.07.	2313	2138	2302	2355	2283	2592.0	2377.0	2335.0	2314.9	2317.7	2289.4	2438.3	2277.0	2336.1	2377.0	2314.9	1	3.6
14.07.	2216	2158	2192	2278	2430	2486.0	2370.6	2282.9	2305.3	2331.3	2305.0	2447.1	2211.0	2322.5	2370.6	2282.9	5	3.4
15.07.	2139	2180	2204	2306	2426	2531.0	2325.4	2252.1	2295.7	2348.9	2329.7	2453.9	2207.25	2305.5	2348.9	2252.1	2	3.1
16.07.	2225	2101	2452	2352	2364	2605.0	2317.0	2229.0	2305.9	2358.6	2325.9	2488.9	2282.5	2302.6	2358.6	2229.0	6	3.1
17.07.	2285	2246	2487	2340	2337	2405.0	2310.3	2215.3	2330.1	2360.7	2312.6	2489.3	2339.5	2304.1	2360.7	2215.3	7	3.4
18.07.	2294	2386	2348	2395	2329	2342.0	2272.4	2217.1	2341.3	2356.7	2331.0	2494.7	2355.75	2296.9	2356.7	2217.1	6	3.9
19.07.	2316	2384	2342	2573	2368	2513.0	2255.4	2227.6	2332.4	2371.3	2362.4	2496.3	2403.75	2296.7	2371.3	2227.6	0	3.9
20.07.	2441	2461	2453	2541	2445	2446.0	2273.7	2273.7	2354.0	2397.9	2385.6	2475.4	2474.0	2324.8	2397.9	2273.7	4	4.3
21.07.	2593	2406	2352	2349	2315	2358.0	2327.6	2309.1	2376.9	2408.0	2369.1	2457.1	2425.0	2355.4	2408.0	2309.1	4	4.1
22.07.	2659	2427	2268	2444	2317	2493.0	2401.9	2344.4	2386.0	2427.7	2353.6	2451.7	2449.5	2390.0	2427.7	2344.4	4	4.4
23.07.	2366	2279	2492	2447	2391	2546.0	2422.0	2369.9	2391.7	2441.3	2357.4	2443.3	2396.0	2406.2	2441.3	2369.9	9	4.9
24.07.	2316	2258	2422	2739	2526	2498.0	2426.4	2371.6	2382.4	2498.3	2384.4	2456.6	2433.75	2419.7	2498.3	2371.6	3	4.3
25.07.	2449	2248	2525	3006	2510	2562.0	2448.6	2351.9	2407.7	2585.6	2410.3	2488.0	2557.0	2448.4	2585.6	2351.9	10	4.9
26.07.	2345	2285	2674	3293	2383	2525.0	2452.7	2337.7	2455.1	2688.4	2412.4	2489.7	2649.25	2483.5	2688.4	2337.7	3	5.3
27.07.	2267	2317	2840	3056	2433	2498.0	2427.9	2317.1	2510.4	2762.0	2410.7	2497.1	2620.0	2504.4	2762.0	2317.1	0	4.7
28.07.	2313	2240	2885	2645	2599	2389.0	2387.9	2293.4	2586.6	2804.3	2451.3	2501.6	2520.75	2518.0	2804.3	2293.4	7	5.1
29.07.	2311	2354	2502	2579	2376	2394.0	2338.1	2283.0	2620.0	2823.6	2459.7	2487.4	2436.5	2516.2	2823.6	2283.0	5	5.3
30.07.	2250	2356	2731	2603	2361	2494.0	2321.6	2294.0	2654.1	2845.9	2455.4	2480.0	2485.0	2528.9	2845.9	2294.0	5	4.7
31.07.	2222	2332	2844	2387	2605	2428.0	2308.1	2304.6	2714.4	2795.6	2466.7	2470.0	2446.25	2530.7	2795.6	2304.6	5	5.0
01.08.	2197	2528	3005	2378	2590	2277.0	2272.1	2344.6	2783.0	2705.9	2478.1	2429.3	2527.0	2526.4	2783.0	2272.1	13	5.4
02.08.	2216	2394	2876	2483	2469	2413.0	2253.7	2360.1	2811.9	2590.1	2490.4	2413.3	2492.25	2504.0	2811.9	2253.7	1	5.1
03.08.	2305	2454	3053	2404	2408	2340.0	2259.1	2379.7	2842.3	2497.0	2486.9	2390.7	2554.0	2494.5	2842.3	2259.1	1	5.3
04.08.	2269	2374	3091	2200	2286	2402.0	2252.9	2398.9	2871.7	2433.4	2442.1	2392.6	2483.5	2489.2	2871.7	2252.9	8	5.4
05.08.	2202	2260	2771	2354	2389	2493.0	2237.3	2385.4	2910.1	2401.3	2444.0	2406.7	2396.75	2483.5	2910.1	2237.3	6	5.6
06.08.	2149	2152	2596	2453	2398	2519.0	2222.9	2356.3	2890.9	2379.9	2449.3	2410.3	2337.5	2462.5	2890.9	2222.9	3	5.3
07.08.	2101	2223	2878	2512	2543	2423.0	2205.6	2340.7	2895.7	2397.7	2440.4	2409.6	2428.5	2459.9	2895.7	2205.6	6	5.4
08.08.	2307	2414	2964	2258	2670	2246.0	2221.3	2324.4	2889.9	2380.6	2451.9	2405.1	2485.75	2454.0	2889.9	2221.3	5	4.3
09.08.	2134	2301	2896	2459	2776	2551.0	2209.6	2311.1	2892.7	2377.1	2495.7	2424.9	2447.5	2447.6	2892.7	2209.6	2	4.4
10.08.	2191	2261	2589	2374	2782	2444.0	2193.3	2283.6	2826.4	2372.9	2549.1	2439.7	2353.75	2419.0	2826.4	2193.3	2	4.6
11.08.	2107	2239	2321	2130	3043	2448.0	2170.1	2264.3	2716.4	2362.9	2657.3	2446.3	2199.25	2378.4	2716.4	2170.1	2	3.7
12.08.	2229	2172	2234	2278	3003	2422.0	2174.0	2251.7	2639.7	2352.0	2745.0	2436.1	2228.25	2354.4	2639.7	2174.0	2	3.1
13.08.	2327	2174	2557	2167	2883	2603.0	2199.4	2254.9	2634.1	2311.1	2814.3	2448.1	2306.25	2349.9	2634.1	2199.4	10	4.1
14.08.	2192	2292	2452	2208	2867	2530.0	2212.4	2264.7	2573.3	2267.7	2860.6	2463.4	2286.0	2329.5	2573.3	2212.4	2	3.6
15.08.	2394	2299	2307	2241	2654	2359.0	2224.9	2248.3	2479.4	2265.3	2858.3	2479.6	2310.25	2304.5	2479.4	2224.9	6	3.7
16.08.	2238	2469	2433	2395	2488	2792.0	2239.7	2272.3	2413.3	2256.1	2817.1	2514.0	2383.75	2295.4	2413.3	2239.7	4	4.0
17.08.	2375	2320	2433	2288	2494	2436.0	2266.0	2280.7	2391.0	2243.9	2776.0	2512.9	2354.0	2295.4	2391.0	2243.9	5	4.4
18.08.	2366	2414	2373	2357	2560	2435.0	2303.0	2305.7	2398.4	2276.3	2707.0	2511.0	2377.5	2320.9	2398.4	2276.3	8	5.3
19.08.	2324	2259	2335	2300	2553	2501.0	2316.6	2318.1	2412.9	2279.4	2642.7	2522.3	2304.5	2331.8	2412.9	2279.4	10	6.4
20.08.	2319	2095	2458	2291	2508	2460.0	2315.4	2306.9	2398.7	2297.1	2589.1	2501.9	2290.75	2329.5	2398.7	2297.1	1	5.1
21.08.	2242	2201	2397	2168	2683	2354.0	2322.6	2293.9	2390.9	2291.4	2562.9	2476.7	2252.0	2324.7	2390.9	2291.4	7	5.9
22.08.	2321	2206	2468	2250	2512	2354.0	2312.1	2280.6	2413.9	2292.7	2542.6	2476.0	2311.25	2324.8	2413.9	2280.6	3	5.4
23.08.	2330	2157	2575	2324	2249	2639.0	2325.3	2236.0	2434.1	2282.6	2508.4	2454.1	2346.5	2319.5	2434.1	2236.0	2	5.1
24.08.	2479	2391	2410	2390	2335	2350.0	2340.1	2246.1	2430.9	2297.1	2485.7	2441.9	2417.5	2328.6	2430.9	2246.1	0	4.4
25.08.	2479	2323	2212	2540	2418	2498.0	2356.3	2233.1	2407.9	2323.3	2465.4	2450.9	2388.5	2330.1	2407.9	2233.1	5	4.0
26.08.	2511	2377	2092	2589	2394	2489.0	2383.0	2250.0	2373.1	2364.6	2442.7	2449.1	2392.25	2342.7	2383.0	2250.0	2	2.9
27.08.	2487	2225	2317	2596	2278	2369.0	2407.0	2268.6	2353.0	2408.1	2409.9	2436.1	2406.25	2359.2	2408.1	2268.6	2	3.0
28.08.	2540	2282	2356	2646	2430	2343.0	2449.6	2280.1	2347.1	2476.4	2373.7	2434.6	2456.0	2388.3	2476.4	2280.1	1	2.1
29.08.	2441	2398	2311	2557	2485	2377.0	2466.7	2307.6	2324.7	2520.3	2369.9	2437.9	2426.75	2404.8	2520.3	2307.6	3	2.1
30.08.	2254	2484	2380	2456	2316	2637.0	2455.9	2354.3	2296.9	2539.1	2379.4	2437.6	2393.5	2411.5	2539.1	2296.9	2	2.1
31.08.	2269	2350	2230	2398	2278	2454.0	2425.9	2348.4	2271.1	2540.3	2371.3	2452.4	2311.75	2396.4	2540.3	2271.1	3	2.6
01.09.	2419	2205	2197	2395	2451	2511.0	2417.3	2331.6	2269.0	2519.6	2376.0	2454.3	2304.0	2384.4	2519.6	2269.0	4	2.4
02.09.	2294	2239	2209	2253	2409	2452.0	2386.3	2311.9	2285.7	2471.6	2378.1	2449.0	2248.75	2363.9	2471.6	2285.7	3	2.6
03.09.	2217	2106	2471	2244	2439	2524.0	2347.7	2294.9	2307.7	2421.3	2401.1	2471.1	2259.5	2342.9	2421.3	2294.9	3	2.7
04.09.	2207	2180	2427	2401	2477	2366.0	2300.1	2280.3	2317.9	2386.3	2407.9	2474.4	2303.75	2321.1	2386.3	2280.3	7	3.6
05.09.	2214	2231	2386	2356	2395	2286.0	2267.7	2256.4	2328.6	2357.6	2395.0	2461.4	2296.75	2302.6	2357.6	2256.4	7	4.1
06.09.	2299	2335	2379	2244	2340	2734.0	2274.1	2235.1	2328.4	2327.3	2398.4	2475.3	2314.25	2291.2	2328.4	2235.1	8	5.0
07.09.	2283	2233	2428	2227	2433	2762.0	2276.1	2218.4	2356.7	2302.9	2420.6	2519.3	2292.75	2288.5	2356.7	2218.4	4	5.1
08.09.	2398	2222	2153	2263	2429	2637.0	2273.1	2220.9	2350.4	2284.0	2417.4	2537.3	2259.0	2282.1	2350.4	2220.9	6	5.4
09.09.	2432	2314	2146	2384	2545	2918.0	2292.9	2231.6	2341.4	2302.7	2436.9	2603.9	2319.0	2292.1	2341.4	2231.6	19	7.7
10.09.	2229	2191	2281	2266	2502	2776.0	2294.6	2243.7	2314.3	2305.9	2445.9	2639.9	2241.75	2289.6	2314.3	2243.7	9	8.6
11.09.	2261	2341	2363	2299	2507	2547.0	2302.3	2266.7	2305.1	2291.3	2450.1	2665.7	2316.0	2291.4	2305.1	2266.7	6	8.4
12.09.	2337	2294	2449	2345	2437	2403.0	2319.9	2275.7	2314.1	2289.7	2456.1	2682.4	2356.25	2299.9	2319.9	2275.7	12	9.1
13.09.	2440	2334	2380	2405	2302		2340.0	2275.6	2314.3	2312.7	2450.7	2673.8	2389.75	2310.6	2340.0	2275.6	8	9.1
14.09.	2435	2304	2420	2349	2503		2361.7	2285.7	2313.1	2330.1	2460.7	2656.2	2377.0	2322.7	2361.7	2285.7	8	9.7
15.09.	2421	2284	2186	2255	2656		2365.0	2294.6	2317.9	2329.0	2493.1	2661.0	2286.5	2326.6	2365.0	2294.6	5	9.6
16.09.	2367	2330	2213	2363	2575		2355.7	2296.9	2327.4	2326.0	2497.4	2575.3	2318.25	2326.5	2355.7	2296.9	16	9.1
17.09.	2262	2259	2351	2392	2556		2360.4	2306.6	2337.4	2344.0	2505.1	2475.0	2316.0	2337.1	2360.4	2306.6	15	10.0
18.09.	2110	2271	2476	2359	2412		2338.9	2296.6	2353.6	2352.6	2491.6	2403.0	2304.0	2335.4	2353.6	2296.6	8	10.3
19.09.	2221	2382	2439	2336	2472		2322.3	2309.1	2352.1	2351.3	2496.6		2344.5	2333.7	2352.1	2309.1	15	10.7
20.09.	2234	2280	2553	2336	2381		2292.9	2301.4	2376.9	2341.4	2507.9		2350.75	2328.1	2376.9	2292.9	12	11.3
21.09.	2251	2420	2390	2384	2480		2266.6	2318.0	2372.6	2346.4	2504.6		2361.25	2325.9	2372.6	2266.6	10	11.6
22.09.	2185	2434	2153	2330	2495		2232.9	2339.4	2367.9	2357.1	2481.6		2275.5	2324.3	2367.9	2232.9	18	13.4
23.09.	2230	2392	2289	2558	2612		2213.3	2348.3	2378.7	2385.0	2486.9		2367.25	2331.3	2385.0	2213.3	15	13.3
24.09.	2301	2326	2308	2497	2523		2218.9	2357.9	2372.6	2400.0	2482.1		2358.0	2337.3	2400.0	2218.9	11	12.7
25.09.	2184	2379	2158	2610	2577		2229.4	2373.3	2327.1	2435.9	2505.7		2332.75	2341.4	2435.9	2229.4	18	14.1
26.09.	2328	2370	2315	2497	2423		2244.7	2371.6	2309.4	2458.9	2498.7		2377.5	2346.1	2458.9	2244.7	15	14.1
27.09.	2363	2428	2338	2527	2336		2263.1	2392.7	2278.7	2486.1	2492.3		2414.0	2355.2	2486.1	2263.1	26	16.1
28.09.	2266	2390	2369	2313	2481		2265.3	2388.4	2275.7	2476.0	2492.4		2334.5	2351.4	2476.0	2265.3	7	15.7
29.09.	2378	2490	2242	2400	2568		2292.9	2396.4	2288.4	2486.0	2502.9		2377.5	2365.9	2486.0	2288.4	19	15.9
30.09.	2471	2427	2239	2434	2527		2327.3	2401.4	2281.3	2468.3	2490.7		2392.75	2369.6	2468.3	2281.3	15	15.9
01.10.	2259	2263	2380	2517	2607		2321.3	2392.4	2291.6	2471.1	2502.7		2354.75	2369.1	2471.1	2291.6	16	16.6
02.10.	2271	2441	2394	2468	2537		2333.7	2401.3	2325.3	2450.9	2497.0		2393.5	2377.8	2450.9	2325.3	26	17.7
03.10.	2219	2342	2274	2341	2477		2318.1	2397.3	2319.4	2428.6	2504.7		2294.0	2365.9	2428.6	2318.1	25	19.1
04.10.	2307	2255	2390	2515	2417		2310.1	2372.6	2326.9	2426.9	2516.3		2366.75	2359.1	2426.9	2310.1	12	17.1
05.10.	2294	2470	2435	2382	2444		2314.1	2384.0	2336.3	2436.7	2511.0		2395.25	2367.8	2436.7	2314.1	9	17.4
06.10.	2429	2426	2466	2242	2537		2321.4	2374.9	2368.3	2414.1	2506.6		2390.75	2369.7	2414.1	2321.4	34	19.6
07.10.	2368	2404	2283	2397	2530		2306.7	2371.6	2374.6	2408.9	2507.0		2363.0	2365.4	2408.9	2306.7	27	21.3
08.10.	2443	2326	2338	2546	2504		2333.0	2380.6	2368.6	2413.0	2492.3		2413.25	2373.8	2413.0	2333.0	35	24.0
09.10.	2292	2424	2394	2598	2635		2336.0	2378.1	2368.6	2431.6	2506.3		2427.0	2378.6	2431.6	2336.0	42	26.3
10.10.	2403	2575	2475	2516	2548		2362.3	2411.4	2397.3	2456.6	2516.4		2492.25	2406.9	2456.6	2362.3	44	29.0
11.10.	2415	2465	2525	2477	2303		2377.7	2441.4	2416.6	2451.1	2500.1		2470.5	2421.7	2451.1	2377.7	38	32.7
12.10.	2447	2516	2455	2559	2490		2399.6	2448.0	2419.4	2476.4	2506.7		2494.25	2435.9	2476.4	2399.6	25	35.0
13.10.	2479	2599	2433	2573	2500		2406.7	2472.7	2414.7	2523.7	2501.4		2521.0	2454.5	2523.7	2406.7	59	38.6
14.10.	2593	2494	2373	2663	2583		2438.9	2485.6	2427.6	2561.7	2509.0		2530.75	2478.4	2561.7	2427.6	56	42.7
15.10.	2619	2397	2474	2655	2555		2464.0	2495.7	2447.0	2577.3	2516.3		2536.25	2496.0	2577.3	2447.0	63	46.7
16.10.	2471	2469	2411	2577	2591		2489.6	2502.1	2449.4	2574.3	2510.0		2482.0	2503.9	2574.3	2449.4	81	52.3
17.10.	2531	2446	2443	2370	2564		2507.9	2483.7	2444.9	2553.4	2512.3		2447.5	2497.5	2553.4	2444.9	90	58.9
18.10.	2604	2450	2362	2556	2471		2534.9	2481.6	2421.6	2564.7	2536.3		2493.0	2500.7	2564.7	2421.6	60	62.0
19.10.	2561	2494	2383	2547	2613		2551.1	2478.4	2411.3	2563.0	2553.9		2496.25	2501.0	2563.0	2411.3	54	66.1
20.10.	2501	2523	2254	2345	2578		2554.3	2467.6	2385.7	2530.4	2565.0		2405.75	2484.5	2554.3	2385.7	88	70.3
21.10.	2566	2439	2225	2527	2744		2550.4	2459.7	2364.6	2511.0	2588.0		2439.25	2471.4	2550.4	2364.6	129	80.7
22.10.	2406	2318	2264	2461	2720		2520.0	2448.4	2334.6	2483.3	2611.6		2362.25	2446.6	2520.0	2334.6	143	92.1
23.10.	2430	2345	2410	2454	2701		2514.1	2430.7	2334.4	2465.7	2627.3		2409.75	2436.2	2514.1	2334.4	204	109.7
24.10.	2588	2480	2415	2547	2576		2522.3	2435.6	2330.4	2491.0	2629.0		2507.5	2444.8	2522.3	2330.4	199	125.3
25.10.	2475	2489	2397	2562	2656		2503.9	2441.1	2335.4	2491.9	2655.4		2480.75	2443.1	2503.9	2335.4	122	134.1
26.10.	2556	2471	2481	2404	2599		2503.1	2437.9	2349.4	2471.4	2653.4		2478.0	2440.5	2503.1	2349.4	126	144.4
27.10.	2446	2434	2218	2372	2483		2495.3	2425.1	2344.3	2475.3	2639.9		2367.5	2435.0	2495.3	2344.3	240	166.1
28.10.	2596	2417	2423	2427	2631		2499.6	2422.0	2372.6	2461.0	2623.7		2465.75	2438.8	2499.6	2372.6	237	181.6
29.10.	2476	2423	2397	2384	2604		2509.6	2437.0	2391.6	2450.0	2607.1		2420.0	2447.0	2509.6	2391.6	248	196.6
30.10.	2449	2315	2459	2470	2807		2512.3	2432.7	2398.6	2452.3	2622.3		2423.25	2449.0	2512.3	2398.6	269	205.9
31.10.	2507	2319	2408	2554	2776		2500.7	2409.7	2397.6	2453.3	2650.9		2447.0	2440.3	2500.7	2397.6	258	214.3
01.11.	2523	2350	2398	2508	2684		2507.6	2389.9	2397.7	2445.6	2654.9		2444.75	2435.2	2507.6	2389.9	196	224.9
02.11.	2553	2388	2452	2607	2859		2507.1	2378.0	2393.6	2474.6	2692.0		2500.0	2438.3	2507.1	2378.0	170	231.1
03.11.	2462	2533	2430	2538	2740		2509.4	2392.1	2423.9	2498.3	2728.7		2490.75	2455.9	2509.4	2392.1	277	236.4
04.11.	2545	2467	2351	2668	2721		2502.1	2399.3	2413.6	2532.7	2741.6		2507.75	2461.9	2532.7	2399.3	328	249.4
05.11.	2581	2390	2569	2597	2684		2517.1	2394.6	2438.1	2563.1	2753.0		2534.25	2478.2	2563.1	2394.6	313	258.7
06.11.	2409	2434	2544	2598	2696		2511.4	2411.6	2450.3	2581.4	2737.1		2496.25	2488.7	2581.4	2411.6	338	268.6
07.11.	2525	2461	2459	2547	2708		2514.0	2431.9	2457.6	2580.4	2727.4		2498.0	2496.0	2580.4	2431.9	250	267.4
08.11.	2522	2425	2593	2561	2599		2513.9	2442.6	2485.4	2588.0	2715.3		2525.25	2507.5	2588.0	2442.6	218	270.6
09.11.	2520	2479	2532	2507	2775		2509.1	2455.6	2496.9	2573.7	2703.3		2509.5	2508.8	2573.7	2455.6	163	269.6
10.11.	2593	2567	2423	2381	2795		2527.9	2460.4	2495.9	2551.3	2711.1		2491.0	2508.9	2551.3	2460.4	318	275.4
11.11.	2553	2525	2484	2674	2769		2529.0	2468.7	2514.9	2552.1	2718.0		2559.0	2516.2	2552.1	2468.7	344	277.7
12.11.	2543	2480	2457	2616	2846		2523.6	2481.6	2498.9	2554.9	2741.1		2524.0	2514.7	2554.9	2481.6	419	292.9
13.11.	2526	2488	2476	2616	2834		2540.3	2489.3	2489.1	2557.4	2760.9		2526.5	2519.0	2557.4	2489.1	429	305.9
14.11.	2588	2578	2351	2585	2897		2549.3	2506.0	2473.7	2562.9	2787.9		2525.5	2523.0	2562.9	2473.7	416	329.6
15.11.	2598	2561	2355	2629	2811		2560.1	2525.4	2439.7	2572.6	2818.1		2535.75	2524.5	2572.6	2439.7	371	351.4
16.11.	2770	2528	2487	2556	2864		2595.9	2532.4	2433.3	2579.6	2830.9		2585.25	2535.3	2595.9	2433.3	222	359.9
17.11.	2613	2496	2335	2566	2981		2598.7	2522.3	2420.7	2606.0	2857.4		2502.5	2536.9	2606.0	2420.7	447	378.3
18.11.	2677	2493	2381	2620	2833		2616.4	2517.7	2406.0	2598.3	2866.6		2542.75	2534.6	2616.4	2406.0	507	401.6
19.11.	2711	2450	2509	2636	2794		2640.4	2513.4	2413.4	2601.1	2859.1		2576.5	2542.1	2640.4	2413.4	533	417.9
20.11.	2634	2501	2575	2654	2910		2655.9	2515.3	2427.6	2606.6	2870.0		2591.0	2551.3	2655.9	2427.6	564	437.1
21.11.	2541	2543	2535	2688	2863		2649.1	2510.3	2453.9	2621.3	2865.1		2576.75	2558.6	2649.1	2453.9	528	453.1
22.11.	2577	2708	2711	2694	2937		2646.1	2531.3	2504.7	2630.6	2883.1		2672.5	2578.2	2646.1	2504.7	342	449.0
23.11.	2577	2635	2572	2663	3086		2618.6	2546.6	2516.9	2645.9	2914.9		2611.75	2582.0	2645.9	2516.9	282	457.6
24.11.	2581	2533	2527	2580	3077		2614.0	2551.9	2544.3	2647.9	2928.6		2555.25	2589.5	2647.9	2544.3	472	461.1
25.11.	2618	2454	2356	2707	3050		2605.6	2546.3	2540.7	2660.3	2959.6		2533.75	2588.2	2660.3	2540.7	508	461.3
26.11.	2568	2302	2534	2711	3032		2585.1	2525.1	2544.3	2671.0	2993.6		2528.75	2581.4	2671.0	2525.1	588	469.1
27.11.	2449	2456	2517	2727	3051		2558.7	2518.7	2536.0	2681.4	3013.7		2537.25	2573.7	2681.4	2518.7	655	482.1
28.11.	2521	2633	2518	2676	3037		2555.9	2531.6	2533.6	2679.7	3038.6		2587.0	2575.2	2679.7	2531.6	625	496.0
29.11.	2551	2550	2690	2739	2971		2552.1	2509.0	2530.6	2686.1	3043.4		2632.5	2569.5	2686.1	2509.0	402	504.6
30.11.	2621	2579	2641	2529	3085		2558.4	2501.0	2540.4	2667.0	3043.3		2592.5	2566.7	2667.0	2501.0	326	510.9
01.12.	2658	2589	2583	2492	3237		2569.4	2509.0	2548.4	2654.4	3066.1		2580.5	2570.3	2654.4	2509.0	536	520.0
02.12.	2754	2525	2608	2734	3166		2588.9	2519.1	2584.4	2658.3	3082.7		2655.25	2587.7	2658.3	2519.1	653	540.7
03.12.	2532	2545	2718	2692	3292		2583.7	2553.9	2610.7	2655.6	3119.9		2621.75	2601.0	2655.6	2553.9	732	561.3
04.12.	2509	2613	2594	2694	3363		2592.3	2576.3	2621.7	2650.9	3164.4		2602.5	2610.3	2650.9	2576.3	849	589.0
05.12.	2658	2557	2558	2708	3323		2611.9	2565.4	2627.4	2655.4	3205.3		2620.25	2615.0	2655.4	2565.4	808	615.1
06.12.	2662	2601	2605	2831	3138		2627.7	2572.7	2615.3	2668.6	3229.1		2674.75	2621.1	2668.6	2572.7	511	630.7
07.12.	2678	2677	2761	2699	3391		2635.9	2586.7	2632.4	2692.9	3272.9		2703.75	2637.0	2692.9	2586.7	359	635.4
08.12.	2706	2614	2511	2785	3377		2642.7	2590.3	2622.1	2734.7	3292.9		2654.0	2647.5	2734.7	2590.3	692	657.7
09.12.	2727	2647	2595	2768	3392		2638.9	2607.7	2620.3	2739.6	3325.1		2684.25	2651.6	2739.6	2607.7	858	687.0
10.12.	2699	2586	2522	2617	3400		2662.7	2613.6	2592.3	2728.9	3340.6		2606.0	2649.4	2728.9	2592.3	847	703.4
11.12.	2663	2724	2622	2704	3571		2684.7	2629.4	2596.3	2730.3	3370.3		2678.25	2660.2	2730.3	2596.3	1075	735.7
12.12.	2704	2692	2611	2812	3429		2691.3	2648.7	2603.9	2745.1	3385.4		2704.75	2672.2	2745.1	2603.9	975	759.6
13.12.	2718	2659	2587	2790	3443		2699.3	2657.0	2601.3	2739.3	3429.0		2688.5	2674.2	2739.3	2601.3	768	796.3
14.12.	2700	2705	2599	2772	3523		2702.4	2661.0	2578.1	2749.7	3447.9		2694.0	2672.8	2749.7	2578.1	515	818.6
15.12.	2784	2677	2508	2638	3498		2713.6	2670.0	2577.7	2728.7	3465.1		2651.75	2672.5	2728.7	2577.7	826	837.7
16.12.	2662	2640	2494	2568	3565		2704.3	2669.0	2563.3	2700.1	3489.9		2591.0	2659.2	2704.3	2563.3	1013	859.9
17.12.	2629	2407	2678	2848	3602		2694.3	2643.4	2585.6	2733.1	3518.7		2640.5	2664.1	2733.1	2585.6	1063	890.7
18.12.	2688	2609	2610	2722	3594		2697.9	2627.0	2583.9	2735.7	3522.0		2657.25	2661.1	2735.7	2583.9	1161	903.0
19.12.	2748	2635	2744	2776	3520		2704.1	2618.9	2602.9	2730.6	3535.0		2725.75	2664.1	2730.6	2602.9	1041	912.4
20.12.	2788	2626	2777	2801	3422		2714.1	2614.1	2630.0	2732.1	3532.0		2748.0	2672.6	2732.1	2614.1	771	912.9
21.12.	2716	2705	2836	2723	3681		2716.4	2614.1	2663.9	2725.1	3554.6		2745.0	2679.9	2725.1	2614.1	542	916.7
22.12.	2765	2771	2791	2624	3769		2713.7	2627.6	2704.3	2723.1	3593.3		2737.75	2692.2	2723.1	2627.6	919	930.0
23.12.	2729	2584	2554	2780	3830		2723.3	2619.6	2712.9	2753.4	3631.1		2661.75	2702.3	2753.4	2619.6	1197	956.3
24.12.	2918	2570	2623	2605	3588		2764.6	2642.9	2705.0	2718.7	3629.1		2679.0	2707.8	2764.6	2642.9	1247	982.6
25.12.	2712	2531	2448	2585	3559		2768.0	2631.7	2681.9	2699.1	3624.1		2569.0	2695.2	2768.0	2631.7	711	918.3
26.12.	2781	2611	2537	2556	3488		2772.7	2628.3	2652.3	2667.7	3619.6		2621.25	2680.2	2772.7	2628.3	508	842.1
27.12.	2839	2821	2616	2653	3639		2780.0	2656.1	2629.3	2646.6	3650.6		2732.25	2678.0	2780.0	2629.3	575	814.1
28.12.	2831	2649	2704	2502	3879		2796.4	2648.1	2610.4	2615.0	3678.9		2671.5	2667.5	2796.4	2610.4	527	812.0
29.12.	2751	2570	2573	2523	3747		2794.4	2619.4	2579.3	2600.6	3675.7		2604.25	2648.4	2794.4	2579.3	888	807.6
30.12.	2834	2712	2453	2620	3791		2809.4	2637.7	2564.9	2577.7	3670.1		2654.75	2647.4	2809.4	2564.9	1246	814.6
31.12.	2796	2758	2579	2707	3575		2792.0	2664.6	2558.6	2592.3	3668.3		2710.0	2651.9	2792.0	2558.6	1281	819.4
