Date	Anzahl	Dose1	Dose2	Dose3	Dose4	Dose5	Dose6	Anzahl_roll_av	Dose1_roll_av	Dose2_roll_av	Dose3_roll_av	Dose4_roll_av	Dose5_roll_av	Dose6_roll_av
2020-12-27	24427	24427	0.0	0.0	0.0	0.0	0.0	24427.0	24427.0	0.0	0.0	0.0	0.0	0.0
2020-12-28	18073	18073	0.0	0.0	0.0	0.0	0.0	21250.0	21250.0	0.0	0.0	0.0	0.0	0.0
2020-12-29	50229	50229	0.0	0.0	0.0	0.0	0.0	30909.7	30909.7	0.0	0.0	0.0	0.0	0.0
2020-12-30	64213	64213	0.0	0.0	0.0	0.0	0.0	39235.5	39235.5	0.0	0.0	0.0	0.0	0.0
2020-12-31	49985	49985	0.0	0.0	0.0	0.0	0.0	41385.4	41385.4	0.0	0.0	0.0	0.0	0.0
2021-01-01	25723	25723	0.0	0.0	0.0	0.0	0.0	38775.0	38775.0	0.0	0.0	0.0	0.0	0.0
2021-01-02	47835	47835	0.0	0.0	0.0	0.0	0.0	40069.3	40069.3	0.0	0.0	0.0	0.0	0.0
2021-01-03	22614	22614	0.0	0.0	0.0	0.0	0.0	39810.3	39810.3	0.0	0.0	0.0	0.0	0.0
2021-01-04	46362	46362	0.0	0.0	0.0	0.0	0.0	43851.6	43851.6	0.0	0.0	0.0	0.0	0.0
2021-01-05	52522	52522	0.0	0.0	0.0	0.0	0.0	44179.1	44179.1	0.0	0.0	0.0	0.0	0.0
2021-01-06	63128	63128	0.0	0.0	0.0	0.0	0.0	44024.1	44024.1	0.0	0.0	0.0	0.0	0.0
2021-01-07	54921	54921	0.0	0.0	0.0	0.0	0.0	44729.3	44729.3	0.0	0.0	0.0	0.0	0.0
2021-01-08	62906	62906	0.0	0.0	0.0	0.0	0.0	50041.1	50041.1	0.0	0.0	0.0	0.0	0.0
2021-01-09	60604	60604	0.0	0.0	0.0	0.0	0.0	51865.3	51865.3	0.0	0.0	0.0	0.0	0.0
2021-01-10	35858	35858	0.0	0.0	0.0	0.0	0.0	53757.3	53757.3	0.0	0.0	0.0	0.0	0.0
2021-01-11	68803	68803	0.0	0.0	0.0	0.0	0.0	56963.1	56963.1	0.0	0.0	0.0	0.0	0.0
2021-01-12	79365	79365	0.0	0.0	0.0	0.0	0.0	60797.9	60797.9	0.0	0.0	0.0	0.0	0.0
2021-01-13	112478	112478	0.0	0.0	0.0	0.0	0.0	67847.9	67847.9	0.0	0.0	0.0	0.0	0.0
2021-01-14	84179	84179	0.0	0.0	0.0	0.0	0.0	72027.6	72027.6	0.0	0.0	0.0	0.0	0.0
2021-01-15	91942	90965	977.0	0.0	0.0	0.0	0.0	76175.6	76036.0	139.6	0.0	0.0	0.0	0.0
2021-01-16	58125	56881	1244.0	0.0	0.0	0.0	0.0	75821.4	75504.1	317.3	0.0	0.0	0.0	0.0
2021-01-17	47854	30771	17083.0	0.0	0.0	0.0	0.0	77535.1	74777.4	2757.7	0.0	0.0	0.0	0.0
2021-01-18	83327	67562	15765.0	0.0	0.0	0.0	0.0	79610.0	74600.1	5009.9	0.0	0.0	0.0	0.0
2021-01-19	119936	83836	36100.0	0.0	0.0	0.0	0.0	85405.9	75238.9	10167.0	0.0	0.0	0.0	0.0
2021-01-20	133015	79030	53985.0	0.0	0.0	0.0	0.0	88339.7	70460.6	17879.1	0.0	0.0	0.0	0.0
2021-01-21	105670	64541	41129.0	0.0	0.0	0.0	0.0	91409.9	67655.1	23754.7	0.0	0.0	0.0	0.0
2021-01-22	102459	68811	33648.0	0.0	0.0	0.0	0.0	92912.3	64490.3	28422.0	0.0	0.0	0.0	0.0
2021-01-23	87119	40785	46334.0	0.0	0.0	0.0	0.0	97054.3	62190.9	34863.4	0.0	0.0	0.0	0.0
2021-01-24	47869	25709	22160.0	0.0	0.0	0.0	0.0	97056.4	61467.7	35588.7	0.0	0.0	0.0	0.0
2021-01-25	91104	52366	38738.0	0.0	0.0	0.0	0.0	98167.4	59296.9	38870.6	0.0	0.0	0.0	0.0
2021-01-26	98753	51235	47518.0	0.0	0.0	0.0	0.0	95141.3	54639.6	40501.7	0.0	0.0	0.0	0.0
2021-01-27	109702	51173	58529.0	0.0	0.0	0.0	0.0	91810.9	50660.0	41150.9	0.0	0.0	0.0	0.0
2021-01-28	92810	47030	45780.0	0.0	0.0	0.0	0.0	89973.7	48158.4	41815.3	0.0	0.0	0.0	0.0
2021-01-29	107856	49889	57967.0	0.0	0.0	0.0	0.0	90744.7	45455.3	45289.4	0.0	0.0	0.0	0.0
2021-01-30	88197	34691	53506.0	0.0	0.0	0.0	0.0	90898.7	44584.7	46314.0	0.0	0.0	0.0	0.0
2021-01-31	57292	25823	31469.0	0.0	0.0	0.0	0.0	92244.9	44601.0	47643.9	0.0	0.0	0.0	0.0
2021-02-01	120570	58404	62166.0	0.0	0.0	0.0	0.0	96454.3	45463.6	50990.7	0.0	0.0	0.0	0.0
2021-02-02	132958	65534	67424.0	0.0	0.0	0.0	0.0	101340.7	47506.3	53834.4	0.0	0.0	0.0	0.0
2021-02-03	163286	64698	98588.0	0.0	0.0	0.0	0.0	108995.6	49438.4	59557.1	0.0	0.0	0.0	0.0
2021-02-04	134787	62224	72563.0	0.0	0.0	0.0	0.0	114992.3	51609.0	63383.3	0.0	0.0	0.0	0.0
2021-02-05	147683	69436	78247.0	0.0	0.0	0.0	0.0	120681.9	54401.4	66280.4	0.0	0.0	0.0	0.0
2021-02-06	94242	45623	48619.0	0.0	0.0	0.0	0.0	121545.4	55963.1	65582.3	0.0	0.0	0.0	0.0
2021-02-07	53591	28308	25283.0	0.0	0.0	0.0	0.0	121016.7	56318.1	64698.6	0.0	0.0	0.0	0.0
2021-02-08	109523	53028	56495.0	0.0	0.0	0.0	0.0	119438.6	55550.1	63888.4	0.0	0.0	0.0	0.0
2021-02-09	134858	60317	74541.0	0.0	0.0	0.0	0.0	119710.0	54804.9	64905.1	0.0	0.0	0.0	0.0
2021-02-10	155525	77843	77682.0	0.0	0.0	0.0	0.0	118601.3	56682.7	61918.6	0.0	0.0	0.0	0.0
2021-02-11	144835	75763	69072.0	0.0	0.0	0.0	0.0	120036.7	58616.9	61419.9	0.0	0.0	0.0	0.0
2021-02-12	156387	80353	76034.0	0.0	0.0	0.0	0.0	121280.1	60176.4	61103.7	0.0	0.0	0.0	0.0
2021-02-13	107939	62098	45841.0	0.0	0.0	0.0	0.0	123236.9	62530.0	60706.9	0.0	0.0	0.0	0.0
2021-02-14	65511	39668	25843.0	0.0	0.0	0.0	0.0	124939.7	64152.9	60786.9	0.0	0.0	0.0	0.0
2021-02-15	125995	70200	55795.0	0.0	0.0	0.0	0.0	127292.9	66606.0	60686.9	0.0	0.0	0.0	0.0
2021-02-16	135065	78365	56700.0	0.0	0.0	0.0	0.0	127322.4	69184.3	58138.1	0.0	0.0	0.0	0.0
2021-02-17	151995	95474	56521.0	0.0	0.0	0.0	0.0	126818.1	71703.0	55115.1	0.0	0.0	0.0	0.0
2021-02-18	145344	91913	53431.0	0.0	0.0	0.0	0.0	126890.9	74010.1	52880.7	0.0	0.0	0.0	0.0
2021-02-19	159021	103197	55824.0	0.0	0.0	0.0	0.0	127267.1	77273.6	49993.6	0.0	0.0	0.0	0.0
2021-02-20	112625	76237	36388.0	0.0	0.0	0.0	0.0	127936.6	79293.4	48643.1	0.0	0.0	0.0	0.0
2021-02-21	86100	57765	28335.0	0.0	0.0	0.0	0.0	130877.9	81878.7	48999.1	0.0	0.0	0.0	0.0
2021-02-22	156754	98360	58394.0	0.0	0.0	0.0	0.0	135272.0	85901.6	49370.4	0.0	0.0	0.0	0.0
2021-02-23	170680	110071	60609.0	0.0	0.0	0.0	0.0	140359.9	90431.0	49928.9	0.0	0.0	0.0	0.0
2021-02-24	177272	117747	59525.0	0.0	0.0	0.0	0.0	143970.9	93612.9	50358.0	0.0	0.0	0.0	0.0
2021-02-25	190515	131022	59493.0	0.0	0.0	0.0	0.0	150423.9	99199.9	51224.0	0.0	0.0	0.0	0.0
2021-02-26	214407	146676	67731.0	0.0	0.0	0.0	0.0	158336.1	105411.1	52925.0	0.0	0.0	0.0	0.0
2021-02-27	148463	108588	39875.0	0.0	0.0	0.0	0.0	163455.9	110032.7	53423.1	0.0	0.0	0.0	0.0
2021-02-28	103716	79510	24206.0	0.0	0.0	0.0	0.0	165972.4	113139.1	52833.3	0.0	0.0	0.0	0.0
2021-03-01	199544	149576	49968.0	0.0	0.0	0.0	0.0	172085.3	120455.7	51629.6	0.0	0.0	0.0	0.0
2021-03-02	220392	168089	52303.0	0.0	0.0	0.0	0.0	179187.0	128744.0	50443.0	0.0	0.0	0.0	0.0
2021-03-03	248823	177915	70908.0	0.0	0.0	0.0	0.0	189408.6	137339.4	52069.1	0.0	0.0	0.0	0.0
2021-03-04	245950	182702	63248.0	0.0	0.0	0.0	0.0	197327.9	144722.3	52605.6	0.0	0.0	0.0	0.0
2021-03-05	276258	208698	67560.0	0.0	0.0	0.0	0.0	206163.7	153582.6	52581.1	0.0	0.0	0.0	0.0
2021-03-06	203148	154359	48789.0	0.0	0.0	0.0	0.0	213975.9	160121.3	53854.6	0.0	0.0	0.0	0.0
2021-03-07	148075	114496	33579.0	0.0	0.0	0.0	0.0	220312.9	165119.3	55193.6	0.0	0.0	0.0	0.0
2021-03-08	238830	186853	51977.0	0.0	0.0	0.0	0.0	225925.1	170444.6	55480.6	0.0	0.0	0.0	0.0
2021-03-09	253509	198434	55075.0	0.0	0.0	0.0	0.0	230656.1	174779.6	55876.6	0.0	0.0	0.0	0.0
2021-03-10	289857	222324	67533.0	0.0	0.0	0.0	0.0	236518.1	181123.7	55394.4	0.0	0.0	0.0	0.0
2021-03-11	285153	224107	61046.0	0.0	0.0	0.0	0.0	242118.6	187038.7	55079.9	0.0	0.0	0.0	0.0
2021-03-12	328939	257738	71201.0	0.0	0.0	0.0	0.0	249644.4	194044.4	55600.0	0.0	0.0	0.0	0.0
2021-03-13	241871	191430	50441.0	0.0	0.0	0.0	0.0	255176.3	199340.3	55836.0	0.0	0.0	0.0	0.0
2021-03-14	170710	134969	35741.0	0.0	0.0	0.0	0.0	258409.9	202265.0	56144.9	0.0	0.0	0.0	0.0
2021-03-15	249771	190415	59356.0	0.0	0.0	0.0	0.0	259972.9	202773.9	57199.0	0.0	0.0	0.0	0.0
2021-03-16	179735	111269	68466.0	0.0	0.0	0.0	0.0	249433.7	190321.7	59112.0	0.0	0.0	0.0	0.0
2021-03-17	206224	124950	81274.0	0.0	0.0	0.0	0.0	237486.1	176411.1	61075.0	0.0	0.0	0.0	0.0
2021-03-18	194470	118533	75937.0	0.0	0.0	0.0	0.0	224531.4	161329.1	63202.3	0.0	0.0	0.0	0.0
2021-03-19	246409	161635	84774.0	0.0	0.0	0.0	0.0	212741.4	147600.1	65141.3	0.0	0.0	0.0	0.0
2021-03-20	221521	168075	53446.0	0.0	0.0	0.0	0.0	209834.3	144263.7	65570.6	0.0	0.0	0.0	0.0
2021-03-21	165089	126707	38382.0	0.0	0.0	0.0	0.0	209031.3	143083.4	65947.9	0.0	0.0	0.0	0.0
2021-03-22	270195	193364	76831.0	0.0	0.0	0.0	0.0	211949.0	143504.7	68444.3	0.0	0.0	0.0	0.0
2021-03-23	299489	214991	84498.0	0.0	0.0	0.0	0.0	229056.7	158322.1	70734.6	0.0	0.0	0.0	0.0
2021-03-24	339854	250185	89669.0	0.0	0.0	0.0	0.0	248146.7	176212.9	71933.9	0.0	0.0	0.0	0.0
2021-03-25	333068	251649	81419.0	0.0	0.0	0.0	0.0	267946.4	195229.4	72717.0	0.0	0.0	0.0	0.0
2021-03-26	374953	285789	89164.0	0.0	0.0	0.0	0.0	286309.9	212965.7	73344.1	0.0	0.0	0.0	0.0
2021-03-27	282663	220044	62619.0	0.0	0.0	0.0	0.0	295044.4	220389.9	74654.6	0.0	0.0	0.0	0.0
2021-03-28	196928	143541	53387.0	0.0	0.0	0.0	0.0	299592.9	222794.7	76798.1	0.0	0.0	0.0	0.0
2021-03-29	305880	216803	89077.0	0.0	0.0	0.0	0.0	304690.7	226143.1	78547.6	0.0	0.0	0.0	0.0
2021-03-30	326393	233812	92581.0	0.0	0.0	0.0	0.0	308534.1	228831.9	79702.3	0.0	0.0	0.0	0.0
2021-03-31	334480	232737	101743.0	0.0	0.0	0.0	0.0	307766.4	226339.3	81427.1	0.0	0.0	0.0	0.0
2021-04-01	332661	241671	90990.0	0.0	0.0	0.0	0.0	307708.3	224913.9	82794.4	0.0	0.0	0.0	0.0
2021-04-02	226606	158524	68082.0	0.0	0.0	0.0	0.0	286515.9	206733.1	79782.7	0.0	0.0	0.0	0.0
2021-04-03	232672	167885	64787.0	0.0	0.0	0.0	0.0	279374.3	199281.9	80092.4	0.0	0.0	0.0	0.0
2021-04-04	193658	142991	50667.0	0.0	0.0	0.0	0.0	278907.1	199203.3	79703.9	0.0	0.0	0.0	0.0
2021-04-05	248688	178186	70502.0	0.0	0.0	0.0	0.0	270736.9	193686.6	77050.3	0.0	0.0	0.0	0.0
2021-04-06	392557	297858	94699.0	0.0	0.0	0.0	0.0	280188.9	202836.0	77352.9	0.0	0.0	0.0	0.0
2021-04-07	725891	629464	96427.0	0.0	0.0	0.0	0.0	336104.7	259511.3	76593.4	0.0	0.0	0.0	0.0
2021-04-08	718490	631377	87113.0	0.0	0.0	0.0	0.0	391223.1	315183.6	76039.6	0.0	0.0	0.0	0.0
2021-04-09	621760	532737	89023.0	0.0	0.0	0.0	0.0	447673.7	368642.6	79031.1	0.0	0.0	0.0	0.0
2021-04-10	369552	304210	65342.0	0.0	0.0	0.0	0.0	467228.0	388117.6	79110.4	0.0	0.0	0.0	0.0
2021-04-11	261247	210772	50475.0	0.0	0.0	0.0	0.0	476883.6	397800.6	79083.0	0.0	0.0	0.0	0.0
2021-04-12	412272	335424	76848.0	0.0	0.0	0.0	0.0	500252.7	420263.1	79989.6	0.0	0.0	0.0	0.0
2021-04-13	603978	529940	74038.0	0.0	0.0	0.0	0.0	530455.7	453417.7	77038.0	0.0	0.0	0.0	0.0
2021-04-14	808422	724505	83917.0	0.0	0.0	0.0	0.0	542245.9	466995.0	75250.9	0.0	0.0	0.0	0.0
2021-04-15	682491	611748	70743.0	0.0	0.0	0.0	0.0	537103.1	464190.9	72912.3	0.0	0.0	0.0	0.0
2021-04-16	582765	508119	74646.0	0.0	0.0	0.0	0.0	531532.4	460674.0	70858.4	0.0	0.0	0.0	0.0
2021-04-17	359281	302581	56700.0	0.0	0.0	0.0	0.0	530065.1	460441.3	69623.9	0.0	0.0	0.0	0.0
2021-04-18	267283	228162	39121.0	0.0	0.0	0.0	0.0	530927.4	462925.6	68001.9	0.0	0.0	0.0	0.0
2021-04-19	398533	336463	62070.0	0.0	0.0	0.0	0.0	528964.7	463074.0	65890.7	0.0	0.0	0.0	0.0
2021-04-20	589339	525717	63622.0	0.0	0.0	0.0	0.0	526873.4	462470.7	64402.7	0.0	0.0	0.0	0.0
2021-04-21	749517	675277	74240.0	0.0	0.0	0.0	0.0	518458.4	455438.1	63020.3	0.0	0.0	0.0	0.0
2021-04-22	639714	571629	68085.0	0.0	0.0	0.0	0.0	512347.4	449706.9	62640.6	0.0	0.0	0.0	0.0
2021-04-23	541819	472045	69774.0	0.0	0.0	0.0	0.0	506498.0	444553.4	61944.6	0.0	0.0	0.0	0.0
2021-04-24	362740	303487	59253.0	0.0	0.0	0.0	0.0	506992.1	444682.9	62309.3	0.0	0.0	0.0	0.0
2021-04-25	280457	231107	49350.0	0.0	0.0	0.0	0.0	508874.1	445103.6	63770.6	0.0	0.0	0.0	0.0
2021-04-26	436656	361920	74736.0	0.0	0.0	0.0	0.0	514320.3	448740.3	65580.0	0.0	0.0	0.0	0.0
2021-04-27	859472	764836	94636.0	0.0	0.0	0.0	0.0	552910.7	482900.1	70010.6	0.0	0.0	0.0	0.0
2021-04-28	1162664	1029687	132977.0	0.0	0.0	0.0	0.0	611931.7	533530.1	78401.6	0.0	0.0	0.0	0.0
2021-04-29	946458	809352	137106.0	0.0	0.0	0.0	0.0	655752.3	567490.6	88261.7	0.0	0.0	0.0	0.0
2021-04-30	766788	629421	137367.0	0.0	0.0	0.0	0.0	687890.7	589972.9	97917.9	0.0	0.0	0.0	0.0
2021-05-01	324081	250881	73200.0	0.0	0.0	0.0	0.0	682368.0	582457.7	99910.3	0.0	0.0	0.0	0.0
2021-05-02	258978	193817	65161.0	0.0	0.0	0.0	0.0	679299.6	577130.6	102169.0	0.0	0.0	0.0	0.0
2021-05-03	454535	338314	116221.0	0.0	0.0	0.0	0.0	681853.7	573758.3	108095.4	0.0	0.0	0.0	0.0
2021-05-04	897993	734306	163687.0	0.0	0.0	0.0	0.0	687356.7	569396.9	117959.9	0.0	0.0	0.0	0.0
2021-05-05	1210824	972447	238377.0	0.0	0.0	0.0	0.0	694236.7	561219.7	133017.0	0.0	0.0	0.0	0.0
2021-05-06	1001567	778041	223526.0	0.0	0.0	0.0	0.0	702109.4	556746.7	145362.7	0.0	0.0	0.0	0.0
2021-05-07	857935	624388	233547.0	0.0	0.0	0.0	0.0	715130.4	556027.7	159102.7	0.0	0.0	0.0	0.0
2021-05-08	413141	261353	151788.0	0.0	0.0	0.0	0.0	727853.3	557523.7	170329.6	0.0	0.0	0.0	0.0
2021-05-09	280888	179709	101179.0	0.0	0.0	0.0	0.0	730983.3	555508.3	175475.0	0.0	0.0	0.0	0.0
2021-05-10	603933	411692	192241.0	0.0	0.0	0.0	0.0	752325.9	565990.9	186335.0	0.0	0.0	0.0	0.0
2021-05-11	1167243	868088	299155.0	0.0	0.0	0.0	0.0	790790.1	585102.6	205687.6	0.0	0.0	0.0	0.0
2021-05-12	1469577	1096099	373477.0	1.0	0.0	0.0	0.0	827754.9	602767.1	224987.6	0.1	0.0	0.0	0.0
2021-05-13	414424	259491	154933.0	0.0	0.0	0.0	0.0	743877.3	528688.6	215188.6	0.1	0.0	0.0	0.0
2021-05-14	741438	518831	222607.0	0.0	0.0	0.0	0.0	727234.9	513609.0	213625.7	0.1	0.0	0.0	0.0
2021-05-15	393980	234384	159596.0	0.0	0.0	0.0	0.0	724497.6	509756.3	214741.1	0.1	0.0	0.0	0.0
2021-05-16	274209	158676	115533.0	0.0	0.0	0.0	0.0	723543.4	506751.6	216791.7	0.1	0.0	0.0	0.0
2021-05-17	551980	352891	199089.0	0.0	0.0	0.0	0.0	716121.6	498351.4	217770.0	0.1	0.0	0.0	0.0
2021-05-18	932169	558883	373286.0	0.0	0.0	0.0	0.0	682539.6	454179.3	228360.1	0.1	0.0	0.0	0.0
2021-05-19	1190125	622058	568067.0	0.0	0.0	0.0	0.0	642617.9	386459.1	256158.7	0.0	0.0	0.0	0.0
2021-05-20	985024	483496	501528.0	0.0	0.0	0.0	0.0	724132.1	418459.9	305672.3	0.0	0.0	0.0	0.0
2021-05-21	843460	419107	424353.0	0.0	0.0	0.0	0.0	738706.7	404213.6	334493.1	0.0	0.0	0.0	0.0
2021-05-22	397090	185897	211193.0	0.0	0.0	0.0	0.0	739151.0	397286.9	341864.1	0.0	0.0	0.0	0.0
2021-05-23	272201	122844	149357.0	0.0	0.0	0.0	0.0	738864.1	392168.0	346696.1	0.0	0.0	0.0	0.0
2021-05-24	316186	142034	174152.0	0.0	0.0	0.0	0.0	705179.3	362045.6	343133.7	0.0	0.0	0.0	0.0
2021-05-25	686368	311952	374416.0	0.0	0.0	0.0	0.0	670064.9	326769.7	343295.1	0.0	0.0	0.0	0.0
2021-05-26	1276608	595392	681216.0	0.0	0.0	0.0	0.0	682419.6	322960.3	359459.3	0.0	0.0	0.0	0.0
2021-05-27	1056825	496838	559987.0	0.0	0.0	0.0	0.0	692676.9	324866.3	367810.6	0.0	0.0	0.0	0.0
2021-05-28	888201	439073	449128.0	0.0	0.0	0.0	0.0	699068.4	327718.6	371349.9	0.0	0.0	0.0	0.0
2021-05-29	406226	181926	224300.0	0.0	0.0	0.0	0.0	700373.6	327151.3	373222.3	0.0	0.0	0.0	0.0
2021-05-30	273623	102660	170963.0	0.0	0.0	0.0	0.0	700576.7	324267.9	376308.9	0.0	0.0	0.0	0.0
2021-05-31	581552	249520	332032.0	0.0	0.0	0.0	0.0	738486.1	339623.0	398863.1	0.0	0.0	0.0	0.0
2021-06-01	1028181	500426	527486.0	269.0	0.0	0.0	0.0	787316.6	366547.9	420730.3	38.4	0.0	0.0	0.0
2021-06-02	1318024	665976	651865.0	183.0	0.0	0.0	0.0	793233.1	376631.3	416537.3	64.6	0.0	0.0	0.0
2021-06-03	641707	285743	355795.0	169.0	0.0	0.0	0.0	733930.6	346474.9	387367.0	88.7	0.0	0.0	0.0
2021-06-04	800281	363719	436135.0	427.0	0.0	0.0	0.0	721370.6	335710.0	385510.9	149.7	0.0	0.0	0.0
2021-06-05	412532	130427	281938.0	167.0	0.0	0.0	0.0	722271.4	328353.0	393744.9	173.6	0.0	0.0	0.0
2021-06-06	272877	63321	209436.0	120.0	0.0	0.0	0.0	722164.9	322733.1	399241.0	190.7	0.0	0.0	0.0
2021-06-07	610604	244991	365497.0	116.0	0.0	0.0	0.0	726315.1	322086.1	404021.7	207.3	0.0	0.0	0.0
2021-06-08	1147901	442153	705588.0	160.0	0.0	0.0	0.0	743418.0	313761.4	429464.9	191.7	0.0	0.0	0.0
2021-06-09	1508809	577797	930770.0	242.0	0.0	0.0	0.0	770673.0	301164.4	469308.4	200.1	0.0	0.0	0.0
2021-06-10	1219609	512235	707091.0	283.0	0.0	0.0	0.0	853230.4	333520.4	519493.6	216.4	0.0	0.0	0.0
2021-06-11	1037009	460145	576472.0	392.0	0.0	0.0	0.0	887048.7	347295.6	539541.7	211.4	0.0	0.0	0.0
2021-06-12	433963	166951	266809.0	203.0	0.0	0.0	0.0	890110.3	352513.3	537380.4	216.6	0.0	0.0	0.0
2021-06-13	262095	67650	194220.0	225.0	0.0	0.0	0.0	888570.0	353131.7	535206.7	231.6	0.0	0.0	0.0
2021-06-14	641909	263892	377632.0	385.0	0.0	0.0	0.0	893042.1	355831.9	536940.3	270.0	0.0	0.0	0.0
2021-06-15	1144301	445215	698816.0	270.0	0.0	0.0	0.0	892527.9	356269.3	535972.9	285.7	0.0	0.0	0.0
2021-06-16	1441808	566764	874868.0	176.0	0.0	0.0	0.0	882956.3	354693.1	527986.9	276.3	0.0	0.0	0.0
2021-06-17	1159500	480557	678166.0	777.0	0.0	0.0	0.0	874369.3	350167.7	523854.7	346.9	0.0	0.0	0.0
2021-06-18	965366	410715	554461.0	190.0	0.0	0.0	0.0	864134.6	343106.3	520710.3	318.0	0.0	0.0	0.0
2021-06-19	425413	147993	277285.0	135.0	0.0	0.0	0.0	862913.1	340398.0	522206.9	308.3	0.0	0.0	0.0
2021-06-20	278943	72999	205859.0	85.0	0.0	0.0	0.0	865320.0	341162.1	523869.6	288.3	0.0	0.0	0.0
2021-06-21	622271	238386	383756.0	129.0	0.0	0.0	0.0	862514.6	337518.4	524744.4	251.7	0.0	0.0	0.0
2021-06-22	1162174	437567	724465.0	142.0	0.0	0.0	0.0	865067.9	336425.9	528408.6	233.4	0.0	0.0	0.0
2021-06-23	1425473	562468	862880.0	125.0	0.0	0.0	0.0	862734.3	335812.1	526696.0	226.1	0.0	0.0	0.0
2021-06-24	1037189	549452	487624.0	113.0	0.0	0.0	0.0	845261.3	345654.3	499475.7	131.3	0.0	0.0	0.0
2021-06-25	898486	415133	483230.0	123.0	0.0	0.0	0.0	835707.0	346285.4	489299.9	121.7	0.0	0.0	0.0
2021-06-26	410717	154744	255850.0	123.0	0.0	0.0	0.0	833607.6	347249.9	486237.7	120.0	0.0	0.0	0.0
2021-06-27	278963	88391	190503.0	69.0	0.0	0.0	0.0	833610.4	349448.7	484044.0	117.7	0.0	0.0	0.0
2021-06-28	618384	260344	357940.0	100.0	0.0	0.0	0.0	833055.1	352585.6	480356.0	113.6	0.0	0.0	0.0
2021-06-29	1004789	443436	561253.0	100.0	0.0	0.0	0.0	810571.6	353424.0	457040.0	107.6	0.0	0.0	0.0
2021-06-30	1128671	521541	607039.0	91.0	0.0	0.0	0.0	768171.3	347577.3	420491.3	102.7	0.0	0.0	0.0
2021-07-01	955370	465932	489346.0	92.0	0.0	0.0	0.0	756482.9	335645.9	420737.3	99.7	0.0	0.0	0.0
2021-07-02	826227	391169	434930.0	128.0	0.0	0.0	0.0	746160.1	332222.4	413837.3	100.4	0.0	0.0	0.0
2021-07-03	379787	165737	213985.0	65.0	0.0	0.0	0.0	741741.6	333792.9	407856.6	92.1	0.0	0.0	0.0
2021-07-04	255849	94318	161467.0	64.0	0.0	0.0	0.0	738439.6	334639.6	403708.6	91.4	0.0	0.0	0.0
2021-07-05	529843	206707	323031.0	105.0	0.0	0.0	0.0	725790.9	326977.1	398721.6	92.1	0.0	0.0	0.0
2021-07-06	845304	309213	536013.0	78.0	0.0	0.0	0.0	703007.3	307802.4	395115.9	89.0	0.0	0.0	0.0
2021-07-07	1069503	360980	708355.0	168.0	0.0	0.0	0.0	694554.7	284865.1	409589.6	100.0	0.0	0.0	0.0
2021-07-08	872700	290385	582217.0	98.0	0.0	0.0	0.0	682744.7	259787.0	422856.9	100.9	0.0	0.0	0.0
2021-07-09	728411	225002	503241.0	168.0	0.0	0.0	0.0	668771.0	236048.9	432615.6	106.6	0.0	0.0	0.0
2021-07-10	337746	105387	232277.0	82.0	0.0	0.0	0.0	662765.1	227427.4	435228.7	109.0	0.0	0.0	0.0
2021-07-11	219554	67565	151893.0	96.0	0.0	0.0	0.0	657580.1	223605.6	433861.0	113.6	0.0	0.0	0.0
2021-07-12	466473	161937	304434.0	102.0	0.0	0.0	0.0	648527.3	217209.9	431204.3	113.1	0.0	0.0	0.0
2021-07-13	827874	210046	617740.0	88.0	0.0	0.0	0.0	646037.3	203043.1	442879.6	114.6	0.0	0.0	0.0
2021-07-14	1059300	240699	818386.0	215.0	0.0	0.0	0.0	644579.7	185860.1	458598.3	121.3	0.0	0.0	0.0
2021-07-15	785153	201172	583769.0	212.0	0.0	0.0	0.0	632073.0	173115.4	458820.0	137.6	0.0	0.0	0.0
2021-07-16	642140	171012	471005.0	123.0	0.0	0.0	0.0	619748.6	165402.6	454214.9	131.1	0.0	0.0	0.0
2021-07-17	279801	89790	186631.0	3380.0	0.0	0.0	0.0	611470.7	163174.4	447694.0	602.3	0.0	0.0	0.0
2021-07-18	179361	68633	110683.0	45.0	0.0	0.0	0.0	605728.9	163327.0	441806.9	595.0	0.0	0.0	0.0
2021-07-19	369582	103273	266217.0	92.0	0.0	0.0	0.0	591887.3	154946.4	436347.3	593.6	0.0	0.0	0.0
2021-07-20	659533	149729	509683.0	121.0	0.0	0.0	0.0	567838.6	146329.7	420910.6	598.3	0.0	0.0	0.0
2021-07-21	812359	179492	632761.0	106.0	0.0	0.0	0.0	532561.3	137585.9	394392.7	582.7	0.0	0.0	0.0
2021-07-22	657705	144448	513152.0	105.0	0.0	0.0	0.0	514354.4	129482.4	384304.6	567.4	0.0	0.0	0.0
2021-07-23	538418	123340	414937.0	141.0	0.0	0.0	0.0	499537.0	122672.1	376294.9	570.0	0.0	0.0	0.0
2021-07-24	209953	63321	146315.0	317.0	0.0	0.0	0.0	489558.7	118890.9	370535.4	132.4	0.0	0.0	0.0
2021-07-25	111968	36874	75051.0	43.0	0.0	0.0	0.0	479931.1	114353.9	365445.1	132.1	0.0	0.0	0.0
2021-07-26	333286	82117	251081.0	88.0	0.0	0.0	0.0	474746.0	111331.6	363282.9	131.6	0.0	0.0	0.0
2021-07-27	599959	118327	481485.0	147.0	0.0	0.0	0.0	466235.4	106845.6	359254.6	135.3	0.0	0.0	0.0
2021-07-28	742261	143972	598022.0	267.0	0.0	0.0	0.0	456221.4	101771.3	354291.9	158.3	0.0	0.0	0.0
2021-07-29	591767	122721	468794.0	252.0	0.0	0.0	0.0	446801.7	98667.4	347955.0	179.3	0.0	0.0	0.0
2021-07-30	474565	107466	366759.0	340.0	0.0	0.0	0.0	437679.9	96399.7	341072.4	207.7	0.0	0.0	0.0
2021-07-31	190837	59557	131055.0	225.0	0.0	0.0	0.0	434949.0	95862.0	338892.4	194.6	0.0	0.0	0.0
2021-08-01	105165	34845	70124.0	196.0	0.0	0.0	0.0	433977.1	95572.1	338188.6	216.4	0.0	0.0	0.0
2021-08-02	290440	70488	219724.0	228.0	0.0	0.0	0.0	427856.3	93910.9	333709.0	236.4	0.0	0.0	0.0
2021-08-03	500786	96688	403696.0	402.0	0.0	0.0	0.0	413688.7	90819.6	322596.3	272.9	0.0	0.0	0.0
2021-08-04	614938	119887	494649.0	402.0	0.0	0.0	0.0	395499.7	87378.9	307828.7	292.1	0.0	0.0	0.0
2021-08-05	533987	104886	428733.0	368.0	0.0	0.0	0.0	387245.4	84831.0	302105.7	308.7	0.0	0.0	0.0
2021-08-06	428014	95165	332439.0	410.0	0.0	0.0	0.0	380595.3	83073.7	297202.9	318.7	0.0	0.0	0.0
2021-08-07	181055	53645	126950.0	460.0	0.0	0.0	0.0	379197.9	82229.1	296616.4	352.3	0.0	0.0	0.0
2021-08-08	109161	26683	82311.0	167.0	0.0	0.0	0.0	379768.7	81063.1	298357.4	348.1	0.0	0.0	0.0
2021-08-09	292789	62207	230221.0	361.0	0.0	0.0	0.0	380104.3	79880.1	299857.0	367.1	0.0	0.0	0.0
2021-08-10	468622	93529	374722.0	371.0	0.0	0.0	0.0	375509.4	79428.9	295717.9	362.7	0.0	0.0	0.0
2021-08-11	578003	129163	448199.0	641.0	0.0	0.0	0.0	370233.0	80754.0	289082.1	396.9	0.0	0.0	0.0
2021-08-12	487406	126704	360088.0	614.0	0.0	0.0	0.0	363578.6	83870.9	279275.7	432.0	0.0	0.0	0.0
2021-08-13	403775	112733	290407.0	635.0	0.0	0.0	0.0	360115.9	86380.6	273271.1	464.1	0.0	0.0	0.0
2021-08-14	195381	67923	126806.0	652.0	0.0	0.0	0.0	362162.4	88420.3	273250.6	491.6	0.0	0.0	0.0
2021-08-15	112062	37427	74396.0	239.0	0.0	0.0	0.0	362576.9	89955.1	272119.9	501.9	0.0	0.0	0.0
2021-08-16	265029	85438	178860.0	731.0	0.0	0.0	0.0	358611.1	93273.9	264782.6	554.7	0.0	0.0	0.0
2021-08-17	396901	124531	271606.0	764.0	0.0	0.0	0.0	348365.3	97702.7	250051.7	610.9	0.0	0.0	0.0
2021-08-18	456259	148091	307201.0	967.0	0.0	0.0	0.0	330973.3	100406.7	229909.1	657.4	0.0	0.0	0.0
2021-08-19	377759	138738	237888.0	1133.0	0.0	0.0	0.0	315309.4	102125.9	212452.0	731.6	0.0	0.0	0.0
2021-08-20	309224	123672	184353.0	1199.0	0.0	0.0	0.0	301802.1	103688.6	197301.4	812.1	0.0	0.0	0.0
2021-08-21	153992	72767	80561.0	664.0	0.0	0.0	0.0	295889.4	104380.6	190695.0	813.9	0.0	0.0	0.0
2021-08-22	90744	39099	51275.0	370.0	0.0	0.0	0.0	292844.0	104619.4	187392.0	832.6	0.0	0.0	0.0
2021-08-23	224178	91637	131689.0	852.0	0.0	0.0	0.0	287008.1	105505.0	180653.3	849.9	0.0	0.0	0.0
2021-08-24	320591	131934	187340.0	1317.0	0.0	0.0	0.0	276106.7	106562.6	168615.3	928.9	0.0	0.0	0.0
2021-08-25	363173	151532	209657.0	1984.0	0.0	0.0	0.0	262808.7	107054.1	154680.4	1074.1	0.0	0.0	0.0
2021-08-26	311590	140760	168841.0	1989.0	0.0	0.0	0.0	253356.0	107343.0	144816.6	1196.4	0.0	0.0	0.0
2021-08-27	263454	120895	140418.0	2141.0	0.0	0.0	0.0	246817.4	106946.3	138540.1	1331.0	0.0	0.0	0.0
2021-08-28	138427	71040	66214.0	1173.0	0.0	0.0	0.0	244593.9	106699.6	136490.6	1403.7	0.0	0.0	0.0
2021-08-29	80830	36033	43995.0	802.0	0.0	0.0	0.0	243177.6	106261.6	135450.6	1465.4	0.0	0.0	0.0
2021-08-30	187876	85903	100640.0	1333.0	0.0	0.0	0.0	237991.6	105442.4	131015.0	1534.1	0.0	0.0	0.0
2021-08-31	273913	127099	144536.0	2278.0	0.0	0.0	0.0	231323.3	104751.7	124900.1	1671.4	0.0	0.0	0.0
2021-09-01	326268	136162	166544.0	23552.0	10.0	0.0	0.0	226051.1	102556.0	118741.1	4752.6	1.4	0.0	0.0
2021-09-02	277568	123152	135565.0	18839.0	12.0	0.0	0.0	221190.9	100040.6	113987.4	7159.7	3.1	0.0	0.0
2021-09-03	223518	97740	109918.0	15853.0	7.0	0.0	0.0	215485.7	96732.7	109630.3	9118.6	4.1	0.0	0.0
2021-09-04	106566	47896	53955.0	4710.0	5.0	0.0	0.0	210934.1	93426.4	107879.0	9623.9	4.9	0.0	0.0
2021-09-05	59897	26447	30359.0	3089.0	2.0	0.0	0.0	207943.7	92057.0	105931.0	9950.6	5.1	0.0	0.0
2021-09-06	153331	64728	72725.0	15863.0	15.0	0.0	0.0	203008.7	89032.0	101943.1	12026.3	7.3	0.0	0.0
2021-09-07	247007	102576	118750.0	25674.0	7.0	0.0	0.0	199165.0	85528.7	98259.4	15368.6	8.3	0.0	0.0
2021-09-08	284432	113900	138756.0	31768.0	8.0	0.0	0.0	193188.4	82348.4	94289.7	16542.3	8.0	0.0	0.0
2021-09-09	269730	111841	129844.0	28038.0	7.0	0.0	0.0	192068.7	80732.6	93472.4	17856.4	7.3	0.0	0.0
2021-09-10	219068	85265	111814.0	21983.0	6.0	0.0	0.0	191433.0	78950.4	93743.3	18732.1	7.1	0.0	0.0
2021-09-11	108589	43290	59084.0	6212.0	3.0	0.0	0.0	191722.0	78292.4	94476.0	18946.7	6.9	0.0	0.0
2021-09-12	61638	22782	34397.0	4456.0	3.0	0.0	0.0	191970.7	77768.9	95052.9	19142.0	7.0	0.0	0.0
2021-09-13	160768	61820	78448.0	20493.0	7.0	0.0	0.0	193033.1	77353.4	95870.4	19803.4	5.9	0.0	0.0
2021-09-14	265300	104232	123935.0	37124.0	9.0	0.0	0.0	195646.4	77590.0	96611.1	21439.1	6.1	0.0	0.0
2021-09-15	311921	113798	148760.0	49345.0	18.0	0.0	0.0	199573.4	77575.4	98040.3	23950.1	7.6	0.0	0.0
2021-09-16	290907	114053	136490.0	40347.0	17.0	0.0	0.0	202598.7	77891.4	98989.7	25708.6	9.0	0.0	0.0
2021-09-17	236693	88602	117268.0	30799.0	24.0	0.0	0.0	205116.6	78368.1	99768.9	26968.0	11.6	0.0	0.0
2021-09-18	111403	41419	62223.0	7756.0	5.0	0.0	0.0	205518.6	78100.9	100217.3	27188.6	11.9	0.0	0.0
2021-09-19	63030	21728	36264.0	5032.0	6.0	0.0	0.0	205717.4	77950.3	100484.0	27270.9	12.3	0.0	0.0
2021-09-20	158461	52683	80401.0	25360.0	17.0	0.0	0.0	205387.9	76645.0	100763.0	27966.1	13.7	0.0	0.0
2021-09-21	263148	89599	125743.0	47794.0	12.0	0.0	0.0	205080.4	74554.6	101021.3	29490.4	14.1	0.0	0.0
2021-09-22	301058	96081	143249.0	61692.0	36.0	0.0	0.0	203528.6	72023.6	100234.0	31254.3	16.7	0.0	0.0
2021-09-23	284950	99341	135078.0	50498.0	33.0	0.0	0.0	202677.6	69921.9	100032.3	32704.4	19.0	0.0	0.0
2021-09-24	222384	73650	113811.0	34894.0	29.0	0.0	0.0	200633.4	67785.9	99538.4	33289.4	19.7	0.0	0.0
2021-09-25	99694	32427	57491.0	9755.0	21.0	0.0	0.0	198960.7	66501.3	98862.4	33575.0	22.0	0.0	0.0
2021-09-26	53486	16885	31421.0	5173.0	7.0	0.0	0.0	197597.3	65809.4	98170.6	33595.1	22.1	0.0	0.0
2021-09-27	148824	47174	73504.0	28113.0	33.0	0.0	0.0	196220.6	65022.4	97185.3	33988.4	24.4	0.0	0.0
2021-09-28	251790	81987	117447.0	52336.0	20.0	0.0	0.0	194598.0	63935.0	96000.1	34637.3	25.6	0.0	0.0
2021-09-29	268404	82456	125115.0	60798.0	35.0	0.0	0.0	189933.1	61988.6	93409.6	34509.6	25.4	0.0	0.0
2021-09-30	233180	75220	113456.0	44470.0	34.0	0.0	0.0	182537.4	58542.7	90320.7	33648.4	25.6	0.0	0.0
2021-10-01	127013	43961	57091.0	25957.0	4.0	0.0	0.0	168913.0	54301.4	82217.9	32371.7	22.0	0.0	0.0
2021-10-02	29137	12199	13567.0	3369.0	2.0	0.0	0.0	158833.4	51411.7	75943.0	31459.4	19.3	0.0	0.0
2021-10-03	8485	3252	3858.0	1374.0	1.0	0.0	0.0	152404.7	49464.1	72005.4	30916.7	18.4	0.0	0.0
2021-10-04	96414	31737	43920.0	20675.0	82.0	0.0	0.0	144917.6	47258.9	67779.1	29854.1	25.4	0.0	0.0
2021-10-05	220263	64843	101894.0	53522.0	4.0	0.0	0.0	140413.7	44809.7	65557.3	30023.6	23.1	0.0	0.0
2021-10-06	233789	65682	104534.0	63521.0	52.0	0.0	0.0	135468.7	42413.4	62617.1	30412.6	25.6	0.0	0.0
2021-10-07	237456	71271	110159.0	56020.0	6.0	0.0	0.0	136079.6	41849.3	62146.1	32062.6	21.6	0.0	0.0
2021-10-08	158043	48477	69799.0	39764.0	3.0	0.0	0.0	140512.4	42494.4	63961.6	34035.0	21.4	0.0	0.0
2021-10-09	37878	15257	17846.0	4721.0	54.0	0.0	0.0	141761.1	42931.3	64572.9	34228.1	28.9	0.0	0.0
2021-10-10	11857	5072	5453.0	1332.0	0.0	0.0	0.0	142242.9	43191.3	64800.7	34222.1	28.7	0.0	0.0
2021-10-11	98658	30926	42611.0	25099.0	22.0	0.0	0.0	142563.4	43075.4	64613.7	34854.1	20.1	0.0	0.0
2021-10-12	214491	58557	93238.0	62690.0	6.0	0.0	0.0	141738.9	42177.4	63377.1	36163.9	20.4	0.0	0.0
2021-10-13	231960	61759	97201.0	72974.0	26.0	0.0	0.0	141477.6	41617.0	62329.6	37514.3	16.7	0.0	0.0
2021-10-14	230951	63492	100791.0	66646.0	22.0	0.0	0.0	140548.3	40505.7	60991.3	39032.3	19.0	0.0	0.0
2021-10-15	151413	43071	65074.0	43262.0	6.0	0.0	0.0	139601.1	39733.4	60316.3	39532.0	19.4	0.0	0.0
2021-10-16	39356	15115	18390.0	5845.0	6.0	0.0	0.0	139812.3	39713.1	60394.0	39692.6	12.6	0.0	0.0
2021-10-17	11891	4442	5377.0	2070.0	2.0	0.0	0.0	139817.1	39623.1	60383.1	39798.0	12.9	0.0	0.0
2021-10-18	99016	28035	40389.0	30581.0	11.0	0.0	0.0	139868.3	39210.1	60065.7	40581.1	11.3	0.0	0.0
2021-10-19	212501	53361	88303.0	70831.0	6.0	0.0	0.0	139584.0	38467.9	59360.7	41744.1	11.3	0.0	0.0
2021-10-20	229813	54377	89667.0	85754.0	15.0	0.0	0.0	139277.3	37413.3	58284.4	43569.9	9.7	0.0	0.0
2021-10-21	224248	55744	89429.0	79072.0	3.0	0.0	0.0	138319.7	36306.4	56661.3	45345.0	7.0	0.0	0.0
2021-10-22	151278	38658	58254.0	54358.0	8.0	0.0	0.0	138300.4	35676.0	55687.0	46930.1	7.3	0.0	0.0
2021-10-23	39764	13942	15657.0	10161.0	4.0	0.0	0.0	138358.7	35508.4	55296.6	47546.7	7.0	0.0	0.0
2021-10-24	11995	4036	4983.0	2974.0	2.0	0.0	0.0	138373.6	35450.4	55240.3	47675.9	7.0	0.0	0.0
2021-10-25	108904	25726	40087.0	43080.0	11.0	0.0	0.0	139786.1	35120.6	55197.1	49461.4	7.0	0.0	0.0
2021-10-26	252550	52134	91822.0	108587.0	7.0	0.0	0.0	145507.4	34945.3	55699.9	54855.1	7.1	0.0	0.0
2021-10-27	275279	54450	91222.0	129593.0	14.0	0.0	0.0	152002.6	34955.7	55922.0	61117.9	7.0	0.0	0.0
2021-10-28	275365	55651	92579.0	127122.0	13.0	0.0	0.0	159305.0	34942.4	56372.0	67982.1	8.4	0.0	0.0
2021-10-29	186634	39864	58577.0	88175.0	18.0	0.0	0.0	164355.9	35114.7	56418.1	72813.1	9.9	0.0	0.0
2021-10-30	47330	14554	15308.0	17463.0	5.0	0.0	0.0	165436.7	35202.1	56368.3	73856.3	10.0	0.0	0.0
2021-10-31	12948	3989	4065.0	4891.0	3.0	0.0	0.0	165572.9	35195.4	56237.1	74130.1	10.1	0.0	0.0
2021-11-01	61302	12062	16476.0	32760.0	4.0	0.0	0.0	158772.6	33243.4	52864.1	72655.9	9.1	0.0	0.0
2021-11-02	250710	43321	73021.0	134361.0	7.0	0.0	0.0	158509.7	31984.4	50178.3	76337.9	9.1	0.0	0.0
2021-11-03	325329	54052	80735.0	190533.0	9.0	0.0	0.0	165659.7	31927.6	48680.1	85043.6	8.4	0.0	0.0
2021-11-04	331818	58426	84837.0	188543.0	12.0	0.0	0.0	173724.4	32324.0	47574.1	93818.0	8.3	0.0	0.0
2021-11-05	243936	43236	53882.0	146799.0	19.0	0.0	0.0	181910.4	32805.7	46903.4	102192.9	8.4	0.0	0.0
2021-11-06	70464	18991	16072.0	35395.0	6.0	0.0	0.0	185215.3	33439.6	47012.6	104754.6	8.6	0.0	0.0
2021-11-07	23674	6004	5407.0	12258.0	5.0	0.0	0.0	186747.6	33727.4	47204.3	105807.0	8.9	0.0	0.0
2021-11-08	179734	31195	36062.0	112462.0	15.0	0.0	0.0	203666.4	36460.7	50002.3	117193.0	10.4	0.0	0.0
2021-11-09	394033	61568	79841.0	252609.0	15.0	0.0	0.0	224141.1	39067.4	50976.6	134085.6	11.6	0.0	0.0
2021-11-10	450225	65794	79362.0	305044.0	25.0	0.0	0.0	241983.4	40744.9	50780.4	150444.3	13.9	0.0	0.0
2021-11-11	452455	70088	81650.0	300692.0	25.0	0.0	0.0	259217.3	42410.9	50325.1	166465.6	15.7	0.0	0.0
2021-11-12	352956	54776	53264.0	244892.0	24.0	0.0	0.0	274791.6	44059.4	50236.9	180478.9	16.4	0.0	0.0
2021-11-13	105876	26113	17327.0	62424.0	12.0	0.0	0.0	279850.4	45076.9	50416.1	184340.1	17.3	0.0	0.0
2021-11-14	33239	7969	4704.0	20557.0	9.0	0.0	0.0	281216.9	45357.6	50315.7	185525.7	17.9	0.0	0.0
2021-11-15	253207	39921	35093.0	178169.0	24.0	0.0	0.0	291713.0	46604.1	50177.3	194912.4	19.1	0.0	0.0
2021-11-16	535140	72603	73402.0	389109.0	26.0	0.0	0.0	311871.1	48180.6	49257.4	214412.4	20.7	0.0	0.0
2021-11-17	599589	75242	71168.0	453157.0	22.0	0.0	0.0	333208.9	49530.3	48086.9	235571.4	20.3	0.0	0.0
2021-11-18	638454	82684	77621.0	478117.0	32.0	0.0	0.0	359780.1	51329.7	47511.3	260917.9	21.3	0.0	0.0
2021-11-19	535966	72764	54989.0	408179.0	34.0	0.0	0.0	385924.4	53899.4	47757.7	284244.6	22.7	0.0	0.0
2021-11-20	241532	48945	20862.0	171703.0	22.0	0.0	0.0	405303.9	57161.1	48262.7	299855.9	24.1	0.0	0.0
2021-11-21	79807	14554	6476.0	58766.0	11.0	0.0	0.0	411956.4	58101.9	48515.9	305314.3	24.4	0.0	0.0
2021-11-22	428129	68364	35227.0	324512.0	26.0	0.0	0.0	436945.3	62165.1	48535.0	326220.4	24.7	0.0	0.0
2021-11-23	858007	125819	75337.0	656819.0	32.0	0.0	0.0	483069.1	69767.4	48811.4	364464.7	25.6	0.0	0.0
2021-11-24	1019893	144327	83297.0	792232.0	37.0	0.0	0.0	543112.6	79636.7	50544.1	412904.0	27.7	0.0	0.0
2021-11-25	964534	145563	84252.0	734689.0	30.0	0.0	0.0	589695.4	88619.4	51491.4	449557.1	27.4	0.0	0.0
2021-11-26	840548	117048	62376.0	661074.0	50.0	0.0	0.0	633207.1	94945.7	52546.7	485685.0	29.7	0.0	0.0
2021-11-27	704974	110253	36991.0	557702.0	28.0	0.0	0.0	699413.1	103704.0	54850.9	540827.7	30.6	0.0	0.0
2021-11-28	172259	26643	9404.0	136197.0	15.0	0.0	0.0	712620.6	105431.0	55269.1	551889.3	31.1	0.0	0.0
2021-11-29	590630	83574	42105.0	464917.0	34.0	0.0	0.0	735835.0	107603.9	56251.7	571947.1	32.3	0.0	0.0
2021-11-30	1049423	122893	79418.0	847073.0	39.0	0.0	0.0	763180.1	107185.9	56834.7	599126.3	33.3	0.0	0.0
2021-12-01	1276084	125865	85546.0	1064615.0	57.0	1.0	0.0	799778.9	104548.4	57156.0	638038.1	36.1	0.1	0.0
2021-12-02	1189727	117216	89052.0	983375.0	84.0	0.0	0.0	831949.3	100498.9	57841.7	673564.7	43.9	0.1	0.0
2021-12-03	1077929	97848	67821.0	912196.0	60.0	4.0	0.0	865860.9	97756.0	58619.6	709439.3	45.3	0.7	0.0
2021-12-04	1018904	87582	43227.0	888045.0	49.0	1.0	0.0	910708.0	94517.3	59510.4	756631.1	48.3	0.9	0.0
2021-12-05	273570	21368	12395.0	239794.0	13.0	0.0	0.0	925181.0	93763.7	59937.7	771430.7	48.0	0.9	0.0
2021-12-06	752609	68227	47813.0	636521.0	47.0	1.0	0.0	948320.9	91571.3	60753.1	795945.6	49.9	1.0	0.0
2021-12-07	1204180	94604	83621.0	1025902.0	51.0	2.0	0.0	970429.0	87530.0	61353.6	821492.6	51.6	1.3	0.0
2021-12-08	1425406	101509	90747.0	1233094.0	56.0	0.0	0.0	991760.7	84050.6	62096.6	845561.0	51.4	1.1	0.0
2021-12-09	1323760	94027	94837.0	1134820.0	75.0	1.0	0.0	1010908.3	80737.9	62923.0	867196.0	50.1	1.3	0.0
2021-12-10	1224147	78819	80146.0	1065108.0	73.0	1.0	0.0	1031796.6	78019.4	64683.7	889040.6	52.0	0.9	0.0
2021-12-11	1218410	73196	55987.0	1089178.0	49.0	0.0	0.0	1060297.4	75964.3	66506.6	917773.9	52.0	0.7	0.0
2021-12-12	317918	17846	16795.0	283262.0	15.0	0.0	0.0	1066632.9	75461.1	67135.1	923983.6	52.3	0.7	0.0
2021-12-13	807817	54312	60015.0	693460.0	29.0	1.0	0.0	1074519.7	73473.3	68878.3	932117.7	49.7	0.7	0.0
2021-12-14	1351733	87854	111097.0	1152712.0	69.0	1.0	0.0	1095598.7	72509.0	72803.4	950233.4	52.3	0.6	0.0
2021-12-15	1562042	104620	124369.0	1332750.0	302.0	1.0	0.0	1115118.1	72953.4	77606.6	964470.0	87.4	0.7	0.0
2021-12-16	1463216	104731	136380.0	1221859.0	243.0	3.0	0.0	1135040.4	74482.6	83541.3	976904.1	111.4	1.0	0.0
2021-12-17	1279399	105785	114136.0	1059382.0	93.0	3.0	0.0	1142933.6	78334.9	88397.0	976086.1	114.3	1.3	0.0
2021-12-18	1138097	107697	77901.0	952444.0	55.0	0.0	0.0	1131460.3	83263.6	91527.6	956552.7	115.1	1.3	0.0
2021-12-19	349457	42164	22219.0	285041.0	33.0	0.0	0.0	1135965.9	86737.6	92302.4	956806.9	117.7	1.3	0.0
2021-12-20	894353	75312	89660.0	729276.0	102.0	3.0	0.0	1148328.1	89737.6	96537.4	961923.4	128.1	1.6	0.0
2021-12-21	1241591	99788	135917.0	1005789.0	96.0	1.0	0.0	1132593.6	91442.4	100083.1	940934.4	132.0	1.6	0.0
2021-12-22	1219119	101058	125857.0	992072.0	129.0	3.0	0.0	1083604.6	90933.6	100295.7	892266.1	107.3	1.9	0.0
2021-12-23	671289	59508	73571.0	538126.0	83.0	1.0	0.0	970472.1	84473.1	91323.0	794590.0	84.4	1.6	0.0
2021-12-24	48817	4010	5234.0	39568.0	5.0	0.0	0.0	794674.7	69933.9	75765.6	648902.3	71.9	1.1	0.0
2021-12-25	27978	1648	1966.0	24362.0	2.0	0.0	0.0	636086.3	54784.0	64917.7	516319.1	64.3	1.1	0.0
2021-12-26	62536	5304	4785.0	52441.0	6.0	0.0	0.0	595097.6	49518.3	62427.1	483090.6	60.4	1.1	0.0
2021-12-27	605950	50794	64202.0	490866.0	86.0	2.0	0.0	553897.1	46015.7	58790.3	449032.0	58.1	1.0	0.0
2021-12-28	748499	64694	80331.0	603367.0	104.0	3.0	0.0	483455.4	41002.3	50849.4	391543.1	59.3	1.3	0.0
2021-12-29	700372	64948	72666.0	562658.0	99.0	1.0	0.0	409348.7	35843.7	43250.7	330198.3	55.0	1.0	0.0
2021-12-30	486459	46796	52304.0	387267.0	91.0	1.0	0.0	382944.4	34027.7	40212.6	308647.0	56.1	1.0	0.0
2021-12-31	59494	4775	6056.0	48651.0	12.0	0.0	0.0	384469.7	34137.0	40330.0	309944.6	57.1	1.0	0.0
2022-01-01	28688	2217	2912.0	23550.0	8.0	1.0	0.0	384571.1	34218.3	40465.1	309828.6	58.0	1.1	0.0
2022-01-02	154099	16418	14305.0	123340.0	34.0	2.0	0.0	397651.6	35806.0	41825.1	319957.0	62.0	1.4	0.0
2022-01-03	481977	39593	62028.0	380251.0	102.0	3.0	0.0	379941.1	34205.9	41514.6	304154.9	64.3	1.6	0.0
2022-01-04	701820	57530	95757.0	548396.0	133.0	4.0	0.0	373272.7	33182.4	43718.3	296301.9	68.4	1.7	0.0
2022-01-05	817525	60426	113105.0	643858.0	132.0	4.0	0.0	390008.9	32536.4	49495.3	307901.9	73.1	2.1	0.0
2022-01-06	684465	51570	92407.0	540373.0	115.0	0.0	0.0	418295.4	33218.4	55224.3	329774.1	76.6	2.0	0.0
2022-01-07	767052	56809	117442.0	592615.0	184.0	2.0	0.0	519375.1	40651.9	71136.6	407483.3	101.1	2.3	0.0
2022-01-08	520002	45721	82826.0	391361.0	93.0	1.0	0.0	589562.9	46866.7	82552.9	460027.7	113.3	2.3	0.0
2022-01-09	185137	18712	34759.0	131621.0	45.0	0.0	0.0	593996.9	47194.4	85474.9	461210.7	114.9	2.0	0.0
2022-01-10	560095	37381	84548.0	437951.0	213.0	2.0	0.0	605156.6	46878.4	88692.0	469453.6	130.7	1.9	0.0
2022-01-11	797060	54387	120563.0	621991.0	118.0	1.0	0.0	618762.3	46429.4	92235.7	479967.1	128.6	1.4	0.0
2022-01-12	881731	59833	134573.0	687080.0	239.0	6.0	0.0	627934.6	46344.7	95302.6	486141.7	143.9	1.7	0.0
2022-01-13	837875	58329	126379.0	652991.0	173.0	3.0	0.0	649850.3	47310.3	100155.7	502230.0	152.1	2.1	0.0
2022-01-14	780284	62559	114748.0	602461.0	513.0	3.0	0.0	651740.6	48131.7	99770.9	503636.6	199.1	2.3	0.0
2022-01-15	467234	58750	71641.0	336711.0	129.0	3.0	0.0	644202.3	49993.0	98173.0	495829.4	204.3	2.6	0.0
2022-01-16	154531	18921	23331.0	112227.0	52.0	0.0	0.0	639830.0	50022.9	96540.4	493058.9	205.3	2.6	0.0
2022-01-17	481335	39585	74175.0	367242.0	329.0	4.0	0.0	628578.6	50337.7	95058.6	482957.6	221.9	2.9	0.0
2022-01-18	652790	50700	97668.0	504213.0	208.0	1.0	0.0	607968.6	49811.0	91787.9	466132.1	234.7	2.9	0.0
2022-01-19	681428	58592	106087.0	515715.0	964.0	70.0	0.0	579353.9	49633.7	87718.4	441651.4	338.3	12.0	0.0
2022-01-20	701838	57829	107360.0	536252.0	371.0	26.0	0.0	559920.0	49562.3	85001.4	424974.4	366.6	15.3	0.0
2022-01-21	598408	53448	95019.0	449651.0	281.0	9.0	0.0	533937.7	48260.7	82183.0	403144.4	333.4	16.1	0.0
2022-01-22	296517	38354	57889.0	200111.0	160.0	3.0	0.0	509549.6	45347.0	80218.4	383630.1	337.9	16.1	0.0
2022-01-23	107766	13282	26611.0	67803.0	70.0	0.0	0.0	502868.9	44541.4	80687.0	377283.9	340.4	16.1	0.0
2022-01-24	357267	31091	65126.0	260811.0	237.0	2.0	0.0	485144.9	43328.0	79394.3	362079.4	327.3	15.9	0.0
2022-01-25	500776	41553	86229.0	372581.0	300.0	113.0	0.0	463428.6	42021.3	77760.1	343274.9	340.4	31.9	0.0
2022-01-26	504146	41515	84974.0	377061.0	503.0	93.0	0.0	438102.6	39581.7	74744.0	323467.1	274.6	35.1	0.0
2022-01-27	510350	41832	96109.0	371829.0	468.0	112.0	0.0	410747.1	37296.4	73136.7	299978.1	288.4	47.4	0.0
2022-01-28	438284	38566	82077.0	317062.0	455.0	124.0	0.0	387872.3	35170.4	71287.9	281036.9	313.3	63.9	0.0
2022-01-29	211986	26526	53790.0	131423.0	235.0	12.0	0.0	375796.4	33480.7	70702.3	271224.3	324.0	65.1	0.0
2022-01-30	75590	8919	20979.0	45608.0	81.0	3.0	0.0	371199.9	32857.4	69897.7	268053.6	325.6	65.6	0.0
2022-01-31	232989	21557	47997.0	162770.0	456.0	209.0	0.0	353445.9	31495.4	67450.7	254047.7	356.9	95.1	0.0
2022-02-01	293185	25569	57102.0	209949.0	469.0	96.0	0.0	323790.0	29212.0	63289.7	230814.6	381.0	92.7	0.0
2022-02-02	361763	30642	69417.0	261047.0	467.0	190.0	0.0	303449.6	27658.7	61067.3	214241.1	375.9	106.6	0.0
2022-02-03	342254	28738	67319.0	245257.0	858.0	82.0	0.0	279435.9	25788.1	56954.4	196159.4	431.6	102.3	0.0
2022-02-04	312798	26159	69243.0	214732.0	2638.0	26.0	0.0	261509.3	24015.7	55121.0	181540.9	743.4	88.3	0.0
2022-02-05	147844	16374	51972.0	77448.0	2013.0	37.0	0.0	252346.1	22565.4	54861.3	173830.1	997.4	91.9	0.0
2022-02-06	53060	5584	18404.0	28336.0	731.0	5.0	0.0	249127.6	22089.0	54493.4	171362.7	1090.3	92.1	0.0
2022-02-07	167789	12841	39807.0	112482.0	2643.0	16.0	0.0	239813.3	20843.9	53323.4	164178.7	1402.7	64.6	0.0
2022-02-08	276957	21560	59210.0	192930.0	3081.0	176.0	0.0	237495.0	20271.1	53624.6	161747.4	1775.9	76.0	0.0
2022-02-09	283072	19984	60107.0	199483.0	3430.0	68.0	0.0	226253.4	18748.6	52294.6	152952.6	2199.1	58.6	0.0
2022-02-10	277388	18794	58781.0	171347.0	28406.0	60.0	0.0	216986.9	17328.0	51074.9	142394.0	6134.6	55.4	0.0
2022-02-11	251047	17523	58176.0	150623.0	24605.0	120.0	0.0	208165.3	16094.3	49493.9	133235.6	9272.7	68.9	0.0
2022-02-12	110557	10512	37427.0	54474.0	8034.0	110.0	0.0	202838.6	15256.9	47416.0	129953.6	10132.9	79.3	0.0
2022-02-13	34540	3027	11506.0	17707.0	2288.0	12.0	0.0	200192.9	14891.6	46430.6	128435.1	10355.3	80.3	0.0
2022-02-14	134129	9551	29899.0	77673.0	16960.0	46.0	0.0	195384.3	14421.6	45015.1	123462.4	12400.6	84.6	0.0
2022-02-15	224066	14420	46540.0	129149.0	33910.0	47.0	0.0	187828.4	13401.6	43205.1	114350.9	16804.7	66.1	0.0
2022-02-16	224875	13059	43733.0	127462.0	40557.0	64.0	0.0	179514.6	12412.3	40866.0	104062.1	22108.6	65.6	0.0
2022-02-17	228615	12837	45952.0	124649.0	45112.0	65.0	0.0	172547.0	11561.3	39033.3	97391.0	24495.1	66.3	0.0
2022-02-18	210923	16222	47988.0	110311.0	36351.0	51.0	0.0	166815.0	11375.4	37577.9	91632.1	26173.1	56.4	0.0
2022-02-19	81206	6714	27821.0	36363.0	10231.0	77.0	0.0	162622.0	10832.9	36205.6	89044.9	26487.0	51.7	0.0
2022-02-20	31002	2386	9442.0	15578.0	3591.0	5.0	0.0	162116.6	10741.3	35910.7	88740.7	26673.1	50.7	0.0
2022-02-21	132556	10289	28423.0	69036.0	24783.0	25.0	0.0	161891.9	10846.7	35699.9	87506.9	27790.7	47.7	0.0
2022-02-22	203840	11705	38547.0	103893.0	49607.0	88.0	0.0	159002.4	10458.9	34558.0	83898.9	30033.1	53.6	0.0
2022-02-23	207767	10780	36358.0	104242.0	56316.0	71.0	0.0	156558.4	10133.3	33504.4	80581.7	32284.4	54.6	0.0
2022-02-24	210761	11400	38252.0	103896.0	57119.0	94.0	0.0	154007.9	9928.0	32404.4	77617.0	33999.7	58.7	0.0
2022-02-25	176111	9525	33989.0	87749.0	44771.0	77.0	0.0	149034.7	8971.3	30404.6	74393.9	35202.6	62.4	0.0
2022-02-26	61980	4987	18414.0	27996.0	10525.0	58.0	0.0	146288.1	8724.6	29060.7	73198.6	35244.6	59.7	0.0
2022-02-27	19343	2359	5017.0	8813.0	3150.0	4.0	0.0	144622.6	8720.7	28428.6	72232.1	35181.6	59.6	0.0
2022-02-28	103462	8807	18246.0	50885.0	25489.0	35.0	0.0	140466.3	8509.0	26974.7	69639.1	35282.4	61.0	0.0
2022-03-01	162682	10119	24445.0	72615.0	55483.0	19.0	1.0	134586.6	8282.4	24960.1	65170.9	36121.9	51.1	0.1
2022-03-02	161006	10956	24084.0	69695.0	56217.0	54.0	0.0	127906.4	8307.6	23206.7	60235.6	36107.7	48.7	0.1
2022-03-03	216466	11381	29785.0	91432.0	83804.0	64.0	0.0	128721.4	8304.9	21997.1	58455.0	39919.9	44.4	0.1
2022-03-04	163221	11374	25077.0	69644.0	57083.0	43.0	0.0	126880.0	8569.0	20724.0	55868.6	41678.7	39.6	0.1
2022-03-05	55047	6417	11596.0	22310.0	14665.0	59.0	0.0	125889.6	8773.3	19750.0	55056.3	42270.1	39.7	0.1
2022-03-06	22486	4300	4291.0	9066.0	4818.0	11.0	0.0	126338.6	9050.6	19646.3	55092.4	42508.4	40.7	0.1
2022-03-07	95378	8000	13892.0	39242.0	34215.0	29.0	0.0	125183.7	8935.3	19024.3	53429.1	43755.0	39.9	0.1
2022-03-08	169079	9205	20925.0	64764.0	74152.0	33.0	0.0	126097.6	8804.7	18521.4	52307.6	46422.0	41.9	0.0
2022-03-09	178630	8203	19156.0	65670.0	85574.0	27.0	0.0	128615.3	8411.4	17817.4	51732.6	50615.9	38.0	0.0
2022-03-10	194979	8571	20918.0	71138.0	94312.0	39.0	1.0	125545.7	8010.0	16550.7	48833.4	52117.0	34.4	0.1
2022-03-11	167800	9510	20566.0	61622.0	76069.0	33.0	0.0	126199.9	7743.7	15906.3	47687.4	54829.3	33.0	0.1
2022-03-12	52276	4502	8990.0	20694.0	18049.0	41.0	0.0	125804.0	7470.1	15534.0	47456.6	55312.7	30.4	0.1
2022-03-13	18528	1648	2936.0	8370.0	5568.0	6.0	0.0	125238.6	7091.3	15340.4	47357.1	55419.9	29.7	0.1
2022-03-14	92513	4919	9322.0	34888.0	43353.0	30.0	1.0	124829.3	6651.1	14687.6	46735.1	56725.3	29.9	0.3
2022-03-15	174371	7279	15995.0	58003.0	93065.0	28.0	1.0	125585.3	6376.0	13983.3	45769.3	59427.1	29.1	0.4
2022-03-16	183537	6547	13902.0	57892.0	105152.0	43.0	1.0	126286.3	6139.4	13232.7	44658.1	62224.0	31.4	0.6
2022-03-17	194517	6425	14645.0	60116.0	113291.0	40.0	0.0	126220.3	5832.9	12336.6	43083.6	64935.3	31.6	0.4
2022-03-18	149583	6458	13402.0	49933.0	79739.0	49.0	2.0	123617.9	5396.9	11313.1	41413.7	65459.6	33.9	0.7
2022-03-19	48072	3465	6473.0	17769.0	20325.0	40.0	0.0	123017.3	5248.7	10953.6	40995.9	65784.7	33.7	0.7
2022-03-20	17070	1803	3102.0	6238.0	5923.0	4.0	0.0	122809.0	5270.9	10977.3	40691.3	65835.4	33.4	0.7
2022-03-21	94848	4015	8784.0	29698.0	52319.0	32.0	0.0	123142.6	5141.7	10900.4	39949.9	67116.3	33.7	0.6
2022-03-22	168024	7015	14083.0	48662.0	98237.0	27.0	0.0	122235.9	5104.0	10627.3	38615.4	67855.1	33.6	0.4
2022-03-23	179043	5849	13433.0	47878.0	111847.0	36.0	0.0	121593.9	5004.3	10560.3	37184.9	68811.6	32.6	0.3
2022-03-24	183998	6035	13502.0	49538.0	114902.0	21.0	0.0	120091.1	4948.6	10397.0	35673.7	69041.7	29.9	0.3
2022-03-25	152419	5346	13361.0	43392.0	90233.0	87.0	0.0	120496.3	4789.7	10391.1	34739.3	70540.9	35.3	0.0
2022-03-26	42923	2845	6875.0	14788.0	18392.0	23.0	0.0	119760.7	4701.1	10448.6	34313.4	70264.7	32.9	0.0
2022-03-27	16174	929	2749.0	6242.0	6251.0	3.0	0.0	119632.7	4576.3	10398.1	34314.0	70311.6	32.7	0.0
2022-03-28	93861	3354	8467.0	26193.0	55821.0	26.0	0.0	119491.7	4481.9	10352.9	33813.3	70811.9	31.9	0.0
2022-03-29	166076	5614	11405.0	41622.0	107408.0	27.0	0.0	119213.4	4281.7	9970.3	32807.6	72122.0	31.9	0.0
2022-03-30	187072	5095	11008.0	42328.0	128577.0	64.0	0.0	120360.4	4174.0	9623.9	32014.7	74512.0	35.9	0.0
2022-03-31	181698	5832	12564.0	48798.0	114443.0	61.0	0.0	120031.9	4145.0	9489.9	31909.0	74446.4	41.6	0.0
2022-04-01	120052	4021	9168.0	29184.0	77654.0	25.0	0.0	115408.0	3955.7	8890.9	29879.3	72649.4	32.7	0.0
2022-04-02	34970	2039	4160.0	10742.0	17981.0	48.0	0.0	114271.9	3840.6	8503.0	29301.3	72590.7	36.3	0.0
2022-04-03	13832	966	1511.0	4978.0	6372.0	5.0	0.0	113937.3	3845.9	8326.1	29120.7	72608.0	36.6	0.0
2022-04-04	75098	2268	4963.0	19159.0	48690.0	18.0	0.0	111256.9	3690.7	7825.6	28115.9	71589.3	35.4	0.0
2022-04-05	152491	4210	8627.0	33024.0	106596.0	32.0	2.0	109316.1	3490.1	7428.7	26887.6	71473.3	36.1	0.3
2022-04-06	183140	5645	12058.0	38523.0	126870.0	42.0	2.0	108754.4	3568.7	7578.7	26344.0	71229.4	33.0	0.6
2022-04-07	183232	3899	8943.0	38247.0	132111.0	31.0	1.0	108973.6	3292.6	7061.4	24836.7	73753.4	28.7	0.7
2022-04-08	142307	3633	8377.0	31412.0	98838.0	46.0	1.0	112152.9	3237.1	6948.4	25155.0	76779.7	31.7	0.9
2022-04-09	33493	1568	3850.0	9929.0	18106.0	40.0	0.0	111941.9	3169.9	6904.1	25038.9	76797.6	30.6	0.9
2022-04-10	11218	549	1240.0	3507.0	5919.0	3.0	0.0	111568.4	3110.3	6865.4	24828.7	76732.9	30.3	0.9
2022-04-11	64029	1936	4296.0	16018.0	41750.0	28.0	1.0	109987.1	3062.9	6770.1	24380.0	75741.4	31.7	1.0
2022-04-12	119432	2550	5646.0	25053.0	86133.0	49.0	1.0	105264.4	2825.7	6344.3	23241.3	72818.1	34.1	0.9
2022-04-13	126762	4377	5594.0	23827.0	92910.0	53.0	1.0	97210.4	2644.6	5420.9	21141.9	67966.7	35.7	0.7
2022-04-14	105616	2732	6026.0	22389.0	74407.0	62.0	0.0	86122.4	2477.9	5004.1	18876.4	59723.3	40.1	0.6
2022-04-15	6346	311	627.0	1782.0	3622.0	3.0	1.0	66699.4	2003.3	3897.0	14643.6	46121.0	34.0	0.6
2022-04-16	7160	486	1090.0	2502.0	3071.0	11.0	0.0	62937.6	1848.7	3502.7	13582.6	43973.1	29.9	0.6
2022-04-17	1960	223	285.0	618.0	830.0	4.0	0.0	61615.0	1802.1	3366.3	13169.9	43246.1	30.0	0.6
2022-04-18	2805	173	361.0	889.0	1378.0	4.0	0.0	52868.7	1550.3	2804.1	11008.6	37478.7	26.6	0.4
2022-04-19	75221	4508	4793.0	17935.0	47906.0	79.0	0.0	46552.9	1830.0	2682.3	9991.7	32017.7	30.9	0.3
2022-04-20	92411	2116	4961.0	18773.0	66513.0	47.0	1.0	41645.6	1507.0	2591.9	9269.7	28246.7	30.0	0.3
2022-04-21	104256	2131	5594.0	21536.0	74940.0	54.0	1.0	41451.3	1421.1	2530.1	9147.9	28322.9	28.9	0.4
2022-04-22	85256	2423	6208.0	20026.0	56532.0	66.0	1.0	52724.1	1722.9	3327.4	11754.1	35881.4	37.9	0.4
2022-04-23	20432	1164	2874.0	6222.0	10136.0	34.0	2.0	54620.1	1819.7	3582.3	12285.6	36890.7	41.1	0.7
2022-04-24	6568	377	797.0	1832.0	3557.0	5.0	0.0	55278.4	1841.7	3655.4	12459.0	37280.3	41.3	0.7
2022-04-25	54063	1944	4186.0	12418.0	35472.0	43.0	0.0	62601.0	2094.7	4201.9	14106.0	42150.9	46.9	0.7
2022-04-26	116976	4999	8452.0	23363.0	80134.0	28.0	0.0	68566.0	2164.9	4724.6	14881.4	46754.9	39.6	0.7
2022-04-27	119837	2562	6045.0	23075.0	88094.0	60.0	1.0	72484.0	2228.6	4879.4	15496.0	49837.9	41.4	0.7
2022-04-28	122555	2551	6250.0	24221.0	89505.0	28.0	0.0	75098.1	2288.6	4973.1	15879.6	51918.6	37.7	0.6
2022-04-29	103411	7563	10410.0	21818.0	63570.0	49.0	1.0	77691.7	3022.9	5573.4	16135.6	52924.0	35.3	0.6
2022-04-30	21239	1172	2824.0	6457.0	10759.0	27.0	0.0	77807.0	3024.0	5566.3	16169.1	53013.0	34.3	0.3
2022-05-01	4396	258	348.0	1083.0	2705.0	2.0	0.0	77496.7	3007.0	5502.1	16062.1	52891.3	33.9	0.3
2022-05-02	42981	1377	2648.0	9200.0	29748.0	8.0	0.0	75913.6	2926.0	5282.4	15602.4	52073.6	28.9	0.3
2022-05-03	91743	2955	5997.0	19775.0	62999.0	17.0	0.0	72308.9	2634.0	4931.7	15089.9	49625.7	27.3	0.3
2022-05-04	148185	2568	5842.0	26924.0	112823.0	28.0	0.0	76358.6	2634.9	4902.7	15639.7	53158.4	22.7	0.1
2022-05-05	105707	3089	6039.0	21122.0	75427.0	30.0	0.0	73951.7	2711.7	4872.6	15197.0	51147.3	23.0	0.1
2022-05-06	76808	1967	4106.0	15455.0	55247.0	31.0	2.0	70151.3	1912.3	3972.0	14288.0	49958.3	20.4	0.3
2022-05-07	15354	844	1766.0	5380.0	7349.0	15.0	0.0	69310.6	1865.4	3820.9	14134.1	49471.1	18.7	0.3
2022-05-08	4356	204	454.0	1103.0	2592.0	3.0	0.0	69304.9	1857.7	3836.0	14137.0	49455.0	18.9	0.3
2022-05-09	35861	1041	2113.0	8576.0	24114.0	17.0	0.0	68287.7	1809.7	3759.6	14047.9	48650.1	20.1	0.3
2022-05-10	82711	2371	4381.0	17512.0	58427.0	20.0	0.0	66997.4	1726.3	3528.7	13724.6	47997.0	20.6	0.3
2022-05-11	83482	1792	3460.0	15403.0	62789.0	37.0	1.0	57754.1	1615.4	3188.4	12078.7	40849.3	21.9	0.4
2022-05-12	86298	1895	3755.0	17249.0	63372.0	26.0	1.0	54981.4	1444.9	2862.1	11525.4	39127.1	21.3	0.6
2022-05-13	59729	1464	3317.0	12416.0	42514.0	18.0	0.0	52541.6	1373.0	2749.4	11091.3	37308.1	19.4	0.3
2022-05-14	11690	656	1423.0	3471.0	6116.0	24.0	0.0	52018.1	1346.1	2700.4	10818.6	37132.0	20.7	0.3
2022-05-15	4151	263	524.0	1226.0	2135.0	3.0	0.0	51988.9	1354.6	2710.4	10836.1	37066.7	20.7	0.3
2022-05-16	31041	966	1982.0	7115.0	20959.0	19.0	0.0	51300.3	1343.9	2691.7	10627.4	36616.0	21.0	0.3
2022-05-17	69657	2275	4147.0	14663.0	48552.0	19.0	1.0	49435.4	1330.1	2658.3	10220.4	35205.3	20.9	0.4
2022-05-18	68572	1354	3169.0	13458.0	50556.0	34.0	1.0	47305.4	1267.6	2616.7	9942.6	33457.7	20.4	0.4
2022-05-19	75018	1708	3781.0	14599.0	54912.0	18.0	0.0	45694.0	1240.9	2620.4	9564.0	32249.1	19.3	0.3
2022-05-20	55408	1393	3131.0	11721.0	39120.0	43.0	0.0	45076.7	1230.7	2593.9	9464.7	31764.3	22.9	0.3
2022-05-21	11774	702	1524.0	3836.0	5688.0	24.0	0.0	45088.7	1237.3	2608.3	9516.9	31703.1	22.9	0.3
2022-05-22	3588	172	394.0	1010.0	2009.0	3.0	0.0	45008.3	1224.3	2589.7	9486.0	31685.1	22.9	0.3
2022-05-23	28976	898	1969.0	6986.0	19116.0	7.0	0.0	44713.3	1214.6	2587.9	9467.6	31421.9	21.1	0.3
2022-05-24	63267	2372	4294.0	13899.0	42677.0	25.0	0.0	43800.4	1228.4	2608.9	9358.4	30582.6	22.0	0.1
2022-05-25	61160	1864	3402.0	12627.0	43204.0	61.0	2.0	42741.6	1301.3	2642.1	9239.7	29532.3	25.9	0.3
2022-05-26	2496	181	228.0	571.0	1514.0	2.0	0.0	32381.3	1083.1	2134.6	7235.7	21904.0	23.6	0.3
2022-05-27	20956	952	1857.0	5830.0	12273.0	44.0	0.0	27459.6	1020.1	1952.6	6394.1	18068.7	23.7	0.3
2022-05-28	7791	648	1011.0	2614.0	3502.0	16.0	0.0	26890.6	1012.4	1879.3	6219.6	17756.4	22.6	0.3
2022-05-29	2623	230	344.0	750.0	1297.0	2.0	0.0	26752.7	1020.7	1872.1	6182.4	17654.7	22.4	0.3
2022-05-30	25083	885	1805.0	6424.0	15955.0	13.0	1.0	26196.6	1018.9	1848.7	6102.1	17203.1	23.3	0.4
2022-05-31	48862	1521	3002.0	10869.0	33435.0	35.0	0.0	24138.7	897.3	1664.1	5669.3	15882.9	24.7	0.4
2022-06-01	49884	1310	2618.0	10339.0	35583.0	34.0	0.0	22527.9	818.1	1552.1	5342.4	14794.1	20.9	0.1
2022-06-02	56944	1472	3319.0	11976.0	40144.0	32.0	1.0	30306.1	1002.6	1993.7	6971.7	20312.7	25.1	0.3
2022-06-03	43001	1535	2781.0	10559.0	28070.0	55.0	1.0	33455.4	1085.9	2125.7	7647.3	22569.4	26.7	0.4
2022-06-04	7782	514	822.0	2395.0	4034.0	17.0	0.0	33454.1	1066.7	2098.7	7616.0	22645.4	26.9	0.4
2022-06-05	1619	57	142.0	539.0	878.0	3.0	0.0	33310.7	1042.0	2069.9	7585.9	22585.6	27.0	0.4
2022-06-06	1815	60	142.0	359.0	1249.0	4.0	1.0	29986.7	924.1	1832.3	6719.4	20484.7	25.7	0.4
2022-06-07	33599	1161	2270.0	8437.0	21700.0	31.0	0.0	27806.3	872.7	1727.7	6372.0	18808.3	25.1	0.4
2022-06-08	42659	1231	2256.0	9308.0	29824.0	40.0	0.0	26774.1	861.4	1676.0	6224.7	17985.6	26.0	0.4
2022-06-09	52058	1536	2978.0	11457.0	36047.0	40.0	0.0	26076.1	870.6	1627.3	6150.6	17400.3	27.1	0.3
2022-06-10	37935	1326	2556.0	8776.0	25243.0	34.0	0.0	25352.4	840.7	1595.1	5895.9	16996.4	24.1	0.1
2022-06-11	9681	749	1003.0	2611.0	5290.0	27.0	1.0	25623.7	874.3	1621.0	5926.7	17175.9	25.6	0.3
2022-06-12	2377	208	319.0	683.0	1164.0	3.0	0.0	25732.0	895.9	1646.3	5947.3	17216.7	25.6	0.3
2022-06-13	23256	852	1598.0	5496.0	15288.0	22.0	0.0	28795.0	1009.0	1854.3	6681.1	19222.3	28.1	0.1
2022-06-14	45915	1344	2521.0	9718.0	32314.0	17.0	1.0	30554.4	1035.1	1890.1	6864.1	20738.6	26.1	0.3
2022-06-15	48273	1907	2563.0	9366.0	34366.0	71.0	0.0	31356.4	1131.7	1934.0	6872.4	21387.4	30.6	0.3
2022-06-16	27210	997	1864.0	5856.0	18465.0	28.0	0.0	27806.7	1054.7	1774.9	6072.3	18875.7	28.9	0.3
2022-06-17	33741	1108	1966.0	7546.0	23067.0	54.0	0.0	27207.6	1023.6	1690.6	5896.6	18564.9	31.7	0.3
2022-06-18	9851	599	793.0	2163.0	6266.0	30.0	0.0	27231.9	1002.1	1660.6	5832.6	18704.3	32.1	0.1
2022-06-19	4449	342	448.0	1091.0	2567.0	1.0	0.0	27527.9	1021.3	1679.0	5890.9	18904.7	31.9	0.1
2022-06-20	25749	930	1374.0	4943.0	18470.0	32.0	0.0	27884.0	1032.4	1647.0	5811.9	19359.3	33.3	0.1
2022-06-21	49874	1328	2418.0	9155.0	36930.0	43.0	0.0	28449.6	1030.1	1632.3	5731.4	20018.7	37.0	0.0
2022-06-22	55004	1311	2253.0	9260.0	42088.0	92.0	0.0	29411.1	945.0	1588.0	5716.3	21121.9	40.0	0.0
2022-06-23	64519	1515	2564.0	10546.0	49820.0	73.0	1.0	34741.0	1019.0	1688.0	6386.3	25601.1	46.4	0.1
2022-06-24	48742	1731	2665.0	8983.0	35298.0	65.0	0.0	36884.0	1108.0	1787.9	6591.6	27348.4	48.0	0.1
2022-06-25	12272	719	979.0	3010.0	7521.0	43.0	0.0	37229.9	1125.1	1814.4	6712.6	27527.7	49.9	0.1
2022-06-26	3279	254	369.0	796.0	1848.0	12.0	0.0	37062.7	1112.6	1803.1	6670.4	27425.0	51.4	0.1
2022-06-27	24571	822	1253.0	5043.0	17432.0	21.0	0.0	36894.4	1097.1	1785.9	6684.7	27276.7	49.9	0.1
2022-06-28	55852	2419	2992.0	10607.0	39778.0	54.0	2.0	37748.4	1253.0	1867.9	6892.1	27683.6	51.4	0.4
2022-06-29	54614	1431	2202.0	9932.0	40985.0	64.0	0.0	37692.7	1270.1	1860.6	6988.1	27526.0	47.4	0.4
2022-06-30	61444	1606	2882.0	12368.0	44521.0	67.0	0.0	37253.4	1283.1	1906.0	7248.4	26769.0	46.6	0.3
2022-07-01	35816	1329	1939.0	7004.0	25474.0	70.0	0.0	35406.9	1225.7	1802.3	6965.7	25365.6	47.3	0.3
2022-07-02	10493	515	896.0	3086.0	5962.0	34.0	0.0	35152.7	1196.6	1790.4	6976.6	25142.9	46.0	0.3
2022-07-03	2711	104	205.0	699.0	1699.0	4.0	0.0	35071.6	1175.1	1767.0	6962.7	25121.6	44.9	0.3
2022-07-04	21106	621	981.0	4781.0	14702.0	21.0	0.0	34576.6	1146.4	1728.1	6925.3	24731.6	44.9	0.3
2022-07-05	47734	1161	1793.0	7949.0	36793.0	37.0	1.0	33416.9	966.7	1556.9	6545.6	24305.1	42.4	0.1
2022-07-06	52635	1300	2031.0	8721.0	40500.0	82.0	1.0	33134.1	948.0	1532.4	6372.6	24235.9	45.0	0.3
2022-07-07	60521	1555	2950.0	10608.0	45345.0	62.0	1.0	33002.3	940.7	1542.1	6121.1	24353.6	44.3	0.4
2022-07-08	42611	1339	1964.0	7777.0	31464.0	66.0	1.0	33973.0	942.1	1545.7	6231.6	25209.3	43.7	0.6
2022-07-09	11614	604	780.0	2627.0	7556.0	47.0	0.0	34133.1	954.9	1529.1	6166.0	25437.0	45.6	0.6
2022-07-10	2799	83	158.0	603.0	1948.0	7.0	0.0	34145.7	951.9	1522.4	6152.3	25472.6	46.0	0.6
2022-07-11	25231	982	1602.0	5407.0	17215.0	25.0	0.0	34735.0	1003.4	1611.1	6241.7	25831.6	46.6	0.6
2022-07-12	57508	1475	2234.0	8192.0	45516.0	90.0	1.0	36131.3	1048.3	1674.1	6276.4	27077.7	54.1	0.6
2022-07-13	60065	1184	1960.0	8887.0	47931.0	102.0	1.0	37192.7	1031.7	1664.0	6300.1	28139.3	57.0	0.6
2022-07-14	65814	1166	1906.0	9235.0	53437.0	70.0	0.0	37948.9	976.1	1514.9	6104.0	29295.3	58.1	0.4
2022-07-15	54893	1402	2152.0	7715.0	43499.0	125.0	0.0	39703.4	985.1	1541.7	6095.1	31014.6	66.6	0.3
2022-07-16	16475	672	799.0	2976.0	11926.0	102.0	0.0	40397.9	994.9	1544.4	6145.0	31638.9	74.4	0.3
2022-07-17	3908	158	216.0	779.0	2753.0	2.0	0.0	40556.3	1005.6	1552.7	6170.1	31753.9	73.7	0.3
2022-07-18	26269	679	937.0	4550.0	20038.0	65.0	0.0	40704.6	962.3	1457.7	6047.7	32157.1	79.4	0.3
2022-07-19	52269	1021	1593.0	6703.0	42905.0	46.0	1.0	39956.1	897.4	1366.1	5835.0	31784.1	73.1	0.3
2022-07-20	50915	976	1501.0	6566.0	41774.0	98.0	0.0	38649.0	867.7	1300.6	5503.4	30904.6	72.6	0.1
2022-07-21	64066	1255	1787.0	8302.0	52650.0	72.0	0.0	38399.3	880.4	1283.6	5370.1	30792.1	72.9	0.1
2022-07-22	49139	2048	2164.0	6554.0	38296.0	77.0	0.0	37577.3	972.7	1285.3	5204.3	30048.9	66.0	0.1
2022-07-23	11138	552	682.0	2116.0	7700.0	88.0	0.0	36814.9	955.6	1268.6	5081.4	29445.1	64.0	0.1
2022-07-24	4257	372	515.0	1183.0	2177.0	10.0	0.0	36864.7	986.1	1311.3	5139.1	29362.9	65.1	0.1
2022-07-25	22305	576	895.0	3770.0	17027.0	37.0	0.0	36298.4	971.4	1305.3	5027.7	28932.7	61.1	0.1
2022-07-26	51439	1129	1683.0	6855.0	41713.0	58.0	1.0	36179.9	986.9	1318.1	5049.4	28762.4	62.9	0.1
2022-07-27	53107	1059	1557.0	6899.0	43504.0	88.0	0.0	36493.0	998.7	1326.1	5097.0	29009.6	61.4	0.1
2022-07-28	55347	973	1565.0	7215.0	45526.0	68.0	0.0	35247.4	958.4	1294.4	4941.7	27991.9	60.9	0.1
2022-07-29	41949	1330	1477.0	6291.0	32739.0	112.0	0.0	34220.3	855.9	1196.3	4904.1	27198.0	65.9	0.1
2022-07-30	9625	476	708.0	1819.0	6550.0	71.0	1.0	34004.1	845.0	1200.0	4861.7	27033.7	63.4	0.3
2022-07-31	2838	124	146.0	576.0	1990.0	2.0	0.0	33801.4	809.6	1147.3	4775.0	27007.0	62.3	0.3
2022-08-01	19544	817	992.0	3531.0	14172.0	32.0	0.0	33407.0	844.0	1161.1	4740.9	26599.1	61.6	0.3
2022-08-02	38336	781	1184.0	5462.0	30866.0	42.0	1.0	31535.1	794.3	1089.9	4541.9	25049.6	59.3	0.3
2022-08-03	41756	909	1479.0	5902.0	33402.0	64.0	0.0	29913.6	772.9	1078.7	4399.4	23606.4	55.9	0.3
2022-08-04	42742	882	1294.0	5986.0	34501.0	79.0	0.0	28112.9	759.9	1040.0	4223.9	22031.4	57.4	0.3
2022-08-05	32744	948	1294.0	5076.0	25327.0	98.0	1.0	26797.9	705.3	1013.9	4050.3	20972.6	55.4	0.4
2022-08-06	9283	458	643.0	1850.0	6262.0	69.0	1.0	26749.0	702.7	1004.6	4054.7	20931.4	55.1	0.4
2022-08-07	2106	102	136.0	613.0	1243.0	12.0	0.0	26644.4	699.6	1003.1	4060.0	20824.7	56.6	0.4
2022-08-08	17287	534	714.0	3015.0	12988.0	36.0	0.0	26322.0	659.1	963.4	3986.3	20655.6	57.1	0.4
2022-08-09	38140	813	1290.0	5570.0	30394.0	72.0	1.0	26294.0	663.7	978.6	4001.7	20588.1	61.4	0.4
2022-08-10	39403	867	1423.0	5412.0	31636.0	65.0	0.0	25957.9	657.7	970.6	3931.7	20335.9	61.6	0.4
2022-08-11	40806	883	1421.0	6105.0	32314.0	83.0	0.0	25681.3	657.9	988.7	3948.7	20023.4	62.1	0.4
2022-08-12	28888	881	1221.0	5091.0	21623.0	72.0	0.0	25130.4	648.3	978.3	3950.9	19494.3	58.4	0.3
2022-08-13	6000	370	497.0	1528.0	3546.0	56.0	3.0	24661.4	635.7	957.4	3904.9	19106.3	56.6	0.6
2022-08-14	1968	115	145.0	387.0	1317.0	4.0	0.0	24641.7	637.6	958.7	3872.6	19116.9	55.4	0.6
2022-08-15	13625	490	689.0	2313.0	10112.0	21.0	0.0	24118.6	631.3	955.1	3772.3	18706.0	53.3	0.6
2022-08-16	32627	822	1294.0	5246.0	25205.0	58.0	2.0	23331.0	632.6	955.7	3726.0	17964.7	51.3	0.7
2022-08-17	35461	1090	1485.0	5756.0	27076.0	54.0	0.0	22767.9	664.4	964.6	3775.1	17313.3	49.7	0.7
2022-08-18	42463	3865	3627.0	6067.0	28828.0	76.0	0.0	23004.6	1090.4	1279.7	3769.7	16815.3	48.7	0.7
2022-08-19	29447	960	1415.0	5065.0	21927.0	79.0	1.0	23084.4	1101.7	1307.4	3766.0	16858.7	49.7	0.9
2022-08-20	7144	301	506.0	1523.0	4766.0	48.0	0.0	23247.9	1091.9	1308.7	3765.3	17033.0	48.6	0.4
2022-08-21	2319	97	162.0	348.0	1697.0	15.0	0.0	23298.0	1089.3	1311.1	3759.7	17087.3	50.1	0.4
2022-08-22	16958	572	789.0	3091.0	12482.0	24.0	0.0	23774.1	1101.0	1325.4	3870.9	17425.9	50.6	0.4
2022-08-23	34952	849	1248.0	5260.0	27537.0	58.0	0.0	24106.3	1104.9	1318.9	3872.9	17759.0	50.6	0.1
2022-08-24	38367	924	1317.0	5649.0	30392.0	83.0	2.0	24521.4	1081.1	1294.9	3857.6	18232.7	54.7	0.4
2022-08-25	38151	763	1242.0	5605.0	30463.0	74.0	4.0	23905.4	638.0	954.1	3791.6	18466.3	54.4	1.0
2022-08-26	29206	816	1339.0	4982.0	21988.0	79.0	2.0	23871.0	617.4	943.3	3779.7	18475.0	54.4	1.1
2022-08-27	6987	347	474.0	1575.0	4517.0	72.0	2.0	23848.6	624.0	938.7	3787.1	18439.4	57.9	1.4
2022-08-28	1820	101	106.0	394.0	1217.0	2.0	0.0	23777.3	624.6	930.7	3793.7	18370.9	56.0	1.4
2022-08-29	16870	557	769.0	2950.0	12563.0	31.0	0.0	23764.7	622.4	927.9	3773.6	18382.4	57.0	1.4
2022-08-30	33334	779	1224.0	5002.0	26284.0	43.0	2.0	23533.6	612.4	924.4	3736.7	18203.4	54.9	1.7
2022-08-31	36403	947	1345.0	5756.0	28244.0	98.0	13.0	23253.0	615.7	928.4	3752.0	17896.6	57.0	3.3
2022-09-01	32218	786	1093.0	4942.0	25348.0	49.0	0.0	22405.4	619.0	907.1	3657.3	17165.9	53.4	2.7
2022-09-02	27511	969	1226.0	5078.0	20176.0	60.0	2.0	22163.3	640.9	891.0	3671.0	16907.0	50.7	2.7
2022-09-03	6049	370	568.0	1436.0	3609.0	66.0	0.0	22029.3	644.1	904.4	3651.1	16777.3	49.9	2.4
2022-09-04	1796	82	102.0	337.0	1269.0	6.0	0.0	22025.9	641.4	903.9	3643.0	16784.7	50.4	2.4
2022-09-05	13996	619	700.0	3039.0	9617.0	21.0	0.0	21615.3	650.3	894.0	3655.7	16363.9	49.0	2.4
2022-09-06	28085	857	1201.0	5000.0	20991.0	35.0	1.0	20865.4	661.4	890.7	3655.4	15607.7	47.9	2.3
2022-09-07	29401	783	1151.0	4914.0	22477.0	75.0	1.0	19865.1	638.0	863.0	3535.1	14783.9	44.6	0.6
2022-09-08	29809	852	1198.0	5497.0	22157.0	99.0	6.0	19521.0	647.4	878.0	3614.4	14328.0	51.7	1.4
2022-09-09	21768	882	1120.0	4422.0	15205.0	125.0	14.0	18700.6	635.0	862.9	3520.7	13617.9	61.0	3.1
2022-09-10	6892	375	513.0	1663.0	4228.0	94.0	19.0	18821.0	635.7	855.0	3553.1	13706.3	65.0	5.9
2022-09-11	1778	105	159.0	414.0	1092.0	8.0	0.0	18818.4	639.0	863.1	3564.1	13681.0	65.3	5.9
2022-09-12	15222	539	690.0	2651.0	11090.0	240.0	12.0	18993.6	627.6	861.7	3508.7	13891.4	96.6	7.6
2022-09-13	44606	846	1239.0	6980.0	35122.0	391.0	28.0	21353.7	626.0	867.1	3791.6	15910.1	147.4	11.4
2022-09-14	51655	891	1263.0	6202.0	42678.0	577.0	44.0	24532.9	641.4	883.1	3975.6	18796.0	219.1	17.6
2022-09-15	55486	875	1334.0	7010.0	45811.0	432.0	24.0	28201.0	644.7	902.6	4191.7	22175.1	266.7	20.1
2022-09-16	44693	799	1179.0	5911.0	36222.0	560.0	22.0	31476.0	632.9	911.0	4404.4	25177.6	328.9	21.3
2022-09-17	12556	312	472.0	2340.0	9117.0	294.0	21.0	32285.1	623.9	905.1	4501.1	25876.0	357.4	21.6
2022-09-18	3396	96	165.0	706.0	2367.0	61.0	1.0	32516.3	622.6	906.0	4542.9	26058.1	365.0	21.7
2022-09-19	23681	591	683.0	3261.0	18866.0	271.0	9.0	33724.7	630.0	905.0	4630.0	27169.0	369.4	21.3
2022-09-20	53266	689	1130.0	6102.0	44856.0	476.0	13.0	34961.9	607.6	889.4	4504.6	28559.6	381.6	19.1
2022-09-21	59151	836	1054.0	7215.0	49460.0	553.0	33.0	36032.7	599.7	859.6	4649.3	29528.4	378.1	17.6
2022-09-22	65507	843	1303.0	7652.0	55113.0	565.0	31.0	37464.3	595.1	855.1	4741.0	30857.3	397.1	18.6
2022-09-23	51109	711	1131.0	6273.0	42277.0	698.0	19.0	38380.9	582.6	848.3	4792.7	31722.3	416.9	18.1
2022-09-24	14122	364	590.0	2270.0	10352.0	524.0	22.0	38604.6	590.0	865.1	4782.7	31898.7	449.7	18.3
2022-09-25	5164	152	183.0	739.0	3972.0	92.0	26.0	38857.1	598.0	867.7	4787.4	32128.0	454.1	21.9
2022-09-26	32064	698	730.0	4186.0	25724.0	510.0	216.0	40054.7	613.3	874.4	4919.6	33107.7	488.3	51.4
2022-09-27	77036	859	1209.0	8050.0	65109.0	1243.0	566.0	43450.4	637.6	885.7	5197.9	36001.0	597.9	130.4
2022-09-28	87169	1133	1629.0	8635.0	72525.0	2181.0	1066.0	47453.0	680.0	967.9	5400.7	39296.0	830.4	278.0
2022-09-29	101460	987	1843.0	9929.0	85273.0	2028.0	1400.0	52589.1	700.6	1045.0	5726.0	43604.6	1039.4	473.6
2022-09-30	86729	936	1555.0	10629.0	69670.0	2666.0	1273.0	57677.7	732.7	1105.6	6348.3	47517.9	1320.6	652.7
2022-10-01	27642	367	622.0	3128.0	21079.0	1571.0	875.0	59609.1	733.1	1110.1	6470.9	49050.3	1470.1	774.6
2022-10-02	6693	173	370.0	887.0	4782.0	412.0	69.0	59827.6	736.1	1136.9	6492.0	49166.0	1515.9	780.7
2022-10-03	9166	282	373.0	1263.0	6855.0	379.0	14.0	56556.4	676.7	1085.9	6074.4	46470.4	1497.1	751.9
2022-10-04	70627	834	1172.0	6360.0	53797.0	7231.0	1233.0	55640.9	673.1	1080.6	5833.0	44854.4	2352.6	847.1
2022-10-05	102140	1127	1260.0	7460.0	78712.0	11663.0	1918.0	57779.6	672.3	1027.9	5665.1	45738.3	3707.1	968.9
2022-10-06	120913	1218	1302.0	8901.0	93666.0	13972.0	1854.0	60558.6	705.3	950.6	5518.3	46937.3	5413.4	1033.7
2022-10-07	106279	1313	1410.0	8529.0	81689.0	11385.0	1953.0	63351.4	759.1	929.9	5218.3	48654.3	6659.0	1130.9
2022-10-08	31498	426	531.0	2779.0	23817.0	3370.0	575.0	63902.3	767.6	916.9	5168.4	49045.4	6916.0	1088.0
2022-10-09	8868	263	256.0	1062.0	6201.0	901.0	185.0	64213.0	780.4	900.6	5193.4	49248.1	6985.9	1104.6
2022-10-10	59123	656	797.0	5071.0	44286.0	7539.0	774.0	71349.7	833.9	961.1	5737.4	54595.4	8008.7	1213.1
2022-10-11	115180	951	1011.0	7321.0	89904.0	13674.0	2319.0	77714.4	850.6	938.1	5874.7	59753.6	8929.1	1368.3
2022-10-12	124896	1137	1109.0	7310.0	97473.0	15549.0	2318.0	80965.3	852.0	916.6	5853.3	62433.7	9484.3	1425.4
2022-10-13	145645	1152	1251.0	9213.0	113413.0	17980.0	2636.0	84498.4	842.6	909.3	5897.9	65254.7	10056.9	1537.1
2022-10-14	127113	1700	1089.0	8455.0	96980.0	16499.0	2390.0	87474.7	897.9	863.4	5887.3	67439.1	10787.4	1599.6
2022-10-15	41199	493	565.0	3060.0	31830.0	4410.0	841.0	88860.6	907.4	868.3	5927.4	68583.9	10936.0	1637.6
2022-10-16	11532	167	197.0	1043.0	8621.0	1336.0	168.0	89241.1	893.7	859.9	5924.7	68929.6	10998.1	1635.1
2022-10-17	70555	586	641.0	5022.0	53701.0	9467.0	1138.0	90874.3	883.7	837.6	5917.7	70274.6	11273.6	1687.1
2022-10-18	133744	857	1022.0	7537.0	102014.0	18982.0	3332.0	93526.3	870.3	839.1	5948.6	72004.6	12031.9	1831.9
2022-10-19	145178	1191	1193.0	8517.0	111863.0	19718.0	2696.0	96423.7	878.0	851.1	6121.0	74060.3	12627.4	1885.9
2022-10-20	145929	1035	1040.0	8404.0	115454.0	19259.0	737.0	96464.3	861.3	821.0	6005.4	74351.9	12810.1	1614.6
2022-10-21	135266	1271	1071.0	8613.0	103199.0	18773.0	2339.0	97629.0	800.0	818.4	6028.0	75240.3	13135.0	1607.3
2022-10-22	39380	373	374.0	2619.0	30215.0	5308.0	491.0	97369.1	782.9	791.1	5965.0	75009.6	13263.3	1557.3
2022-10-23	9490	57	87.0	592.0	7128.0	1396.0	230.0	97077.4	767.1	775.4	5900.6	74796.3	13271.9	1566.1
2022-10-24	88296	850	584.0	5778.0	63851.0	13167.0	4066.0	99611.9	804.9	767.3	6008.6	76246.3	13800.4	1984.4
2022-10-25	132349	844	928.0	7608.0	99556.0	20600.0	2813.0	99412.6	803.0	753.9	6018.7	75895.1	14031.6	1910.3
2022-10-26	114279	976	817.0	6319.0	89879.0	15828.0	460.0	94998.4	772.3	700.1	5704.7	72754.6	13475.9	1590.9
2022-10-27	160802	948	1155.0	8568.0	121454.0	25219.0	3458.0	97123.1	759.9	716.6	5728.1	73611.7	14327.3	1979.6
2022-10-28	121028	1426	983.0	6993.0	90774.0	18857.0	1995.0	95089.1	782.0	704.0	5496.7	71836.7	14339.3	1930.4
2022-10-29	30025	372	346.0	2291.0	21997.0	4217.0	802.0	93752.7	781.9	700.0	5449.9	70662.7	14183.4	1974.9
2022-10-30	7058	38	70.0	618.0	4980.0	1081.0	271.0	93405.3	779.1	697.6	5453.6	70355.9	14138.4	1980.7
2022-10-31	37114	347	361.0	2542.0	26815.0	6069.0	980.0	86093.6	707.3	665.7	4991.3	65065.0	13124.4	1539.9
2022-11-01	53375	481	516.0	4085.0	39193.0	8725.0	375.0	74811.6	655.4	606.9	4488.0	56441.7	11428.0	1191.6
2022-11-02	110454	837	902.0	5768.0	82199.0	18894.0	1854.0	74265.1	635.6	619.0	4409.3	55344.6	11866.0	1390.7
2022-11-03	144701	1120	1219.0	8235.0	106681.0	24889.0	2557.0	71965.0	660.1	628.1	4361.7	53234.1	11818.9	1262.0
2022-11-04	108557	905	939.0	5986.0	80286.0	18504.0	1937.0	70183.4	585.7	621.9	4217.9	51735.9	11768.4	1253.7
2022-11-05	25397	328	406.0	1945.0	18263.0	3978.0	477.0	69522.3	579.4	630.4	4168.4	51202.4	11734.3	1207.3
2022-11-06	7586	111	111.0	595.0	5786.0	950.0	33.0	69597.7	589.9	636.3	4165.1	51317.6	11715.6	1173.3
2022-11-07	58940	509	463.0	3493.0	43517.0	10011.0	947.0	72715.7	613.0	650.9	4301.0	53703.6	12278.7	1168.6
2022-11-08	135039	1282	995.0	6969.0	98824.0	24524.0	2445.0	84382.0	727.4	719.3	4713.0	62222.3	14535.7	1464.3
2022-11-09	133025	969	801.0	6912.0	97937.0	24326.0	2080.0	87606.4	746.3	704.9	4876.4	64470.6	15311.7	1496.6
2022-11-10	144119	1208	950.0	7094.0	106424.0	25804.0	2639.0	87523.3	758.9	666.4	4713.4	64433.9	15442.4	1508.3
2022-11-11	111478	781	881.0	5778.0	82155.0	20173.0	1710.0	87940.6	741.1	658.1	4683.7	64700.9	15680.9	1475.9
2022-11-12	24095	242	274.0	1567.0	17665.0	4140.0	207.0	87754.6	728.9	639.3	4629.7	64615.4	15704.0	1437.3
2022-11-13	7686	75	90.0	480.0	5634.0	1353.0	54.0	87768.9	723.7	636.3	4613.3	64593.7	15761.6	1440.3
2022-11-14	56411	534	464.0	3190.0	41142.0	10328.0	753.0	87407.6	727.3	636.4	4570.0	64254.4	15806.9	1412.6
2022-11-15	109703	775	701.0	5544.0	79312.0	21511.0	1860.0	83788.1	654.9	594.4	4366.4	61467.0	15376.4	1329.0
2022-11-16	111624	899	694.0	5219.0	81564.0	21582.0	1666.0	80730.9	644.9	579.1	4124.6	59128.0	14984.4	1269.9
2022-11-17	127337	681	699.0	5958.0	93713.0	24288.0	1998.0	78333.4	569.6	543.3	3962.3	57312.1	14767.9	1178.3
2022-11-18	94054	778	770.0	5170.0	68000.0	18077.0	1259.0	75844.3	569.1	527.4	3875.4	55290.0	14468.4	1113.9
2022-11-19	22463	431	265.0	1560.0	16062.0	3824.0	321.0	75611.1	596.1	526.1	3874.4	55061.0	14423.3	1130.1
2022-11-20	6387	48	66.0	364.0	4255.0	1365.0	289.0	75425.6	592.3	522.7	3857.9	54864.0	14425.0	1163.7
2022-11-21	48633	413	497.0	3249.0	34729.0	9130.0	615.0	74314.4	575.0	527.4	3866.3	53947.9	14253.9	1144.0
2022-11-22	94562	620	637.0	4581.0	68280.0	18843.0	1601.0	72151.4	552.9	518.3	3728.7	52371.9	13872.7	1107.0
2022-11-23	97069	741	627.0	4700.0	69728.0	20240.0	1033.0	70072.1	530.3	508.7	3654.6	50681.0	13681.0	1016.6
2022-11-24	108805	731	702.0	5524.0	78223.0	22169.0	1456.0	67424.7	537.4	509.1	3592.6	48468.1	13378.3	939.1
2022-11-25	76392	578	647.0	4093.0	54079.0	15860.0	1135.0	64901.6	508.9	491.6	3438.7	46479.4	13061.6	921.4
2022-11-26	16321	342	250.0	1461.0	10819.0	3244.0	205.0	64024.1	496.1	489.4	3424.6	45730.4	12978.7	904.9
2022-11-27	5776	97	109.0	455.0	3936.0	1130.0	49.0	63936.9	503.1	495.6	3437.6	45684.9	12945.1	870.6
2022-11-28	36713	347	287.0	1931.0	26187.0	7454.0	507.0	62234.0	493.7	465.6	3249.3	44464.6	12705.7	855.1
2022-11-29	76813	534	529.0	3699.0	54438.0	16435.0	1178.0	59698.4	481.4	450.1	3123.3	42487.1	12361.7	794.7
2022-11-30	79639	589	691.0	4209.0	55631.0	17484.0	1035.0	57208.4	459.7	459.3	3053.1	40473.3	11968.0	795.0
2022-12-01	85865	632	597.0	4434.0	60476.0	18345.0	1381.0	53931.3	445.6	444.3	2897.4	37938.0	11421.7	784.3
2022-12-02	60787	665	564.0	3591.0	41997.0	13017.0	953.0	51702.0	458.0	432.4	2825.7	36212.0	11015.6	758.3
2022-12-03	13788	268	512.0	1085.0	9138.0	2436.0	349.0	51340.1	447.4	469.9	2772.0	35971.9	10900.1	778.9
2022-12-04	3449	20	39.0	224.0	2267.0	732.0	167.0	51007.7	436.4	459.9	2739.0	35733.4	10843.3	795.7
2022-12-05	32259	221	286.0	2002.0	22090.0	7167.0	493.0	50371.4	418.4	459.7	2749.1	35148.1	10802.3	793.7
2022-12-06	62865	408	358.0	3246.0	43637.0	14419.0	797.0	48378.9	400.4	435.3	2684.4	33605.1	10514.3	739.3
2022-12-07	71708	453	589.0	3423.0	49648.0	16529.0	1066.0	47245.9	381.0	420.7	2572.1	32750.4	10377.9	743.7
2022-12-08	73668	532	552.0	3807.0	51149.0	16586.0	1042.0	45503.4	366.7	414.3	2482.6	31418.0	10126.6	695.3
2022-12-09	52840	528	522.0	2764.0	36277.0	12045.0	704.0	44368.1	347.1	408.3	2364.4	30600.9	9987.7	659.7
2022-12-10	11520	153	233.0	1018.0	7774.0	2212.0	130.0	44044.1	330.7	368.4	2354.9	30406.0	9955.7	628.4
2022-12-11	4666	93	160.0	584.0	2859.0	826.0	144.0	44218.0	341.1	385.7	2406.3	30490.6	9969.1	625.1
2022-12-12	27043	343	312.0	1603.0	17873.0	6501.0	411.0	43472.9	358.6	389.4	2349.3	29888.1	9874.0	613.4
2022-12-13	55116	396	457.0	2689.0	37530.0	13176.0	868.0	42365.9	356.9	403.6	2269.7	29015.7	9696.4	623.6
2022-12-14	57834	496	621.0	2839.0	39653.0	13362.0	863.0	40383.9	363.0	408.1	2186.3	27587.9	9244.0	594.6
2022-12-15	63790	554	471.0	3268.0	43190.0	15442.0	865.0	38972.7	366.1	396.6	2109.3	26450.9	9080.6	569.3
2022-12-16	45917	332	440.0	2633.0	31447.0	10490.0	575.0	37983.7	338.1	384.9	2090.6	25760.9	8858.4	550.9
2022-12-17	9890	150	169.0	834.0	6597.0	2019.0	121.0	37750.9	337.7	375.7	2064.3	25592.7	8830.9	549.6
2022-12-18	2798	27	36.0	274.0	1846.0	543.0	72.0	37484.0	328.3	358.0	2020.0	25448.0	8790.4	539.3
2022-12-19	22672	288	332.0	1530.0	15209.0	4991.0	322.0	36859.6	320.4	360.9	2009.6	25067.4	8574.7	526.6
2022-12-20	35239	260	372.0	2055.0	23252.0	8512.0	788.0	34020.0	301.0	348.7	1919.0	23027.7	7908.4	515.1
2022-12-21	34754	459	545.0	2549.0	22496.0	8018.0	687.0	30722.9	295.7	337.9	1877.6	20576.7	7145.0	490.0
2022-12-22	30518	404	501.0	2219.0	19328.0	6458.0	1608.0	25969.7	274.3	342.1	1727.7	17167.9	5861.6	596.1
2022-12-23	18398	182	258.0	1270.0	12540.0	3729.0	419.0	22038.4	252.9	316.1	1533.0	14466.9	4895.7	573.9
2022-12-24	1285	44	76.0	198.0	651.0	218.0	98.0	20809.1	237.7	302.9	1442.1	13617.4	4638.4	570.6
2022-12-25	1477	2	2.0	90.0	980.0	398.0	5.0	20620.4	234.1	298.0	1415.9	13493.7	4617.7	561.0
2022-12-26	1016	25	27.0	105.0	716.0	131.0	12.0	17526.7	196.6	254.4	1212.3	11423.3	3923.4	516.7
2022-12-27	11625	209	318.0	1081.0	7648.0	2063.0	306.0	14153.3	189.3	246.7	1073.1	9194.1	3002.1	447.9
2022-12-28	13387	237	351.0	1327.0	8927.0	2399.0	146.0	11100.9	157.6	219.0	898.6	7255.7	2199.4	370.6
2022-12-29	13813	294	282.0	1769.0	8608.0	2691.0	169.0	8714.4	141.9	187.7	834.3	5724.3	1661.3	165.0
2022-12-30	15989	264	402.0	2091.0	9601.0	2740.0	891.0	8370.3	153.6	208.3	951.6	5304.4	1520.0	232.4
2022-12-31	6277	53	69.0	687.0	3704.0	1421.0	343.0	9083.4	154.9	207.3	1021.4	5740.6	1691.9	267.4
2023-01-01	366	5	3.0	41.0	211.0	64.0	42.0	8924.7	155.3	207.4	1014.4	5630.7	1644.1	272.7
2023-01-02	4149	103	154.0	604.0	2318.0	858.0	112.0	9372.3	166.4	225.6	1085.7	5859.6	1748.0	287.0
2023-01-03	9393	91	109.0	585.0	6000.0	2414.0	194.0	9053.4	149.6	195.7	1014.9	5624.1	1798.1	271.0
2023-01-04	13763	160	243.0	848.0	8619.0	3404.0	489.0	9107.1	138.6	180.3	946.4	5580.1	1941.7	320.0
2023-01-05	18643	262	274.0	1128.0	11870.0	4813.0	296.0	9797.1	134.0	179.1	854.9	6046.1	2244.9	338.1
2023-01-06	13043	109	167.0	869.0	8053.0	3153.0	692.0	9376.3	111.9	145.6	680.3	5825.0	2303.9	309.7
2023-01-07	3990	181	144.0	369.0	2438.0	791.0	67.0	9049.6	130.1	156.3	634.9	5644.1	2213.9	270.3
2023-01-08	2007	12	12.0	220.0	1371.0	365.0	27.0	9284.0	131.1	157.6	660.4	5809.9	2256.9	268.1
2023-01-09	9478	128	143.0	830.0	5678.0	2512.0	187.0	10045.3	134.7	156.0	692.7	6289.9	2493.1	278.9
2023-01-10	24645	265	360.0	1468.0	15553.0	6608.0	391.0	12224.1	159.6	191.9	818.9	7654.6	3092.3	307.0
2023-01-11	26975	274	330.0	2532.0	16971.0	6468.0	400.0	14111.6	175.9	204.3	1059.4	8847.7	3530.0	294.3
2023-01-12	32910	395	446.0	1690.0	20237.0	9463.0	679.0	16149.7	194.9	228.9	1139.7	10043.0	4194.3	349.0
2023-01-13	24084	378	357.0	1675.0	15188.0	6138.0	348.0	17727.0	233.3	256.0	1254.9	11062.3	4620.7	299.9
2023-01-14	4019	80	79.0	489.0	2317.0	977.0	77.0	17731.1	218.9	246.7	1272.0	11045.0	4647.3	301.3
2023-01-15	1845	27	33.0	512.0	965.0	275.0	33.0	17708.0	221.0	249.7	1313.7	10987.0	4634.4	302.1
2023-01-16	9860	134	156.0	742.0	6033.0	2590.0	205.0	17762.6	221.9	251.6	1301.1	11037.7	4645.6	304.7
2023-01-17	21345	315	257.0	1191.0	13245.0	5849.0	488.0	17291.1	229.0	236.9	1261.6	10708.0	4537.1	318.6
2023-01-18	21522	712	325.0	1259.0	13005.0	5842.0	379.0	16512.1	291.6	236.1	1079.7	10141.4	4447.7	315.6
2023-01-19	24011	328	392.0	1424.0	14650.0	6766.0	451.0	15240.9	282.0	228.4	1041.7	9343.3	4062.4	283.0
2023-01-20	16790	361	283.0	1007.0	10089.0	4688.0	362.0	14198.9	279.6	217.9	946.3	8614.9	3855.3	285.0
2023-01-21	3008	57	62.0	329.0	1709.0	782.0	69.0	14054.4	276.3	215.4	923.4	8528.0	3827.4	283.9
2023-01-22	1073	22	14.0	139.0	649.0	227.0	22.0	13944.1	275.6	212.7	870.1	8482.9	3820.6	282.3
2023-01-23	8091	99	156.0	751.0	4693.0	2148.0	244.0	13691.4	270.6	212.7	871.4	8291.4	3757.4	287.9
2023-01-24	16646	423	239.0	981.0	10090.0	4605.0	308.0	13020.1	286.0	210.1	841.4	7840.7	3579.7	262.1
2023-01-25	17345	225	294.0	1265.0	9875.0	5239.0	447.0	12423.4	216.4	205.7	842.3	7393.6	3493.6	271.9
2023-01-26	18556	233	218.0	1196.0	11072.0	5531.0	306.0	11644.1	202.9	180.9	809.7	6882.4	3317.1	251.1
2023-01-27	12498	193	155.0	1076.0	7116.0	3548.0	410.0	11031.0	178.9	162.6	819.6	6457.7	3154.3	258.0
2023-01-28	2886	60	46.0	284.0	1536.0	784.0	176.0	11013.6	179.3	160.3	813.1	6433.0	3154.6	273.3
2023-01-29	680	8	12.0	47.0	468.0	137.0	8.0	10957.4	177.3	160.0	800.0	6407.1	3141.7	271.3
2023-01-30	7022	150	83.0	710.0	4253.0	1550.0	276.0	10804.7	184.6	149.6	794.1	6344.3	3056.3	275.9
2023-01-31	11728	242	123.0	799.0	6407.0	3679.0	478.0	10102.1	158.7	133.0	768.1	5818.1	2924.0	300.1
2023-02-01	11071	174	181.0	758.0	6337.0	3429.0	192.0	9205.9	151.4	116.9	695.7	5312.7	2665.4	263.7
2023-02-02	12989	215	192.0	826.0	7445.0	3916.0	395.0	8410.6	148.9	113.1	642.9	4794.6	2434.7	276.4
2023-02-03	8871	199	157.0	583.0	4986.0	2759.0	187.0	7892.4	149.7	113.4	572.4	4490.3	2322.0	244.6
2023-02-04	1862	61	36.0	202.0	1091.0	412.0	60.0	7746.1	149.9	112.0	560.7	4426.7	2268.9	228.0
2023-02-05	622	6	4.0	85.0	355.0	149.0	23.0	7737.9	149.6	110.9	566.1	4410.6	2270.6	230.1
2023-02-06	5452	58	103.0	385.0	3064.0	1332.0	510.0	7513.6	136.4	113.7	519.7	4240.7	2239.4	263.6
2023-02-07	9569	102	160.0	635.0	5324.0	3148.0	200.0	7205.1	116.4	119.0	496.3	4086.0	2163.6	223.9
2023-02-08	9499	144	121.0	621.0	5248.0	3155.0	210.0	6980.6	112.1	110.4	476.7	3930.4	2124.4	226.4
2023-02-09	10931	148	211.0	762.0	6086.0	3338.0	386.0	6686.6	102.6	113.1	467.6	3736.3	2041.9	225.1
2023-02-10	7302	91	148.0	519.0	4011.0	2333.0	200.0	6462.4	87.1	111.9	458.4	3597.0	1981.0	227.0
2023-02-11	1389	31	27.0	173.0	619.0	453.0	86.0	6394.9	82.9	110.6	454.3	3529.6	1986.9	230.7
2023-02-12	570	2	8.0	31.0	294.0	142.0	93.0	6387.4	82.3	111.1	446.6	3520.9	1985.9	240.7
2023-02-13	3736	95	82.0	301.0	1848.0	1214.0	196.0	6142.3	87.6	108.1	434.6	3347.1	1969.0	195.9
2023-02-14	7127	163	135.0	499.0	3953.0	2240.0	137.0	5793.4	96.3	104.6	415.1	3151.3	1839.3	186.9
2023-02-15	7052	79	134.0	489.0	3634.0	2451.0	265.0	5443.9	87.0	106.4	396.3	2920.7	1738.7	194.7
2023-02-16	7815	147	160.0	618.0	4240.0	2533.0	117.0	4998.7	86.9	99.1	375.7	2657.0	1623.7	156.3
2023-02-17	4783	52	89.0	392.0	2639.0	1516.0	95.0	4638.9	81.3	90.7	357.6	2461.0	1507.0	141.3
2023-02-18	1620	21	19.0	162.0	611.0	725.0	82.0	4671.9	79.9	89.6	356.0	2459.9	1545.9	140.7
2023-02-19	379	1	3.0	42.0	184.0	112.0	37.0	4644.6	79.7	88.9	357.6	2444.1	1541.6	132.7
2023-02-20	2654	121	185.0	419.0	1233.0	615.0	81.0	4490.0	83.4	103.6	374.4	2356.3	1456.0	116.3
2023-02-21	4626	67	94.0	323.0	2419.0	1600.0	123.0	4132.7	69.7	97.7	349.3	2137.1	1364.6	114.3
2023-02-22	4838	78	117.0	379.0	2475.0	1667.0	122.0	3816.4	69.6	95.3	333.6	1971.6	1252.6	93.9
2023-02-23	6560	67	192.0	475.0	3386.0	2297.0	143.0	3637.1	58.1	99.9	313.1	1849.6	1218.9	97.6
2023-02-24	4557	156	144.0	445.0	2156.0	1509.0	147.0	3604.9	73.0	107.7	320.7	1780.6	1217.9	105.0
2023-02-25	1138	23	30.0	154.0	512.0	317.0	102.0	3536.0	73.3	109.3	319.6	1766.4	1159.6	107.9
2023-02-26	636	15	4.0	61.0	326.0	191.0	39.0	3572.7	75.3	109.4	322.3	1786.7	1170.9	108.1
2023-02-27	3735	89	118.0	284.0	2055.0	1090.0	99.0	3727.1	70.7	99.9	303.0	1904.1	1238.7	110.7
2023-02-28	5958	144	200.0	491.0	3068.0	1869.0	186.0	3917.4	81.7	115.0	327.0	1996.9	1277.1	119.7
2023-03-01	4342	93	130.0	349.0	1967.0	1676.0	127.0	3846.6	83.9	116.9	322.7	1924.3	1278.4	120.4
2023-03-02	6073	140	176.0	420.0	3060.0	2136.0	141.0	3777.0	94.3	114.6	314.9	1877.7	1255.4	120.1
2023-03-03	3916	97	107.0	319.0	1934.0	1274.0	185.0	3685.4	85.9	109.3	296.9	1846.0	1221.9	125.6
2023-03-04	906	59	80.0	149.0	338.0	223.0	57.0	3652.3	91.0	116.4	296.1	1821.1	1208.4	119.1
2023-03-05	371	2	3.0	71.0	184.0	77.0	34.0	3614.4	89.1	116.3	297.6	1800.9	1192.1	118.4
2023-03-06	2259	98	116.0	226.0	966.0	714.0	139.0	3403.6	90.4	116.0	289.3	1645.3	1138.4	124.1
2023-03-07	4990	165	164.0	336.0	2362.0	1836.0	127.0	3265.3	93.4	110.9	267.1	1544.4	1133.7	115.7
2023-03-08	3856	60	76.0	284.0	1694.0	1607.0	135.0	3195.9	88.7	103.1	257.9	1505.4	1123.9	116.9
2023-03-09	4840	129	219.0	359.0	2238.0	1746.0	149.0	3019.7	87.1	109.3	249.1	1388.0	1068.1	118.0
2023-03-10	3315	92	94.0	291.0	1501.0	1217.0	120.0	2933.9	86.4	107.4	245.1	1326.1	1060.0	108.7
2023-03-11	820	62	54.0	129.0	301.0	227.0	47.0	2921.6	86.9	103.7	242.3	1320.9	1060.6	107.3
2023-03-12	599	5	1.0	66.0	327.0	165.0	35.0	2954.1	87.3	103.4	241.6	1341.3	1073.1	107.4
2023-03-13	2010	87	96.0	207.0	875.0	627.0	118.0	2918.6	85.7	100.6	238.9	1328.3	1060.7	104.4
2023-03-14	3745	149	113.0	298.0	1654.0	1352.0	179.0	2740.7	83.4	93.3	233.4	1227.1	991.6	111.9
2023-03-15	3930	102	221.0	355.0	1739.0	1312.0	201.0	2751.3	89.4	114.0	243.6	1233.6	949.4	121.3
2023-03-16	4341	156	146.0	357.0	1909.0	1665.0	108.0	2680.0	93.3	103.6	243.3	1186.6	937.9	115.4
2023-03-17	3047	125	96.0	307.0	1297.0	1023.0	199.0	2641.7	98.0	103.9	245.6	1157.4	910.1	126.7
2023-03-18	1177	18	29.0	172.0	397.0	390.0	171.0	2692.7	91.7	100.3	251.7	1171.1	933.4	144.4
2023-03-19	464	3	2.0	61.0	280.0	78.0	40.0	2673.4	91.4	100.4	251.0	1164.4	921.0	145.1
2023-03-20	1814	61	108.0	173.0	790.0	589.0	93.0	2645.4	87.7	102.1	246.1	1152.3	915.6	141.6
2023-03-21	3985	150	181.0	388.0	1920.0	1203.0	143.0	2679.7	87.9	111.9	259.0	1190.3	894.3	136.4
2023-03-22	3211	133	133.0	339.0	1368.0	1117.0	121.0	2577.0	92.3	99.3	256.7	1137.3	866.4	125.0
2023-03-23	3748	83	143.0	273.0	1704.0	1406.0	139.0	2492.3	81.9	98.9	244.7	1108.0	829.4	129.4
2023-03-24	3229	93	155.0	240.0	1468.0	1124.0	149.0	2518.3	77.3	107.3	235.1	1132.4	843.9	122.3
2023-03-25	1089	46	80.0	137.0	432.0	289.0	105.0	2505.7	81.3	114.6	230.1	1137.4	829.4	112.9
2023-03-26	678	53	66.0	159.0	207.0	102.0	91.0	2536.3	88.4	123.7	244.1	1127.0	832.9	120.1
2023-03-27	1946	88	109.0	226.0	883.0	553.0	87.0	2555.1	92.3	123.9	251.7	1140.3	827.7	119.3
2023-03-28	3458	132	160.0	308.0	1506.0	1185.0	167.0	2479.9	89.7	120.9	240.3	1081.1	825.1	122.7
2023-03-29	3585	32	46.0	322.0	1576.0	1383.0	226.0	2533.3	75.3	108.4	237.9	1110.9	863.1	137.7
2023-03-30	4885	298	390.0	587.0	1875.0	1475.0	260.0	2695.7	106.0	143.7	282.7	1135.3	873.0	155.0
2023-03-31	5737	364	433.0	775.0	2477.0	1385.0	303.0	3054.0	144.7	183.4	359.1	1279.4	910.3	177.0
2023-04-01	1039	27	62.0	134.0	375.0	322.0	119.0	3046.9	142.0	180.9	358.7	1271.3	915.0	179.0
2023-04-02	520	13	7.0	103.0	152.0	154.0	91.0	3024.3	136.3	172.4	350.7	1263.4	922.4	179.0
2023-04-03	1505	23	21.0	178.0	616.0	498.0	169.0	2961.3	127.0	159.9	343.9	1225.3	914.6	190.7
2023-04-04	2433	51	88.0	281.0	1015.0	844.0	154.0	2814.9	115.4	149.6	340.0	1155.1	865.9	188.9
2023-04-05	2482	60	113.0	215.0	945.0	969.0	180.0	2657.3	119.4	159.1	324.7	1065.0	806.7	182.3
2023-04-06	3412	88	171.0	278.0	1438.0	1127.0	310.0	2446.9	89.4	127.9	280.6	1002.6	757.0	189.4
2023-04-07	945	1	6.0	175.0	264.0	264.0	235.0	1762.3	37.6	66.9	194.9	686.4	596.9	179.7
